unidad,criterio,mes,indicador,medio,valor,nivel,anio_base,aprobado
EQUIPO021,buffer15,2023-03,C24,agente,6,equipo,,True
EQUIPO021,buffer15,2023-03,C35,agente,2,equipo,,True
EQUIPO021,buffer15,2023-03,D03,agente,1,equipo,,False
EQUIPO021,buffer15,2023-03,D04,agente,2,equipo,,True
EQUIPO021,buffer15,2023-03,D05,agente,12,equipo,,True
EQUIPO021,buffer15,2023-03,H03,agente,4,equipo,,False
EQUIPO021,buffer15,2023-04,C31,agente,1,equipo,,False
EQUIPO021,buffer15,2023-04,D05,agente,3,equipo,,True
EQUIPO021,buffer15,2023-05,C24,agente,7,equipo,,True
EQUIPO021,buffer15,2023-05,D02,agente,3,equipo,,True
EQUIPO021,buffer15,2023-05,D05,agente,6,equipo,,True
EQUIPO021,buffer15,2023-06,C02,agente,1,equipo,,True
EQUIPO021,buffer15,2023-09,C35,agente,1,equipo,1.0,True
EQUIPO021,buffer15,2024-03,B02,agente,1,equipo,1.0,False
EQUIPO021,buffer15,2024-03,C35,agente,1,equipo,1.0,True
EQUIPO021,buffer15,2024-04,C02,agente,1,equipo,1.0,True
EQUIPO021,buffer15,2024-05,C02,agente,2,equipo,1.0,True
EQUIPO021,buffer15,2024-07,C02,agente,1,equipo,1.0,True
EQUIPO021,buffer15,2024-07,C03,agente,1,equipo,1.0,True
EQUIPO021,buffer15,2024-07,C32,agente,1,equipo,1.0,True
EQUIPO021,buffer15,2024-09,C14,agente,1,equipo,2.0,False
EQUIPO021,buffer15,2024-09,D02,agente,2,equipo,2.0,True
EQUIPO021,buffer15,2024-09,D04,agente,3,equipo,2.0,True
EQUIPO021,buffer15,2024-11,D02,agente,1,equipo,2.0,True
EQUIPO021,buffer15,2024-11,D05,agente,16,equipo,2.0,True
EQUIPO021,buffer15,2024-12,C32,agente,1,equipo,2.0,True
EQUIPO021,buffer15,2025-01,C14,agente,2,equipo,2.0,False
EQUIPO021,buffer15,2025-01,D05,agente,2,equipo,2.0,True
EQUIPO021,buffer15,2025-03,C24,agente,1,equipo,2.0,True
EQUIPO021,buffer15,2025-04,A05,agente,2,equipo,2.0,False
EQUIPO021,buffer15,2025-04,C02,agente,1,equipo,2.0,True
EQUIPO021,buffer15,2025-04,C31,agente,6,equipo,2.0,False
EQUIPO021,buffer15,2025-04,C32,agente,1,equipo,2.0,True
EQUIPO021,buffer15,2025-04,D04,agente,7,equipo,2.0,True
EQUIPO021,buffer15,2025-04,D05,agente,1,equipo,2.0,True
EQUIPO021,buffer15,2025-08,C02,agente,1,equipo,2.0,True
EQUIPO021,buffer15,2025-09,C02,agente,3,equipo,3.0,True
EQUIPO021,buffer15,2025-09,C24,agente,1,equipo,3.0,True
EQUIPO021,buffer15,2025-09,C35,agente,2,equipo,3.0,True
EQUIPO021,buffer15,2025-09,D01,agente,2,equipo,3.0,False
EQUIPO021,buffer15,2025-09,D02,agente,2,equipo,3.0,True
EQUIPO021,buffer15,2025-09,D04,agente,4,equipo,3.0,True
EQUIPO021,buffer15,2025-09,D05,agente,1,equipo,3.0,True
EQUIPO021,buffer15,2025-11,C02,agente,1,equipo,3.0,True
EQUIPO021,buffer15,2026-01,C14,agente,1,equipo,3.0,False
EQUIPO021,buffer15,2026-02,C35,agente,1,equipo,3.0,True
EQUIPO021,buffer15,2026-02,D04,agente,1,equipo,3.0,True
EQUIPO021,buffer15,2026-02,D05,agente,1,equipo,3.0,True
EQUIPO021,buffer15,2026-03,C02,agente,1,equipo,3.0,True
EQUIPO021,buffer15,2026-05,C35,agente,1,equipo,3.0,True
EQUIPO021,buffer15,2026-05,D02,agente,1,equipo,3.0,True
EQUIPO021,buffer15,2026-05,D04,agente,2,equipo,3.0,True
EQUIPO021,buffer15,2026-06,D04,agente,3,equipo,3.0,True
EQUIPO021,buffer15,2026-08,F,agente,1,equipo,3.0,False
EQUIPO021,buffer15,2026-09,D04,sast,618,equipo,,True
EQUIPO021,estricto,2023-03,C24,agente,4,equipo,,True
EQUIPO021,estricto,2023-03,C35,agente,2,equipo,,True
EQUIPO021,estricto,2023-03,D03,agente,1,equipo,,False
EQUIPO021,estricto,2023-03,D04,agente,2,equipo,,True
EQUIPO021,estricto,2023-03,D05,agente,12,equipo,,True
EQUIPO021,estricto,2023-03,H03,agente,1,equipo,,False
EQUIPO021,estricto,2023-04,C31,agente,1,equipo,,False
EQUIPO021,estricto,2023-04,D05,agente,3,equipo,,True
EQUIPO021,estricto,2023-05,C24,agente,7,equipo,,True
EQUIPO021,estricto,2023-05,D02,agente,3,equipo,,True
EQUIPO021,estricto,2023-05,D05,agente,6,equipo,,True
EQUIPO021,estricto,2023-06,C02,agente,1,equipo,,True
EQUIPO021,estricto,2023-09,C35,agente,1,equipo,1.0,True
EQUIPO021,estricto,2024-03,B02,agente,1,equipo,1.0,False
EQUIPO021,estricto,2024-03,C35,agente,1,equipo,1.0,True
EQUIPO021,estricto,2024-04,C02,agente,1,equipo,1.0,True
EQUIPO021,estricto,2024-05,C02,agente,2,equipo,1.0,True
EQUIPO021,estricto,2024-07,C02,agente,1,equipo,1.0,True
EQUIPO021,estricto,2024-07,C03,agente,1,equipo,1.0,True
EQUIPO021,estricto,2024-07,C32,agente,1,equipo,1.0,True
EQUIPO021,estricto,2024-09,C14,agente,1,equipo,2.0,False
EQUIPO021,estricto,2024-09,D02,agente,2,equipo,2.0,True
EQUIPO021,estricto,2024-09,D04,agente,3,equipo,2.0,True
EQUIPO021,estricto,2024-11,D02,agente,1,equipo,2.0,True
EQUIPO021,estricto,2024-11,D05,agente,16,equipo,2.0,True
EQUIPO021,estricto,2024-12,C32,agente,1,equipo,2.0,True
EQUIPO021,estricto,2025-01,C14,agente,2,equipo,2.0,False
EQUIPO021,estricto,2025-01,D05,agente,2,equipo,2.0,True
EQUIPO021,estricto,2025-03,C24,agente,1,equipo,2.0,True
EQUIPO021,estricto,2025-04,A05,agente,2,equipo,2.0,False
EQUIPO021,estricto,2025-04,C31,agente,6,equipo,2.0,False
EQUIPO021,estricto,2025-04,C32,agente,1,equipo,2.0,True
EQUIPO021,estricto,2025-04,D04,agente,7,equipo,2.0,True
EQUIPO021,estricto,2025-04,D05,agente,1,equipo,2.0,True
EQUIPO021,estricto,2025-08,C02,agente,1,equipo,2.0,True
EQUIPO021,estricto,2025-09,C02,agente,1,equipo,3.0,True
EQUIPO021,estricto,2025-09,C24,agente,1,equipo,3.0,True
EQUIPO021,estricto,2025-09,C35,agente,2,equipo,3.0,True
EQUIPO021,estricto,2025-09,D01,agente,2,equipo,3.0,False
EQUIPO021,estricto,2025-09,D02,agente,1,equipo,3.0,True
EQUIPO021,estricto,2025-09,D04,agente,4,equipo,3.0,True
EQUIPO021,estricto,2025-09,D05,agente,1,equipo,3.0,True
EQUIPO021,estricto,2025-11,C02,agente,1,equipo,3.0,True
EQUIPO021,estricto,2026-01,C14,agente,1,equipo,3.0,False
EQUIPO021,estricto,2026-02,C35,agente,1,equipo,3.0,True
EQUIPO021,estricto,2026-02,D04,agente,1,equipo,3.0,True
EQUIPO021,estricto,2026-02,D05,agente,1,equipo,3.0,True
EQUIPO021,estricto,2026-03,C02,agente,1,equipo,3.0,True
EQUIPO021,estricto,2026-05,C35,agente,1,equipo,3.0,True
EQUIPO021,estricto,2026-05,D02,agente,1,equipo,3.0,True
EQUIPO021,estricto,2026-05,D04,agente,2,equipo,3.0,True
EQUIPO021,estricto,2026-06,D04,agente,3,equipo,3.0,True
EQUIPO021,estricto,2026-08,F,agente,1,equipo,3.0,False
EQUIPO021,estricto,2026-09,D04,sast,618,equipo,,True
EQUIPO021,oficial,2023-03,C24,agente,6,equipo,,True
EQUIPO021,oficial,2023-03,C35,agente,2,equipo,,True
EQUIPO021,oficial,2023-03,D03,agente,1,equipo,,False
EQUIPO021,oficial,2023-03,D04,agente,2,equipo,,True
EQUIPO021,oficial,2023-03,D05,agente,12,equipo,,True
EQUIPO021,oficial,2023-03,H03,agente,4,equipo,,False
EQUIPO021,oficial,2023-04,C31,agente,1,equipo,,False
EQUIPO021,oficial,2023-04,D05,agente,3,equipo,,True
EQUIPO021,oficial,2023-05,C24,agente,7,equipo,,True
EQUIPO021,oficial,2023-05,D02,agente,3,equipo,,True
EQUIPO021,oficial,2023-05,D05,agente,6,equipo,,True
EQUIPO021,oficial,2023-06,C02,agente,1,equipo,,True
EQUIPO021,oficial,2023-09,C35,agente,1,equipo,1.0,True
EQUIPO021,oficial,2024-03,B02,agente,1,equipo,1.0,False
EQUIPO021,oficial,2024-03,C35,agente,1,equipo,1.0,True
EQUIPO021,oficial,2024-04,C02,agente,1,equipo,1.0,True
EQUIPO021,oficial,2024-05,C02,agente,2,equipo,1.0,True
EQUIPO021,oficial,2024-07,C02,agente,1,equipo,1.0,True
EQUIPO021,oficial,2024-07,C03,agente,1,equipo,1.0,True
EQUIPO021,oficial,2024-07,C32,agente,1,equipo,1.0,True
EQUIPO021,oficial,2024-09,C14,agente,1,equipo,2.0,False
EQUIPO021,oficial,2024-09,D02,agente,2,equipo,2.0,True
EQUIPO021,oficial,2024-09,D04,agente,3,equipo,2.0,True
EQUIPO021,oficial,2024-11,D02,agente,1,equipo,2.0,True
EQUIPO021,oficial,2024-11,D05,agente,16,equipo,2.0,True
EQUIPO021,oficial,2024-12,C32,agente,1,equipo,2.0,True
EQUIPO021,oficial,2025-01,C14,agente,2,equipo,2.0,False
EQUIPO021,oficial,2025-01,D05,agente,2,equipo,2.0,True
EQUIPO021,oficial,2025-03,C24,agente,1,equipo,2.0,True
EQUIPO021,oficial,2025-04,A05,agente,2,equipo,2.0,False
EQUIPO021,oficial,2025-04,C31,agente,6,equipo,2.0,False
EQUIPO021,oficial,2025-04,C32,agente,1,equipo,2.0,True
EQUIPO021,oficial,2025-04,D04,agente,7,equipo,2.0,True
EQUIPO021,oficial,2025-04,D05,agente,1,equipo,2.0,True
EQUIPO021,oficial,2025-08,C02,agente,1,equipo,2.0,True
EQUIPO021,oficial,2025-09,C02,agente,3,equipo,3.0,True
EQUIPO021,oficial,2025-09,C24,agente,1,equipo,3.0,True
EQUIPO021,oficial,2025-09,C35,agente,2,equipo,3.0,True
EQUIPO021,oficial,2025-09,D01,agente,2,equipo,3.0,False
EQUIPO021,oficial,2025-09,D02,agente,2,equipo,3.0,True
EQUIPO021,oficial,2025-09,D04,agente,4,equipo,3.0,True
EQUIPO021,oficial,2025-09,D05,agente,1,equipo,3.0,True
EQUIPO021,oficial,2025-11,C02,agente,1,equipo,3.0,True
EQUIPO021,oficial,2026-01,C14,agente,1,equipo,3.0,False
EQUIPO021,oficial,2026-02,C35,agente,1,equipo,3.0,True
EQUIPO021,oficial,2026-02,D04,agente,1,equipo,3.0,True
EQUIPO021,oficial,2026-02,D05,agente,1,equipo,3.0,True
EQUIPO021,oficial,2026-03,C02,agente,1,equipo,3.0,True
EQUIPO021,oficial,2026-05,C35,agente,1,equipo,3.0,True
EQUIPO021,oficial,2026-05,D02,agente,1,equipo,3.0,True
EQUIPO021,oficial,2026-05,D04,agente,2,equipo,3.0,True
EQUIPO021,oficial,2026-06,D04,agente,3,equipo,3.0,True
EQUIPO021,oficial,2026-08,F,agente,1,equipo,3.0,False
EQUIPO021,oficial,2026-09,D04,sast,618,equipo,,True
EQUIPO022,buffer15,2023-03,C24,agente,6,equipo,,True
EQUIPO022,buffer15,2023-03,C35,agente,2,equipo,,True
EQUIPO022,buffer15,2023-03,D03,agente,1,equipo,,False
EQUIPO022,buffer15,2023-03,D04,agente,2,equipo,,True
EQUIPO022,buffer15,2023-03,D05,agente,12,equipo,,True
EQUIPO022,buffer15,2023-03,H03,agente,4,equipo,,False
EQUIPO022,buffer15,2023-04,C31,agente,1,equipo,,False
EQUIPO022,buffer15,2023-04,D05,agente,3,equipo,,True
EQUIPO022,buffer15,2023-05,C24,agente,7,equipo,,True
EQUIPO022,buffer15,2023-05,D02,agente,3,equipo,,True
EQUIPO022,buffer15,2023-05,D05,agente,6,equipo,,True
EQUIPO022,buffer15,2023-06,C02,agente,1,equipo,,True
EQUIPO022,buffer15,2023-09,C35,agente,1,equipo,1.0,True
EQUIPO022,buffer15,2024-03,C35,agente,1,equipo,1.0,True
EQUIPO022,buffer15,2024-05,C02,agente,1,equipo,1.0,True
EQUIPO022,buffer15,2024-07,C02,agente,1,equipo,1.0,True
EQUIPO022,buffer15,2024-07,C32,agente,1,equipo,1.0,True
EQUIPO022,buffer15,2024-09,C14,agente,1,equipo,2.0,False
EQUIPO022,buffer15,2024-09,C35,agente,1,equipo,2.0,True
EQUIPO022,buffer15,2024-09,D02,agente,1,equipo,2.0,True
EQUIPO022,buffer15,2024-09,D04,agente,1,equipo,2.0,True
EQUIPO022,buffer15,2024-09,D05,agente,2,equipo,2.0,True
EQUIPO022,buffer15,2024-11,D02,agente,1,equipo,2.0,True
EQUIPO022,buffer15,2024-11,D05,agente,16,equipo,2.0,True
EQUIPO022,buffer15,2025-01,C14,agente,2,equipo,2.0,False
EQUIPO022,buffer15,2025-01,D05,agente,2,equipo,2.0,True
EQUIPO022,buffer15,2025-03,C02,fotodeteccion_previa,2,equipo,2.0,True
EQUIPO022,buffer15,2025-03,C35,fotodeteccion_previa,1,equipo,2.0,True
EQUIPO022,buffer15,2025-04,C31,agente,6,equipo,2.0,False
EQUIPO022,buffer15,2025-04,D04,agente,5,equipo,2.0,True
EQUIPO022,buffer15,2025-04,D05,agente,1,equipo,2.0,True
EQUIPO022,buffer15,2025-08,C02,agente,1,equipo,2.0,True
EQUIPO022,buffer15,2025-09,C02,agente,1,equipo,3.0,True
EQUIPO022,buffer15,2025-09,D02,agente,2,equipo,3.0,True
EQUIPO022,buffer15,2025-09,D04,agente,3,equipo,3.0,True
EQUIPO022,buffer15,2025-11,C02,agente,1,equipo,3.0,True
EQUIPO022,buffer15,2026-01,C14,agente,1,equipo,3.0,False
EQUIPO022,buffer15,2026-02,C35,agente,1,equipo,3.0,True
EQUIPO022,buffer15,2026-02,D04,agente,1,equipo,3.0,True
EQUIPO022,buffer15,2026-02,D05,agente,1,equipo,3.0,True
EQUIPO022,buffer15,2026-05,C35,agente,1,equipo,3.0,True
EQUIPO022,buffer15,2026-05,D02,agente,1,equipo,3.0,True
EQUIPO022,buffer15,2026-05,D04,agente,2,equipo,3.0,True
EQUIPO022,buffer15,2026-09,D04,sast,650,equipo,,True
EQUIPO022,estricto,2023-03,C24,agente,4,equipo,,True
EQUIPO022,estricto,2023-03,C35,agente,2,equipo,,True
EQUIPO022,estricto,2023-03,D03,agente,1,equipo,,False
EQUIPO022,estricto,2023-03,D04,agente,2,equipo,,True
EQUIPO022,estricto,2023-03,D05,agente,12,equipo,,True
EQUIPO022,estricto,2023-03,H03,agente,1,equipo,,False
EQUIPO022,estricto,2023-04,C31,agente,1,equipo,,False
EQUIPO022,estricto,2023-04,D05,agente,3,equipo,,True
EQUIPO022,estricto,2023-05,C24,agente,7,equipo,,True
EQUIPO022,estricto,2023-05,D02,agente,3,equipo,,True
EQUIPO022,estricto,2023-05,D05,agente,6,equipo,,True
EQUIPO022,estricto,2023-06,C02,agente,1,equipo,,True
EQUIPO022,estricto,2023-09,C35,agente,1,equipo,1.0,True
EQUIPO022,estricto,2024-05,C02,agente,1,equipo,1.0,True
EQUIPO022,estricto,2024-07,C02,agente,1,equipo,1.0,True
EQUIPO022,estricto,2024-07,C32,agente,1,equipo,1.0,True
EQUIPO022,estricto,2024-09,C14,agente,1,equipo,2.0,False
EQUIPO022,estricto,2024-09,C35,agente,1,equipo,2.0,True
EQUIPO022,estricto,2024-09,D02,agente,1,equipo,2.0,True
EQUIPO022,estricto,2024-09,D04,agente,1,equipo,2.0,True
EQUIPO022,estricto,2024-09,D05,agente,2,equipo,2.0,True
EQUIPO022,estricto,2024-11,D02,agente,1,equipo,2.0,True
EQUIPO022,estricto,2024-11,D05,agente,16,equipo,2.0,True
EQUIPO022,estricto,2025-01,C14,agente,2,equipo,2.0,False
EQUIPO022,estricto,2025-01,D05,agente,2,equipo,2.0,True
EQUIPO022,estricto,2025-03,C02,fotodeteccion_previa,2,equipo,2.0,True
EQUIPO022,estricto,2025-03,C35,fotodeteccion_previa,1,equipo,2.0,True
EQUIPO022,estricto,2025-04,C31,agente,6,equipo,2.0,False
EQUIPO022,estricto,2025-04,D04,agente,5,equipo,2.0,True
EQUIPO022,estricto,2025-04,D05,agente,1,equipo,2.0,True
EQUIPO022,estricto,2025-08,C02,agente,1,equipo,2.0,True
EQUIPO022,estricto,2025-09,D02,agente,1,equipo,3.0,True
EQUIPO022,estricto,2025-09,D04,agente,3,equipo,3.0,True
EQUIPO022,estricto,2025-11,C02,agente,1,equipo,3.0,True
EQUIPO022,estricto,2026-01,C14,agente,1,equipo,3.0,False
EQUIPO022,estricto,2026-02,C35,agente,1,equipo,3.0,True
EQUIPO022,estricto,2026-02,D04,agente,1,equipo,3.0,True
EQUIPO022,estricto,2026-02,D05,agente,1,equipo,3.0,True
EQUIPO022,estricto,2026-05,C35,agente,1,equipo,3.0,True
EQUIPO022,estricto,2026-05,D02,agente,1,equipo,3.0,True
EQUIPO022,estricto,2026-05,D04,agente,2,equipo,3.0,True
EQUIPO022,estricto,2026-09,D04,sast,650,equipo,,True
EQUIPO022,oficial,2023-03,C24,agente,6,equipo,,True
EQUIPO022,oficial,2023-03,C35,agente,2,equipo,,True
EQUIPO022,oficial,2023-03,D03,agente,1,equipo,,False
EQUIPO022,oficial,2023-03,D04,agente,2,equipo,,True
EQUIPO022,oficial,2023-03,D05,agente,12,equipo,,True
EQUIPO022,oficial,2023-03,H03,agente,4,equipo,,False
EQUIPO022,oficial,2023-04,C31,agente,1,equipo,,False
EQUIPO022,oficial,2023-04,D05,agente,3,equipo,,True
EQUIPO022,oficial,2023-05,C24,agente,7,equipo,,True
EQUIPO022,oficial,2023-05,D02,agente,3,equipo,,True
EQUIPO022,oficial,2023-05,D05,agente,6,equipo,,True
EQUIPO022,oficial,2023-06,C02,agente,1,equipo,,True
EQUIPO022,oficial,2023-09,C35,agente,1,equipo,1.0,True
EQUIPO022,oficial,2024-03,C35,agente,1,equipo,1.0,True
EQUIPO022,oficial,2024-05,C02,agente,1,equipo,1.0,True
EQUIPO022,oficial,2024-07,C02,agente,1,equipo,1.0,True
EQUIPO022,oficial,2024-07,C32,agente,1,equipo,1.0,True
EQUIPO022,oficial,2024-09,C14,agente,1,equipo,2.0,False
EQUIPO022,oficial,2024-09,C35,agente,1,equipo,2.0,True
EQUIPO022,oficial,2024-09,D02,agente,1,equipo,2.0,True
EQUIPO022,oficial,2024-09,D04,agente,1,equipo,2.0,True
EQUIPO022,oficial,2024-09,D05,agente,2,equipo,2.0,True
EQUIPO022,oficial,2024-11,D02,agente,1,equipo,2.0,True
EQUIPO022,oficial,2024-11,D05,agente,16,equipo,2.0,True
EQUIPO022,oficial,2025-01,C14,agente,2,equipo,2.0,False
EQUIPO022,oficial,2025-01,D05,agente,2,equipo,2.0,True
EQUIPO022,oficial,2025-03,C02,fotodeteccion_previa,2,equipo,2.0,True
EQUIPO022,oficial,2025-03,C35,fotodeteccion_previa,1,equipo,2.0,True
EQUIPO022,oficial,2025-04,C31,agente,6,equipo,2.0,False
EQUIPO022,oficial,2025-04,D04,agente,5,equipo,2.0,True
EQUIPO022,oficial,2025-04,D05,agente,1,equipo,2.0,True
EQUIPO022,oficial,2025-08,C02,agente,1,equipo,2.0,True
EQUIPO022,oficial,2025-09,C02,agente,1,equipo,3.0,True
EQUIPO022,oficial,2025-09,D02,agente,2,equipo,3.0,True
EQUIPO022,oficial,2025-09,D04,agente,3,equipo,3.0,True
EQUIPO022,oficial,2025-11,C02,agente,1,equipo,3.0,True
EQUIPO022,oficial,2026-01,C14,agente,1,equipo,3.0,False
EQUIPO022,oficial,2026-02,C35,agente,1,equipo,3.0,True
EQUIPO022,oficial,2026-02,D04,agente,1,equipo,3.0,True
EQUIPO022,oficial,2026-02,D05,agente,1,equipo,3.0,True
EQUIPO022,oficial,2026-05,C35,agente,1,equipo,3.0,True
EQUIPO022,oficial,2026-05,D02,agente,1,equipo,3.0,True
EQUIPO022,oficial,2026-05,D04,agente,2,equipo,3.0,True
EQUIPO022,oficial,2026-09,D04,sast,650,equipo,,True
EQUIPO031,buffer15,2023-03,C02,agente,1,equipo,,True
EQUIPO031,buffer15,2023-04,C02,agente,1,equipo,,True
EQUIPO031,buffer15,2023-04,C03,agente,1,equipo,,True
EQUIPO031,buffer15,2023-05,C31,agente,1,equipo,,False
EQUIPO031,buffer15,2023-06,A01,agente,1,equipo,,False
EQUIPO031,buffer15,2023-06,C02,agente,1,equipo,,True
EQUIPO031,buffer15,2023-06,D02,agente,3,equipo,,True
EQUIPO031,buffer15,2023-08,C02,agente,1,equipo,1.0,True
EQUIPO031,buffer15,2023-09,D03,agente,1,equipo,1.0,False
EQUIPO031,buffer15,2023-09,D04,agente,1,equipo,1.0,True
EQUIPO031,buffer15,2024-02,C02,agente,1,equipo,1.0,True
EQUIPO031,buffer15,2024-03,C02,fotodeteccion_previa,1,equipo,1.0,True
EQUIPO031,buffer15,2024-03,C24,agente,5,equipo,1.0,True
EQUIPO031,buffer15,2024-03,D02,agente,1,equipo,1.0,True
EQUIPO031,buffer15,2024-04,C02,agente,3,equipo,1.0,True
EQUIPO031,buffer15,2024-04,C02,fotodeteccion_previa,3,equipo,1.0,True
EQUIPO031,buffer15,2024-04,C11,agente,1,equipo,1.0,False
EQUIPO031,buffer15,2024-04,C24,agente,7,equipo,1.0,True
EQUIPO031,buffer15,2024-04,C35,agente,2,equipo,1.0,True
EQUIPO031,buffer15,2024-05,C02,agente,5,equipo,1.0,True
EQUIPO031,buffer15,2024-05,C02,fotodeteccion_previa,1,equipo,1.0,True
EQUIPO031,buffer15,2024-05,C14,agente,1,equipo,1.0,False
EQUIPO031,buffer15,2024-05,D02,fotodeteccion_previa,1,equipo,1.0,True
EQUIPO031,buffer15,2024-06,C02,agente,3,equipo,1.0,True
EQUIPO031,buffer15,2024-06,C02,fotodeteccion_previa,6,equipo,1.0,True
EQUIPO031,buffer15,2024-06,C14,agente,1,equipo,1.0,False
EQUIPO031,buffer15,2024-06,C35,fotodeteccion_previa,1,equipo,1.0,True
EQUIPO031,buffer15,2024-06,D02,fotodeteccion_previa,1,equipo,1.0,True
EQUIPO031,buffer15,2024-06,D03,agente,1,equipo,1.0,False
EQUIPO031,buffer15,2024-06,D04,agente,1,equipo,1.0,True
EQUIPO031,buffer15,2024-07,C02,agente,1,equipo,1.0,True
EQUIPO031,buffer15,2024-07,C02,fotodeteccion_previa,5,equipo,1.0,True
EQUIPO031,buffer15,2024-07,C32,agente,2,equipo,1.0,True
EQUIPO031,buffer15,2024-07,D02,fotodeteccion_previa,1,equipo,1.0,True
EQUIPO031,buffer15,2024-07,D03,agente,1,equipo,1.0,False
EQUIPO031,buffer15,2024-07,D05,agente,2,equipo,1.0,True
EQUIPO031,buffer15,2024-08,C02,fotodeteccion_previa,1,equipo,2.0,True
EQUIPO031,buffer15,2024-09,C02,fotodeteccion_previa,1,equipo,2.0,True
EQUIPO031,buffer15,2024-09,C24,agente,3,equipo,2.0,True
EQUIPO031,buffer15,2024-09,D02,agente,2,equipo,2.0,True
EQUIPO031,buffer15,2024-09,D04,agente,1,equipo,2.0,True
EQUIPO031,buffer15,2024-10,C02,fotodeteccion_previa,3,equipo,2.0,True
EQUIPO031,buffer15,2024-10,D03,agente,1,equipo,2.0,False
EQUIPO031,buffer15,2024-11,C02,fotodeteccion_previa,2,equipo,2.0,True
EQUIPO031,buffer15,2024-11,C35,agente,1,equipo,2.0,True
EQUIPO031,buffer15,2024-11,D02,agente,1,equipo,2.0,True
EQUIPO031,buffer15,2024-12,C02,fotodeteccion_previa,8,equipo,2.0,True
EQUIPO031,buffer15,2024-12,D02,fotodeteccion_previa,1,equipo,2.0,True
EQUIPO031,buffer15,2025-01,C02,fotodeteccion_previa,15,equipo,2.0,True
EQUIPO031,buffer15,2025-01,C35,fotodeteccion_previa,1,equipo,2.0,True
EQUIPO031,buffer15,2025-02,C02,fotodeteccion_previa,7,equipo,2.0,True
EQUIPO031,buffer15,2025-02,C35,fotodeteccion_previa,1,equipo,2.0,True
EQUIPO031,buffer15,2025-02,D02,fotodeteccion_previa,1,equipo,2.0,True
EQUIPO031,buffer15,2025-03,C02,agente,3,equipo,2.0,True
EQUIPO031,buffer15,2025-03,C02,fotodeteccion_previa,14,equipo,2.0,True
EQUIPO031,buffer15,2025-03,C35,fotodeteccion_previa,2,equipo,2.0,True
EQUIPO031,buffer15,2025-04,C02,fotodeteccion_previa,10,equipo,2.0,True
EQUIPO031,buffer15,2025-04,C35,fotodeteccion_previa,1,equipo,2.0,True
EQUIPO031,buffer15,2025-04,D02,agente,1,equipo,2.0,True
EQUIPO031,buffer15,2025-04,D02,fotodeteccion_previa,1,equipo,2.0,True
EQUIPO031,buffer15,2025-04,D03,agente,1,equipo,2.0,False
EQUIPO031,buffer15,2025-05,C02,agente,1,equipo,2.0,True
EQUIPO031,buffer15,2025-05,C02,fotodeteccion_previa,17,equipo,2.0,True
EQUIPO031,buffer15,2025-05,C32,agente,1,equipo,2.0,True
EQUIPO031,buffer15,2025-05,C35,fotodeteccion_previa,1,equipo,2.0,True
EQUIPO031,buffer15,2025-05,D02,fotodeteccion_previa,1,equipo,2.0,True
EQUIPO031,buffer15,2025-06,C02,agente,1,equipo,2.0,True
EQUIPO031,buffer15,2025-06,C02,fotodeteccion_previa,9,equipo,2.0,True
EQUIPO031,buffer15,2025-07,C02,fotodeteccion_previa,23,equipo,2.0,True
EQUIPO031,buffer15,2025-07,C35,fotodeteccion_previa,1,equipo,2.0,True
EQUIPO031,buffer15,2025-08,C02,fotodeteccion_previa,21,equipo,3.0,True
EQUIPO031,buffer15,2025-08,C35,fotodeteccion_previa,1,equipo,3.0,True
EQUIPO031,buffer15,2025-08,D02,fotodeteccion_previa,1,equipo,3.0,True
EQUIPO031,buffer15,2025-09,C02,fotodeteccion_previa,24,equipo,3.0,True
EQUIPO031,buffer15,2025-09,D02,fotodeteccion_previa,1,equipo,3.0,True
EQUIPO031,buffer15,2025-10,C02,agente,2,equipo,3.0,True
EQUIPO031,buffer15,2025-10,C02,fotodeteccion_previa,15,equipo,3.0,True
EQUIPO031,buffer15,2025-10,C24,agente,1,equipo,3.0,True
EQUIPO031,buffer15,2025-10,D02,agente,1,equipo,3.0,True
EQUIPO031,buffer15,2025-11,C02,fotodeteccion_previa,26,equipo,3.0,True
EQUIPO031,buffer15,2025-11,C35,fotodeteccion_previa,2,equipo,3.0,True
EQUIPO031,buffer15,2025-11,D02,fotodeteccion_previa,2,equipo,3.0,True
EQUIPO031,buffer15,2025-12,C02,fotodeteccion_previa,16,equipo,3.0,True
EQUIPO031,buffer15,2025-12,C35,fotodeteccion_previa,1,equipo,3.0,True
EQUIPO031,buffer15,2026-01,C02,fotodeteccion_previa,17,equipo,3.0,True
EQUIPO031,buffer15,2026-01,D02,fotodeteccion_previa,1,equipo,3.0,True
EQUIPO031,buffer15,2026-02,C02,fotodeteccion_previa,18,equipo,3.0,True
EQUIPO031,buffer15,2026-02,C14,agente,1,equipo,3.0,False
EQUIPO031,buffer15,2026-02,C24,agente,1,equipo,3.0,True
EQUIPO031,buffer15,2026-02,D01,agente,1,equipo,3.0,False
EQUIPO031,buffer15,2026-03,C02,fotodeteccion_previa,17,equipo,3.0,True
EQUIPO031,buffer15,2026-03,D02,fotodeteccion_previa,1,equipo,3.0,True
EQUIPO031,buffer15,2026-04,C02,fotodeteccion_previa,7,equipo,3.0,True
EQUIPO031,buffer15,2026-04,C35,fotodeteccion_previa,1,equipo,3.0,True
EQUIPO031,buffer15,2026-05,C02,fotodeteccion_previa,5,equipo,3.0,True
EQUIPO031,buffer15,2026-05,D02,fotodeteccion_previa,1,equipo,3.0,True
EQUIPO031,buffer15,2026-06,C02,fotodeteccion_previa,6,equipo,3.0,True
EQUIPO031,buffer15,2026-07,C02,agente,2,equipo,3.0,True
EQUIPO031,buffer15,2026-07,C02,fotodeteccion_previa,5,equipo,3.0,True
EQUIPO031,buffer15,2026-07,C31,agente,1,equipo,3.0,False
EQUIPO031,buffer15,2026-08,C02,fotodeteccion_previa,5,equipo,,True
EQUIPO031,buffer15,2026-08,C35,fotodeteccion_previa,1,equipo,,True
EQUIPO031,buffer15,2026-08,D02,fotodeteccion_previa,1,equipo,,True
EQUIPO031,buffer15,2026-09,C02,fotodeteccion_previa,10,equipo,,True
EQUIPO031,buffer15,2026-09,C35,fotodeteccion_previa,2,equipo,,True
EQUIPO031,buffer15,2026-09,D04,sast,451,equipo,,True
EQUIPO031,buffer15,2026-09,H03,sast,50,equipo,,False
EQUIPO031,estricto,2023-04,C02,agente,1,equipo,,True
EQUIPO031,estricto,2023-05,C31,agente,1,equipo,,False
EQUIPO031,estricto,2023-06,A01,agente,1,equipo,,False
EQUIPO031,estricto,2023-06,D02,agente,3,equipo,,True
EQUIPO031,estricto,2023-08,C02,agente,1,equipo,1.0,True
EQUIPO031,estricto,2023-09,D03,agente,1,equipo,1.0,False
EQUIPO031,estricto,2023-09,D04,agente,1,equipo,1.0,True
EQUIPO031,estricto,2024-02,C02,agente,1,equipo,1.0,True
EQUIPO031,estricto,2024-03,C02,fotodeteccion_previa,1,equipo,1.0,True
EQUIPO031,estricto,2024-03,C24,agente,5,equipo,1.0,True
EQUIPO031,estricto,2024-03,D02,agente,1,equipo,1.0,True
EQUIPO031,estricto,2024-04,C02,agente,2,equipo,1.0,True
EQUIPO031,estricto,2024-04,C02,fotodeteccion_previa,3,equipo,1.0,True
EQUIPO031,estricto,2024-04,C11,agente,1,equipo,1.0,False
EQUIPO031,estricto,2024-04,C24,agente,7,equipo,1.0,True
EQUIPO031,estricto,2024-04,C35,agente,2,equipo,1.0,True
EQUIPO031,estricto,2024-05,C02,agente,5,equipo,1.0,True
EQUIPO031,estricto,2024-05,C02,fotodeteccion_previa,1,equipo,1.0,True
EQUIPO031,estricto,2024-05,C14,agente,1,equipo,1.0,False
EQUIPO031,estricto,2024-05,D02,fotodeteccion_previa,1,equipo,1.0,True
EQUIPO031,estricto,2024-06,C02,agente,2,equipo,1.0,True
EQUIPO031,estricto,2024-06,C02,fotodeteccion_previa,4,equipo,1.0,True
EQUIPO031,estricto,2024-06,C14,agente,1,equipo,1.0,False
EQUIPO031,estricto,2024-07,C02,agente,1,equipo,1.0,True
EQUIPO031,estricto,2024-07,C02,fotodeteccion_previa,5,equipo,1.0,True
EQUIPO031,estricto,2024-07,C32,agente,2,equipo,1.0,True
EQUIPO031,estricto,2024-07,D02,fotodeteccion_previa,1,equipo,1.0,True
EQUIPO031,estricto,2024-07,D03,agente,1,equipo,1.0,False
EQUIPO031,estricto,2024-07,D05,agente,2,equipo,1.0,True
EQUIPO031,estricto,2024-08,C02,fotodeteccion_previa,1,equipo,2.0,True
EQUIPO031,estricto,2024-09,C02,fotodeteccion_previa,1,equipo,2.0,True
EQUIPO031,estricto,2024-09,C24,agente,3,equipo,2.0,True
EQUIPO031,estricto,2024-09,D02,agente,2,equipo,2.0,True
EQUIPO031,estricto,2024-09,D04,agente,1,equipo,2.0,True
EQUIPO031,estricto,2024-10,C02,fotodeteccion_previa,3,equipo,2.0,True
EQUIPO031,estricto,2024-11,C02,fotodeteccion_previa,2,equipo,2.0,True
EQUIPO031,estricto,2024-11,C35,agente,1,equipo,2.0,True
EQUIPO031,estricto,2024-11,D02,agente,1,equipo,2.0,True
EQUIPO031,estricto,2024-12,C02,fotodeteccion_previa,7,equipo,2.0,True
EQUIPO031,estricto,2024-12,D02,fotodeteccion_previa,1,equipo,2.0,True
EQUIPO031,estricto,2025-01,C02,fotodeteccion_previa,10,equipo,2.0,True
EQUIPO031,estricto,2025-01,C35,fotodeteccion_previa,1,equipo,2.0,True
EQUIPO031,estricto,2025-02,C02,fotodeteccion_previa,7,equipo,2.0,True
EQUIPO031,estricto,2025-02,C35,fotodeteccion_previa,1,equipo,2.0,True
EQUIPO031,estricto,2025-02,D02,fotodeteccion_previa,1,equipo,2.0,True
EQUIPO031,estricto,2025-03,C02,agente,3,equipo,2.0,True
EQUIPO031,estricto,2025-03,C02,fotodeteccion_previa,14,equipo,2.0,True
EQUIPO031,estricto,2025-03,C35,fotodeteccion_previa,2,equipo,2.0,True
EQUIPO031,estricto,2025-04,C02,fotodeteccion_previa,10,equipo,2.0,True
EQUIPO031,estricto,2025-04,C35,fotodeteccion_previa,1,equipo,2.0,True
EQUIPO031,estricto,2025-04,D02,agente,1,equipo,2.0,True
EQUIPO031,estricto,2025-04,D02,fotodeteccion_previa,1,equipo,2.0,True
EQUIPO031,estricto,2025-04,D03,agente,1,equipo,2.0,False
EQUIPO031,estricto,2025-05,C02,fotodeteccion_previa,17,equipo,2.0,True
EQUIPO031,estricto,2025-05,C32,agente,1,equipo,2.0,True
EQUIPO031,estricto,2025-05,C35,fotodeteccion_previa,1,equipo,2.0,True
EQUIPO031,estricto,2025-05,D02,fotodeteccion_previa,1,equipo,2.0,True
EQUIPO031,estricto,2025-06,C02,fotodeteccion_previa,9,equipo,2.0,True
EQUIPO031,estricto,2025-07,C02,fotodeteccion_previa,23,equipo,2.0,True
EQUIPO031,estricto,2025-07,C35,fotodeteccion_previa,1,equipo,2.0,True
EQUIPO031,estricto,2025-08,C02,fotodeteccion_previa,21,equipo,3.0,True
EQUIPO031,estricto,2025-08,C35,fotodeteccion_previa,1,equipo,3.0,True
EQUIPO031,estricto,2025-08,D02,fotodeteccion_previa,1,equipo,3.0,True
EQUIPO031,estricto,2025-09,C02,fotodeteccion_previa,24,equipo,3.0,True
EQUIPO031,estricto,2025-09,D02,fotodeteccion_previa,1,equipo,3.0,True
EQUIPO031,estricto,2025-10,C02,agente,2,equipo,3.0,True
EQUIPO031,estricto,2025-10,C02,fotodeteccion_previa,15,equipo,3.0,True
EQUIPO031,estricto,2025-10,C24,agente,1,equipo,3.0,True
EQUIPO031,estricto,2025-10,D02,agente,1,equipo,3.0,True
EQUIPO031,estricto,2025-11,C02,fotodeteccion_previa,26,equipo,3.0,True
EQUIPO031,estricto,2025-11,C35,fotodeteccion_previa,2,equipo,3.0,True
EQUIPO031,estricto,2025-11,D02,fotodeteccion_previa,2,equipo,3.0,True
EQUIPO031,estricto,2025-12,C02,fotodeteccion_previa,16,equipo,3.0,True
EQUIPO031,estricto,2025-12,C35,fotodeteccion_previa,1,equipo,3.0,True
EQUIPO031,estricto,2026-01,C02,fotodeteccion_previa,17,equipo,3.0,True
EQUIPO031,estricto,2026-01,D02,fotodeteccion_previa,1,equipo,3.0,True
EQUIPO031,estricto,2026-02,C02,fotodeteccion_previa,18,equipo,3.0,True
EQUIPO031,estricto,2026-02,C14,agente,1,equipo,3.0,False
EQUIPO031,estricto,2026-02,C24,agente,1,equipo,3.0,True
EQUIPO031,estricto,2026-02,D01,agente,1,equipo,3.0,False
EQUIPO031,estricto,2026-03,C02,fotodeteccion_previa,17,equipo,3.0,True
EQUIPO031,estricto,2026-03,D02,fotodeteccion_previa,1,equipo,3.0,True
EQUIPO031,estricto,2026-04,C02,fotodeteccion_previa,7,equipo,3.0,True
EQUIPO031,estricto,2026-04,C35,fotodeteccion_previa,1,equipo,3.0,True
EQUIPO031,estricto,2026-05,C02,fotodeteccion_previa,5,equipo,3.0,True
EQUIPO031,estricto,2026-05,D02,fotodeteccion_previa,1,equipo,3.0,True
EQUIPO031,estricto,2026-06,C02,fotodeteccion_previa,6,equipo,3.0,True
EQUIPO031,estricto,2026-07,C02,fotodeteccion_previa,5,equipo,3.0,True
EQUIPO031,estricto,2026-07,C31,agente,1,equipo,3.0,False
EQUIPO031,estricto,2026-08,C02,fotodeteccion_previa,5,equipo,,True
EQUIPO031,estricto,2026-08,C35,fotodeteccion_previa,1,equipo,,True
EQUIPO031,estricto,2026-08,D02,fotodeteccion_previa,1,equipo,,True
EQUIPO031,estricto,2026-09,C02,fotodeteccion_previa,10,equipo,,True
EQUIPO031,estricto,2026-09,C35,fotodeteccion_previa,2,equipo,,True
EQUIPO031,estricto,2026-09,D04,sast,451,equipo,,True
EQUIPO031,estricto,2026-09,H03,sast,50,equipo,,False
EQUIPO031,oficial,2023-03,C02,agente,1,equipo,,True
EQUIPO031,oficial,2023-04,C02,agente,1,equipo,,True
EQUIPO031,oficial,2023-04,C03,agente,1,equipo,,True
EQUIPO031,oficial,2023-05,C31,agente,1,equipo,,False
EQUIPO031,oficial,2023-06,A01,agente,1,equipo,,False
EQUIPO031,oficial,2023-06,C02,agente,1,equipo,,True
EQUIPO031,oficial,2023-06,D02,agente,3,equipo,,True
EQUIPO031,oficial,2023-08,C02,agente,1,equipo,1.0,True
EQUIPO031,oficial,2023-09,D03,agente,1,equipo,1.0,False
EQUIPO031,oficial,2023-09,D04,agente,1,equipo,1.0,True
EQUIPO031,oficial,2024-02,C02,agente,1,equipo,1.0,True
EQUIPO031,oficial,2024-03,C02,fotodeteccion_previa,1,equipo,1.0,True
EQUIPO031,oficial,2024-03,C24,agente,5,equipo,1.0,True
EQUIPO031,oficial,2024-03,D02,agente,1,equipo,1.0,True
EQUIPO031,oficial,2024-04,C02,agente,3,equipo,1.0,True
EQUIPO031,oficial,2024-04,C02,fotodeteccion_previa,3,equipo,1.0,True
EQUIPO031,oficial,2024-04,C11,agente,1,equipo,1.0,False
EQUIPO031,oficial,2024-04,C24,agente,7,equipo,1.0,True
EQUIPO031,oficial,2024-04,C35,agente,2,equipo,1.0,True
EQUIPO031,oficial,2024-05,C02,agente,5,equipo,1.0,True
EQUIPO031,oficial,2024-05,C02,fotodeteccion_previa,1,equipo,1.0,True
EQUIPO031,oficial,2024-05,C14,agente,1,equipo,1.0,False
EQUIPO031,oficial,2024-05,D02,fotodeteccion_previa,1,equipo,1.0,True
EQUIPO031,oficial,2024-06,C02,agente,2,equipo,1.0,True
EQUIPO031,oficial,2024-06,C02,fotodeteccion_previa,4,equipo,1.0,True
EQUIPO031,oficial,2024-06,C14,agente,1,equipo,1.0,False
EQUIPO031,oficial,2024-06,D03,agente,1,equipo,1.0,False
EQUIPO031,oficial,2024-06,D04,agente,1,equipo,1.0,True
EQUIPO031,oficial,2024-07,C02,agente,1,equipo,1.0,True
EQUIPO031,oficial,2024-07,C02,fotodeteccion_previa,5,equipo,1.0,True
EQUIPO031,oficial,2024-07,C32,agente,2,equipo,1.0,True
EQUIPO031,oficial,2024-07,D02,fotodeteccion_previa,1,equipo,1.0,True
EQUIPO031,oficial,2024-07,D03,agente,1,equipo,1.0,False
EQUIPO031,oficial,2024-07,D05,agente,2,equipo,1.0,True
EQUIPO031,oficial,2024-08,C02,fotodeteccion_previa,1,equipo,2.0,True
EQUIPO031,oficial,2024-09,C02,fotodeteccion_previa,1,equipo,2.0,True
EQUIPO031,oficial,2024-09,C24,agente,3,equipo,2.0,True
EQUIPO031,oficial,2024-09,D02,agente,2,equipo,2.0,True
EQUIPO031,oficial,2024-09,D04,agente,1,equipo,2.0,True
EQUIPO031,oficial,2024-10,C02,fotodeteccion_previa,3,equipo,2.0,True
EQUIPO031,oficial,2024-10,D03,agente,1,equipo,2.0,False
EQUIPO031,oficial,2024-11,C02,fotodeteccion_previa,2,equipo,2.0,True
EQUIPO031,oficial,2024-11,C35,agente,1,equipo,2.0,True
EQUIPO031,oficial,2024-11,D02,agente,1,equipo,2.0,True
EQUIPO031,oficial,2024-12,C02,fotodeteccion_previa,7,equipo,2.0,True
EQUIPO031,oficial,2024-12,D02,fotodeteccion_previa,1,equipo,2.0,True
EQUIPO031,oficial,2025-01,C02,fotodeteccion_previa,10,equipo,2.0,True
EQUIPO031,oficial,2025-01,C35,fotodeteccion_previa,1,equipo,2.0,True
EQUIPO031,oficial,2025-02,C02,fotodeteccion_previa,7,equipo,2.0,True
EQUIPO031,oficial,2025-02,C35,fotodeteccion_previa,1,equipo,2.0,True
EQUIPO031,oficial,2025-02,D02,fotodeteccion_previa,1,equipo,2.0,True
EQUIPO031,oficial,2025-03,C02,agente,3,equipo,2.0,True
EQUIPO031,oficial,2025-03,C02,fotodeteccion_previa,14,equipo,2.0,True
EQUIPO031,oficial,2025-03,C35,fotodeteccion_previa,2,equipo,2.0,True
EQUIPO031,oficial,2025-04,C02,fotodeteccion_previa,10,equipo,2.0,True
EQUIPO031,oficial,2025-04,C35,fotodeteccion_previa,1,equipo,2.0,True
EQUIPO031,oficial,2025-04,D02,agente,1,equipo,2.0,True
EQUIPO031,oficial,2025-04,D02,fotodeteccion_previa,1,equipo,2.0,True
EQUIPO031,oficial,2025-04,D03,agente,1,equipo,2.0,False
EQUIPO031,oficial,2025-05,C02,agente,1,equipo,2.0,True
EQUIPO031,oficial,2025-05,C02,fotodeteccion_previa,17,equipo,2.0,True
EQUIPO031,oficial,2025-05,C32,agente,1,equipo,2.0,True
EQUIPO031,oficial,2025-05,C35,fotodeteccion_previa,1,equipo,2.0,True
EQUIPO031,oficial,2025-05,D02,fotodeteccion_previa,1,equipo,2.0,True
EQUIPO031,oficial,2025-06,C02,agente,1,equipo,2.0,True
EQUIPO031,oficial,2025-06,C02,fotodeteccion_previa,9,equipo,2.0,True
EQUIPO031,oficial,2025-07,C02,fotodeteccion_previa,23,equipo,2.0,True
EQUIPO031,oficial,2025-07,C35,fotodeteccion_previa,1,equipo,2.0,True
EQUIPO031,oficial,2025-08,C02,fotodeteccion_previa,21,equipo,3.0,True
EQUIPO031,oficial,2025-08,C35,fotodeteccion_previa,1,equipo,3.0,True
EQUIPO031,oficial,2025-08,D02,fotodeteccion_previa,1,equipo,3.0,True
EQUIPO031,oficial,2025-09,C02,fotodeteccion_previa,24,equipo,3.0,True
EQUIPO031,oficial,2025-09,D02,fotodeteccion_previa,1,equipo,3.0,True
EQUIPO031,oficial,2025-10,C02,agente,2,equipo,3.0,True
EQUIPO031,oficial,2025-10,C02,fotodeteccion_previa,15,equipo,3.0,True
EQUIPO031,oficial,2025-10,C24,agente,1,equipo,3.0,True
EQUIPO031,oficial,2025-10,D02,agente,1,equipo,3.0,True
EQUIPO031,oficial,2025-11,C02,fotodeteccion_previa,26,equipo,3.0,True
EQUIPO031,oficial,2025-11,C35,fotodeteccion_previa,2,equipo,3.0,True
EQUIPO031,oficial,2025-11,D02,fotodeteccion_previa,2,equipo,3.0,True
EQUIPO031,oficial,2025-12,C02,fotodeteccion_previa,16,equipo,3.0,True
EQUIPO031,oficial,2025-12,C35,fotodeteccion_previa,1,equipo,3.0,True
EQUIPO031,oficial,2026-01,C02,fotodeteccion_previa,17,equipo,3.0,True
EQUIPO031,oficial,2026-01,D02,fotodeteccion_previa,1,equipo,3.0,True
EQUIPO031,oficial,2026-02,C02,fotodeteccion_previa,18,equipo,3.0,True
EQUIPO031,oficial,2026-02,C14,agente,1,equipo,3.0,False
EQUIPO031,oficial,2026-02,C24,agente,1,equipo,3.0,True
EQUIPO031,oficial,2026-02,D01,agente,1,equipo,3.0,False
EQUIPO031,oficial,2026-03,C02,fotodeteccion_previa,17,equipo,3.0,True
EQUIPO031,oficial,2026-03,D02,fotodeteccion_previa,1,equipo,3.0,True
EQUIPO031,oficial,2026-04,C02,fotodeteccion_previa,7,equipo,3.0,True
EQUIPO031,oficial,2026-04,C35,fotodeteccion_previa,1,equipo,3.0,True
EQUIPO031,oficial,2026-05,C02,fotodeteccion_previa,5,equipo,3.0,True
EQUIPO031,oficial,2026-05,D02,fotodeteccion_previa,1,equipo,3.0,True
EQUIPO031,oficial,2026-06,C02,fotodeteccion_previa,6,equipo,3.0,True
EQUIPO031,oficial,2026-07,C02,agente,2,equipo,3.0,True
EQUIPO031,oficial,2026-07,C02,fotodeteccion_previa,5,equipo,3.0,True
EQUIPO031,oficial,2026-07,C31,agente,1,equipo,3.0,False
EQUIPO031,oficial,2026-08,C02,fotodeteccion_previa,5,equipo,,True
EQUIPO031,oficial,2026-08,C35,fotodeteccion_previa,1,equipo,,True
EQUIPO031,oficial,2026-08,D02,fotodeteccion_previa,1,equipo,,True
EQUIPO031,oficial,2026-09,C02,fotodeteccion_previa,10,equipo,,True
EQUIPO031,oficial,2026-09,C35,fotodeteccion_previa,2,equipo,,True
EQUIPO031,oficial,2026-09,D04,sast,451,equipo,,True
EQUIPO031,oficial,2026-09,H03,sast,50,equipo,,False
EQUIPO032,buffer15,2023-03,C02,agente,4,equipo,,True
EQUIPO032,buffer15,2023-04,C02,agente,3,equipo,,True
EQUIPO032,buffer15,2023-05,C02,agente,1,equipo,,True
EQUIPO032,buffer15,2023-06,C02,agente,7,equipo,,True
EQUIPO032,buffer15,2023-06,C03,agente,1,equipo,,True
EQUIPO032,buffer15,2023-07,C02,agente,2,equipo,,True
EQUIPO032,buffer15,2023-08,C02,agente,4,equipo,1.0,True
EQUIPO032,buffer15,2023-08,C24,agente,1,equipo,1.0,True
EQUIPO032,buffer15,2023-08,C35,agente,6,equipo,1.0,True
EQUIPO032,buffer15,2023-08,D02,agente,7,equipo,1.0,True
EQUIPO032,buffer15,2023-09,C02,agente,8,equipo,1.0,True
EQUIPO032,buffer15,2023-09,C24,agente,1,equipo,1.0,True
EQUIPO032,buffer15,2023-09,C31,agente,1,equipo,1.0,False
EQUIPO032,buffer15,2023-09,C35,agente,1,equipo,1.0,True
EQUIPO032,buffer15,2023-09,D04,agente,1,equipo,1.0,True
EQUIPO032,buffer15,2023-09,H02,agente,1,equipo,1.0,False
EQUIPO032,buffer15,2023-11,C02,agente,1,equipo,1.0,True
EQUIPO032,buffer15,2023-12,C02,agente,1,equipo,1.0,True
EQUIPO032,buffer15,2024-02,C02,agente,1,equipo,1.0,True
EQUIPO032,buffer15,2024-03,C02,fotodeteccion_previa,3,equipo,1.0,True
EQUIPO032,buffer15,2024-04,C02,agente,6,equipo,1.0,True
EQUIPO032,buffer15,2024-04,C02,fotodeteccion_previa,4,equipo,1.0,True
EQUIPO032,buffer15,2024-04,C14,agente,1,equipo,1.0,False
EQUIPO032,buffer15,2024-04,C24,agente,1,equipo,1.0,True
EQUIPO032,buffer15,2024-04,C35,agente,1,equipo,1.0,True
EQUIPO032,buffer15,2024-05,C02,agente,12,equipo,1.0,True
EQUIPO032,buffer15,2024-05,C02,fotodeteccion_previa,9,equipo,1.0,True
EQUIPO032,buffer15,2024-05,C14,agente,1,equipo,1.0,False
EQUIPO032,buffer15,2024-05,D02,fotodeteccion_previa,2,equipo,1.0,True
EQUIPO032,buffer15,2024-05,D05,agente,2,equipo,1.0,True
EQUIPO032,buffer15,2024-06,C02,agente,6,equipo,1.0,True
EQUIPO032,buffer15,2024-06,C02,fotodeteccion_previa,11,equipo,1.0,True
EQUIPO032,buffer15,2024-06,C35,fotodeteccion_previa,2,equipo,1.0,True
EQUIPO032,buffer15,2024-06,D02,fotodeteccion_previa,3,equipo,1.0,True
EQUIPO032,buffer15,2024-07,C02,agente,1,equipo,1.0,True
EQUIPO032,buffer15,2024-07,C02,fotodeteccion_previa,2,equipo,1.0,True
EQUIPO032,buffer15,2024-07,C32,agente,2,equipo,1.0,True
EQUIPO032,buffer15,2024-07,D05,agente,2,equipo,1.0,True
EQUIPO032,buffer15,2024-08,C02,fotodeteccion_previa,5,equipo,2.0,True
EQUIPO032,buffer15,2024-09,C02,fotodeteccion_previa,6,equipo,2.0,True
EQUIPO032,buffer15,2024-09,C24,agente,1,equipo,2.0,True
EQUIPO032,buffer15,2024-09,D02,agente,1,equipo,2.0,True
EQUIPO032,buffer15,2024-09,D02,fotodeteccion_previa,1,equipo,2.0,True
EQUIPO032,buffer15,2024-10,B02,agente,1,equipo,2.0,False
EQUIPO032,buffer15,2024-10,C02,agente,2,equipo,2.0,True
EQUIPO032,buffer15,2024-10,C02,fotodeteccion_previa,10,equipo,2.0,True
EQUIPO032,buffer15,2024-10,C35,fotodeteccion_previa,1,equipo,2.0,True
EQUIPO032,buffer15,2024-10,D03,agente,1,equipo,2.0,False
EQUIPO032,buffer15,2024-11,C02,agente,1,equipo,2.0,True
EQUIPO032,buffer15,2024-11,C02,fotodeteccion_previa,9,equipo,2.0,True
EQUIPO032,buffer15,2024-11,C35,agente,2,equipo,2.0,True
EQUIPO032,buffer15,2024-11,D02,agente,2,equipo,2.0,True
EQUIPO032,buffer15,2024-12,C02,fotodeteccion_previa,24,equipo,2.0,True
EQUIPO032,buffer15,2024-12,C35,fotodeteccion_previa,2,equipo,2.0,True
EQUIPO032,buffer15,2024-12,D02,fotodeteccion_previa,2,equipo,2.0,True
EQUIPO032,buffer15,2025-01,C02,agente,4,equipo,2.0,True
EQUIPO032,buffer15,2025-01,C02,fotodeteccion_previa,51,equipo,2.0,True
EQUIPO032,buffer15,2025-01,C35,fotodeteccion_previa,3,equipo,2.0,True
EQUIPO032,buffer15,2025-01,D02,fotodeteccion_previa,3,equipo,2.0,True
EQUIPO032,buffer15,2025-02,C02,fotodeteccion_previa,35,equipo,2.0,True
EQUIPO032,buffer15,2025-02,C35,fotodeteccion_previa,3,equipo,2.0,True
EQUIPO032,buffer15,2025-02,D02,fotodeteccion_previa,1,equipo,2.0,True
EQUIPO032,buffer15,2025-03,C02,agente,4,equipo,2.0,True
EQUIPO032,buffer15,2025-03,C02,fotodeteccion_previa,9,equipo,2.0,True
EQUIPO032,buffer15,2025-03,C35,fotodeteccion_previa,1,equipo,2.0,True
EQUIPO032,buffer15,2025-04,C02,agente,3,equipo,2.0,True
EQUIPO032,buffer15,2025-04,C02,fotodeteccion_previa,3,equipo,2.0,True
EQUIPO032,buffer15,2025-05,C02,agente,1,equipo,2.0,True
EQUIPO032,buffer15,2025-05,C02,fotodeteccion_previa,10,equipo,2.0,True
EQUIPO032,buffer15,2025-05,C32,agente,1,equipo,2.0,True
EQUIPO032,buffer15,2025-05,C35,fotodeteccion_previa,1,equipo,2.0,True
EQUIPO032,buffer15,2025-05,D02,fotodeteccion_previa,1,equipo,2.0,True
EQUIPO032,buffer15,2025-06,C02,agente,1,equipo,2.0,True
EQUIPO032,buffer15,2025-06,C02,fotodeteccion_previa,6,equipo,2.0,True
EQUIPO032,buffer15,2025-07,C02,fotodeteccion_previa,12,equipo,2.0,True
EQUIPO032,buffer15,2025-08,C02,fotodeteccion_previa,9,equipo,3.0,True
EQUIPO032,buffer15,2025-09,C02,fotodeteccion_previa,13,equipo,3.0,True
EQUIPO032,buffer15,2025-09,D02,fotodeteccion_previa,1,equipo,3.0,True
EQUIPO032,buffer15,2025-10,C02,agente,2,equipo,3.0,True
EQUIPO032,buffer15,2025-10,C02,fotodeteccion_previa,4,equipo,3.0,True
EQUIPO032,buffer15,2025-11,C02,fotodeteccion_previa,13,equipo,3.0,True
EQUIPO032,buffer15,2025-11,C35,fotodeteccion_previa,1,equipo,3.0,True
EQUIPO032,buffer15,2025-11,D02,fotodeteccion_previa,1,equipo,3.0,True
EQUIPO032,buffer15,2025-12,C02,fotodeteccion_previa,1,equipo,3.0,True
EQUIPO032,buffer15,2025-12,D03,agente,1,equipo,3.0,False
EQUIPO032,buffer15,2026-01,C02,fotodeteccion_previa,7,equipo,3.0,True
EQUIPO032,buffer15,2026-01,D02,fotodeteccion_previa,1,equipo,3.0,True
EQUIPO032,buffer15,2026-02,C02,agente,2,equipo,3.0,True
EQUIPO032,buffer15,2026-02,C02,fotodeteccion_previa,7,equipo,3.0,True
EQUIPO032,buffer15,2026-02,C14,agente,1,equipo,3.0,False
EQUIPO032,buffer15,2026-02,C24,agente,1,equipo,3.0,True
EQUIPO032,buffer15,2026-02,D01,agente,1,equipo,3.0,False
EQUIPO032,buffer15,2026-03,C02,fotodeteccion_previa,12,equipo,3.0,True
EQUIPO032,buffer15,2026-04,C02,fotodeteccion_previa,7,equipo,3.0,True
EQUIPO032,buffer15,2026-04,C35,fotodeteccion_previa,1,equipo,3.0,True
EQUIPO032,buffer15,2026-05,C02,agente,3,equipo,3.0,True
EQUIPO032,buffer15,2026-05,C02,fotodeteccion_previa,3,equipo,3.0,True
EQUIPO032,buffer15,2026-06,C02,fotodeteccion_previa,4,equipo,3.0,True
EQUIPO032,buffer15,2026-07,C02,agente,2,equipo,3.0,True
EQUIPO032,buffer15,2026-07,C02,fotodeteccion_previa,3,equipo,3.0,True
EQUIPO032,buffer15,2026-08,C02,agente,1,equipo,,True
EQUIPO032,buffer15,2026-08,C02,fotodeteccion_previa,2,equipo,,True
EQUIPO032,buffer15,2026-08,C35,fotodeteccion_previa,1,equipo,,True
EQUIPO032,buffer15,2026-08,D02,fotodeteccion_previa,1,equipo,,True
EQUIPO032,buffer15,2026-09,C02,agente,1,equipo,,True
EQUIPO032,buffer15,2026-09,C02,fotodeteccion_previa,10,equipo,,True
EQUIPO032,buffer15,2026-09,C35,fotodeteccion_previa,2,equipo,,True
EQUIPO032,buffer15,2026-09,D04,sast,663,equipo,,True
EQUIPO032,buffer15,2026-09,H03,sast,33,equipo,,False
EQUIPO032,estricto,2023-03,C02,agente,2,equipo,,True
EQUIPO032,estricto,2023-04,C02,agente,3,equipo,,True
EQUIPO032,estricto,2023-06,C02,agente,4,equipo,,True
EQUIPO032,estricto,2023-06,C03,agente,1,equipo,,True
EQUIPO032,estricto,2023-08,C02,agente,1,equipo,1.0,True
EQUIPO032,estricto,2023-08,C24,agente,1,equipo,1.0,True
EQUIPO032,estricto,2023-08,C35,agente,5,equipo,1.0,True
EQUIPO032,estricto,2023-08,D02,agente,6,equipo,1.0,True
EQUIPO032,estricto,2023-09,C02,agente,2,equipo,1.0,True
EQUIPO032,estricto,2023-09,D04,agente,1,equipo,1.0,True
EQUIPO032,estricto,2023-12,C02,agente,1,equipo,1.0,True
EQUIPO032,estricto,2024-02,C02,agente,1,equipo,1.0,True
EQUIPO032,estricto,2024-03,C02,fotodeteccion_previa,3,equipo,1.0,True
EQUIPO032,estricto,2024-04,C02,agente,5,equipo,1.0,True
EQUIPO032,estricto,2024-04,C02,fotodeteccion_previa,4,equipo,1.0,True
EQUIPO032,estricto,2024-04,C24,agente,1,equipo,1.0,True
EQUIPO032,estricto,2024-05,C02,agente,5,equipo,1.0,True
EQUIPO032,estricto,2024-05,C02,fotodeteccion_previa,9,equipo,1.0,True
EQUIPO032,estricto,2024-05,D02,fotodeteccion_previa,2,equipo,1.0,True
EQUIPO032,estricto,2024-06,C02,agente,5,equipo,1.0,True
EQUIPO032,estricto,2024-06,C02,fotodeteccion_previa,11,equipo,1.0,True
EQUIPO032,estricto,2024-06,C35,fotodeteccion_previa,2,equipo,1.0,True
EQUIPO032,estricto,2024-06,D02,fotodeteccion_previa,3,equipo,1.0,True
EQUIPO032,estricto,2024-07,C02,agente,1,equipo,1.0,True
EQUIPO032,estricto,2024-07,C02,fotodeteccion_previa,2,equipo,1.0,True
EQUIPO032,estricto,2024-07,C32,agente,2,equipo,1.0,True
EQUIPO032,estricto,2024-07,D05,agente,2,equipo,1.0,True
EQUIPO032,estricto,2024-08,C02,fotodeteccion_previa,5,equipo,2.0,True
EQUIPO032,estricto,2024-09,C02,fotodeteccion_previa,4,equipo,2.0,True
EQUIPO032,estricto,2024-09,D02,agente,1,equipo,2.0,True
EQUIPO032,estricto,2024-09,D02,fotodeteccion_previa,1,equipo,2.0,True
EQUIPO032,estricto,2024-10,B02,agente,1,equipo,2.0,False
EQUIPO032,estricto,2024-10,C02,agente,2,equipo,2.0,True
EQUIPO032,estricto,2024-10,C02,fotodeteccion_previa,8,equipo,2.0,True
EQUIPO032,estricto,2024-11,C02,agente,1,equipo,2.0,True
EQUIPO032,estricto,2024-11,C02,fotodeteccion_previa,7,equipo,2.0,True
EQUIPO032,estricto,2024-11,C35,agente,1,equipo,2.0,True
EQUIPO032,estricto,2024-11,D02,agente,1,equipo,2.0,True
EQUIPO032,estricto,2024-12,C02,fotodeteccion_previa,15,equipo,2.0,True
EQUIPO032,estricto,2024-12,C35,fotodeteccion_previa,2,equipo,2.0,True
EQUIPO032,estricto,2024-12,D02,fotodeteccion_previa,2,equipo,2.0,True
EQUIPO032,estricto,2025-01,C02,agente,3,equipo,2.0,True
EQUIPO032,estricto,2025-01,C02,fotodeteccion_previa,44,equipo,2.0,True
EQUIPO032,estricto,2025-01,C35,fotodeteccion_previa,3,equipo,2.0,True
EQUIPO032,estricto,2025-01,D02,fotodeteccion_previa,3,equipo,2.0,True
EQUIPO032,estricto,2025-02,C02,fotodeteccion_previa,21,equipo,2.0,True
EQUIPO032,estricto,2025-02,C35,fotodeteccion_previa,1,equipo,2.0,True
EQUIPO032,estricto,2025-02,D02,fotodeteccion_previa,1,equipo,2.0,True
EQUIPO032,estricto,2025-03,C02,agente,4,equipo,2.0,True
EQUIPO032,estricto,2025-03,C02,fotodeteccion_previa,9,equipo,2.0,True
EQUIPO032,estricto,2025-03,C35,fotodeteccion_previa,1,equipo,2.0,True
EQUIPO032,estricto,2025-04,C02,agente,1,equipo,2.0,True
EQUIPO032,estricto,2025-04,C02,fotodeteccion_previa,3,equipo,2.0,True
EQUIPO032,estricto,2025-05,C02,agente,1,equipo,2.0,True
EQUIPO032,estricto,2025-05,C02,fotodeteccion_previa,10,equipo,2.0,True
EQUIPO032,estricto,2025-05,C32,agente,1,equipo,2.0,True
EQUIPO032,estricto,2025-05,C35,fotodeteccion_previa,1,equipo,2.0,True
EQUIPO032,estricto,2025-05,D02,fotodeteccion_previa,1,equipo,2.0,True
EQUIPO032,estricto,2025-06,C02,agente,1,equipo,2.0,True
EQUIPO032,estricto,2025-06,C02,fotodeteccion_previa,6,equipo,2.0,True
EQUIPO032,estricto,2025-07,C02,fotodeteccion_previa,12,equipo,2.0,True
EQUIPO032,estricto,2025-08,C02,fotodeteccion_previa,9,equipo,3.0,True
EQUIPO032,estricto,2025-09,C02,fotodeteccion_previa,13,equipo,3.0,True
EQUIPO032,estricto,2025-09,D02,fotodeteccion_previa,1,equipo,3.0,True
EQUIPO032,estricto,2025-10,C02,agente,2,equipo,3.0,True
EQUIPO032,estricto,2025-10,C02,fotodeteccion_previa,4,equipo,3.0,True
EQUIPO032,estricto,2025-11,C02,fotodeteccion_previa,13,equipo,3.0,True
EQUIPO032,estricto,2025-11,C35,fotodeteccion_previa,1,equipo,3.0,True
EQUIPO032,estricto,2025-11,D02,fotodeteccion_previa,1,equipo,3.0,True
EQUIPO032,estricto,2025-12,C02,fotodeteccion_previa,1,equipo,3.0,True
EQUIPO032,estricto,2025-12,D03,agente,1,equipo,3.0,False
EQUIPO032,estricto,2026-01,C02,fotodeteccion_previa,7,equipo,3.0,True
EQUIPO032,estricto,2026-01,D02,fotodeteccion_previa,1,equipo,3.0,True
EQUIPO032,estricto,2026-02,C02,agente,2,equipo,3.0,True
EQUIPO032,estricto,2026-02,C02,fotodeteccion_previa,7,equipo,3.0,True
EQUIPO032,estricto,2026-03,C02,fotodeteccion_previa,12,equipo,3.0,True
EQUIPO032,estricto,2026-04,C02,fotodeteccion_previa,7,equipo,3.0,True
EQUIPO032,estricto,2026-04,C35,fotodeteccion_previa,1,equipo,3.0,True
EQUIPO032,estricto,2026-05,C02,agente,2,equipo,3.0,True
EQUIPO032,estricto,2026-05,C02,fotodeteccion_previa,3,equipo,3.0,True
EQUIPO032,estricto,2026-06,C02,fotodeteccion_previa,4,equipo,3.0,True
EQUIPO032,estricto,2026-07,C02,fotodeteccion_previa,3,equipo,3.0,True
EQUIPO032,estricto,2026-08,C02,fotodeteccion_previa,2,equipo,,True
EQUIPO032,estricto,2026-08,C35,fotodeteccion_previa,1,equipo,,True
EQUIPO032,estricto,2026-08,D02,fotodeteccion_previa,1,equipo,,True
EQUIPO032,estricto,2026-09,C02,agente,1,equipo,,True
EQUIPO032,estricto,2026-09,C02,fotodeteccion_previa,10,equipo,,True
EQUIPO032,estricto,2026-09,C35,fotodeteccion_previa,2,equipo,,True
EQUIPO032,estricto,2026-09,D04,sast,663,equipo,,True
EQUIPO032,estricto,2026-09,H03,sast,33,equipo,,False
EQUIPO032,oficial,2023-03,C02,agente,2,equipo,,True
EQUIPO032,oficial,2023-04,C02,agente,3,equipo,,True
EQUIPO032,oficial,2023-06,C02,agente,4,equipo,,True
EQUIPO032,oficial,2023-06,C03,agente,1,equipo,,True
EQUIPO032,oficial,2023-08,C02,agente,1,equipo,1.0,True
EQUIPO032,oficial,2023-08,C24,agente,1,equipo,1.0,True
EQUIPO032,oficial,2023-08,C35,agente,6,equipo,1.0,True
EQUIPO032,oficial,2023-08,D02,agente,6,equipo,1.0,True
EQUIPO032,oficial,2023-09,C02,agente,2,equipo,1.0,True
EQUIPO032,oficial,2023-09,D04,agente,1,equipo,1.0,True
EQUIPO032,oficial,2023-12,C02,agente,1,equipo,1.0,True
EQUIPO032,oficial,2024-02,C02,agente,1,equipo,1.0,True
EQUIPO032,oficial,2024-03,C02,fotodeteccion_previa,3,equipo,1.0,True
EQUIPO032,oficial,2024-04,C02,agente,5,equipo,1.0,True
EQUIPO032,oficial,2024-04,C02,fotodeteccion_previa,4,equipo,1.0,True
EQUIPO032,oficial,2024-04,C24,agente,1,equipo,1.0,True
EQUIPO032,oficial,2024-05,C02,agente,6,equipo,1.0,True
EQUIPO032,oficial,2024-05,C02,fotodeteccion_previa,9,equipo,1.0,True
EQUIPO032,oficial,2024-05,C14,agente,1,equipo,1.0,False
EQUIPO032,oficial,2024-05,D02,fotodeteccion_previa,2,equipo,1.0,True
EQUIPO032,oficial,2024-05,D05,agente,2,equipo,1.0,True
EQUIPO032,oficial,2024-06,C02,agente,5,equipo,1.0,True
EQUIPO032,oficial,2024-06,C02,fotodeteccion_previa,11,equipo,1.0,True
EQUIPO032,oficial,2024-06,C35,fotodeteccion_previa,2,equipo,1.0,True
EQUIPO032,oficial,2024-06,D02,fotodeteccion_previa,3,equipo,1.0,True
EQUIPO032,oficial,2024-07,C02,agente,1,equipo,1.0,True
EQUIPO032,oficial,2024-07,C02,fotodeteccion_previa,2,equipo,1.0,True
EQUIPO032,oficial,2024-07,C32,agente,2,equipo,1.0,True
EQUIPO032,oficial,2024-07,D05,agente,2,equipo,1.0,True
EQUIPO032,oficial,2024-08,C02,fotodeteccion_previa,5,equipo,2.0,True
EQUIPO032,oficial,2024-09,C02,fotodeteccion_previa,4,equipo,2.0,True
EQUIPO032,oficial,2024-09,C24,agente,1,equipo,2.0,True
EQUIPO032,oficial,2024-09,D02,agente,1,equipo,2.0,True
EQUIPO032,oficial,2024-09,D02,fotodeteccion_previa,1,equipo,2.0,True
EQUIPO032,oficial,2024-10,B02,agente,1,equipo,2.0,False
EQUIPO032,oficial,2024-10,C02,agente,2,equipo,2.0,True
EQUIPO032,oficial,2024-10,C02,fotodeteccion_previa,8,equipo,2.0,True
EQUIPO032,oficial,2024-10,D03,agente,1,equipo,2.0,False
EQUIPO032,oficial,2024-11,C02,agente,1,equipo,2.0,True
EQUIPO032,oficial,2024-11,C02,fotodeteccion_previa,7,equipo,2.0,True
EQUIPO032,oficial,2024-11,C35,agente,2,equipo,2.0,True
EQUIPO032,oficial,2024-11,D02,agente,2,equipo,2.0,True
EQUIPO032,oficial,2024-12,C02,fotodeteccion_previa,15,equipo,2.0,True
EQUIPO032,oficial,2024-12,C35,fotodeteccion_previa,2,equipo,2.0,True
EQUIPO032,oficial,2024-12,D02,fotodeteccion_previa,2,equipo,2.0,True
EQUIPO032,oficial,2025-01,C02,agente,3,equipo,2.0,True
EQUIPO032,oficial,2025-01,C02,fotodeteccion_previa,44,equipo,2.0,True
EQUIPO032,oficial,2025-01,C35,fotodeteccion_previa,3,equipo,2.0,True
EQUIPO032,oficial,2025-01,D02,fotodeteccion_previa,3,equipo,2.0,True
EQUIPO032,oficial,2025-02,C02,fotodeteccion_previa,21,equipo,2.0,True
EQUIPO032,oficial,2025-02,C35,fotodeteccion_previa,1,equipo,2.0,True
EQUIPO032,oficial,2025-02,D02,fotodeteccion_previa,1,equipo,2.0,True
EQUIPO032,oficial,2025-03,C02,agente,4,equipo,2.0,True
EQUIPO032,oficial,2025-03,C02,fotodeteccion_previa,9,equipo,2.0,True
EQUIPO032,oficial,2025-03,C35,fotodeteccion_previa,1,equipo,2.0,True
EQUIPO032,oficial,2025-04,C02,agente,1,equipo,2.0,True
EQUIPO032,oficial,2025-04,C02,fotodeteccion_previa,3,equipo,2.0,True
EQUIPO032,oficial,2025-05,C02,agente,1,equipo,2.0,True
EQUIPO032,oficial,2025-05,C02,fotodeteccion_previa,10,equipo,2.0,True
EQUIPO032,oficial,2025-05,C32,agente,1,equipo,2.0,True
EQUIPO032,oficial,2025-05,C35,fotodeteccion_previa,1,equipo,2.0,True
EQUIPO032,oficial,2025-05,D02,fotodeteccion_previa,1,equipo,2.0,True
EQUIPO032,oficial,2025-06,C02,agente,1,equipo,2.0,True
EQUIPO032,oficial,2025-06,C02,fotodeteccion_previa,6,equipo,2.0,True
EQUIPO032,oficial,2025-07,C02,fotodeteccion_previa,12,equipo,2.0,True
EQUIPO032,oficial,2025-08,C02,fotodeteccion_previa,9,equipo,3.0,True
EQUIPO032,oficial,2025-09,C02,fotodeteccion_previa,13,equipo,3.0,True
EQUIPO032,oficial,2025-09,D02,fotodeteccion_previa,1,equipo,3.0,True
EQUIPO032,oficial,2025-10,C02,agente,2,equipo,3.0,True
EQUIPO032,oficial,2025-10,C02,fotodeteccion_previa,4,equipo,3.0,True
EQUIPO032,oficial,2025-11,C02,fotodeteccion_previa,13,equipo,3.0,True
EQUIPO032,oficial,2025-11,C35,fotodeteccion_previa,1,equipo,3.0,True
EQUIPO032,oficial,2025-11,D02,fotodeteccion_previa,1,equipo,3.0,True
EQUIPO032,oficial,2025-12,C02,fotodeteccion_previa,1,equipo,3.0,True
EQUIPO032,oficial,2025-12,D03,agente,1,equipo,3.0,False
EQUIPO032,oficial,2026-01,C02,fotodeteccion_previa,7,equipo,3.0,True
EQUIPO032,oficial,2026-01,D02,fotodeteccion_previa,1,equipo,3.0,True
EQUIPO032,oficial,2026-02,C02,agente,2,equipo,3.0,True
EQUIPO032,oficial,2026-02,C02,fotodeteccion_previa,7,equipo,3.0,True
EQUIPO032,oficial,2026-02,C14,agente,1,equipo,3.0,False
EQUIPO032,oficial,2026-02,C24,agente,1,equipo,3.0,True
EQUIPO032,oficial,2026-02,D01,agente,1,equipo,3.0,False
EQUIPO032,oficial,2026-03,C02,fotodeteccion_previa,12,equipo,3.0,True
EQUIPO032,oficial,2026-04,C02,fotodeteccion_previa,7,equipo,3.0,True
EQUIPO032,oficial,2026-04,C35,fotodeteccion_previa,1,equipo,3.0,True
EQUIPO032,oficial,2026-05,C02,agente,2,equipo,3.0,True
EQUIPO032,oficial,2026-05,C02,fotodeteccion_previa,3,equipo,3.0,True
EQUIPO032,oficial,2026-06,C02,fotodeteccion_previa,4,equipo,3.0,True
EQUIPO032,oficial,2026-07,C02,agente,2,equipo,3.0,True
EQUIPO032,oficial,2026-07,C02,fotodeteccion_previa,3,equipo,3.0,True
EQUIPO032,oficial,2026-08,C02,agente,1,equipo,,True
EQUIPO032,oficial,2026-08,C02,fotodeteccion_previa,2,equipo,,True
EQUIPO032,oficial,2026-08,C35,fotodeteccion_previa,1,equipo,,True
EQUIPO032,oficial,2026-08,D02,fotodeteccion_previa,1,equipo,,True
EQUIPO032,oficial,2026-09,C02,agente,1,equipo,,True
EQUIPO032,oficial,2026-09,C02,fotodeteccion_previa,10,equipo,,True
EQUIPO032,oficial,2026-09,C35,fotodeteccion_previa,2,equipo,,True
EQUIPO032,oficial,2026-09,D04,sast,663,equipo,,True
EQUIPO032,oficial,2026-09,H03,sast,33,equipo,,False
EQUIPO041,buffer15,2023-02,C02,agente,2,equipo,,True
EQUIPO041,buffer15,2023-03,A04,agente,1,equipo,,False
EQUIPO041,buffer15,2023-03,C02,agente,9,equipo,,True
EQUIPO041,buffer15,2023-03,D01,agente,2,equipo,,False
EQUIPO041,buffer15,2023-03,H03,agente,2,equipo,,False
EQUIPO041,buffer15,2023-04,C02,agente,10,equipo,,True
EQUIPO041,buffer15,2023-05,C02,agente,76,equipo,,True
EQUIPO041,buffer15,2023-05,C03,agente,1,equipo,,True
EQUIPO041,buffer15,2023-05,C24,agente,1,equipo,,True
EQUIPO041,buffer15,2023-05,D02,agente,4,equipo,,True
EQUIPO041,buffer15,2023-05,D05,agente,2,equipo,,True
EQUIPO041,buffer15,2023-06,B22,agente,1,equipo,,False
EQUIPO041,buffer15,2023-06,C01,agente,2,equipo,,False
EQUIPO041,buffer15,2023-06,C02,agente,96,equipo,,True
EQUIPO041,buffer15,2023-06,C03,agente,11,equipo,,True
EQUIPO041,buffer15,2023-06,C06,agente,1,equipo,,False
EQUIPO041,buffer15,2023-06,C24,agente,8,equipo,,True
EQUIPO041,buffer15,2023-06,C31,agente,1,equipo,,False
EQUIPO041,buffer15,2023-06,C35,agente,3,equipo,,True
EQUIPO041,buffer15,2023-06,D01,agente,1,equipo,,False
EQUIPO041,buffer15,2023-06,D02,agente,2,equipo,,True
EQUIPO041,buffer15,2023-06,H03,agente,2,equipo,,False
EQUIPO041,buffer15,2023-07,A05,agente,1,equipo,,False
EQUIPO041,buffer15,2023-07,B02,agente,1,equipo,,False
EQUIPO041,buffer15,2023-07,C02,agente,54,equipo,,True
EQUIPO041,buffer15,2023-07,C24,agente,1,equipo,,True
EQUIPO041,buffer15,2023-07,C31,agente,2,equipo,,False
EQUIPO041,buffer15,2023-07,C32,agente,1,equipo,,True
EQUIPO041,buffer15,2023-07,C35,agente,1,equipo,,True
EQUIPO041,buffer15,2023-07,D03,agente,1,equipo,,False
EQUIPO041,buffer15,2023-07,D04,agente,2,equipo,,True
EQUIPO041,buffer15,2023-07,D05,agente,1,equipo,,True
EQUIPO041,buffer15,2023-07,H03,agente,1,equipo,,False
EQUIPO041,buffer15,2023-08,C02,agente,36,equipo,1.0,True
EQUIPO041,buffer15,2023-08,C31,agente,1,equipo,1.0,False
EQUIPO041,buffer15,2023-08,C32,agente,2,equipo,1.0,True
EQUIPO041,buffer15,2023-08,D02,agente,1,equipo,1.0,True
EQUIPO041,buffer15,2023-08,D04,agente,2,equipo,1.0,True
EQUIPO041,buffer15,2023-08,D05,agente,2,equipo,1.0,True
EQUIPO041,buffer15,2023-08,H02,agente,1,equipo,1.0,False
EQUIPO041,buffer15,2023-08,H03,agente,3,equipo,1.0,False
EQUIPO041,buffer15,2023-09,C02,agente,46,equipo,1.0,True
EQUIPO041,buffer15,2023-09,C14,agente,2,equipo,1.0,False
EQUIPO041,buffer15,2023-09,C24,agente,1,equipo,1.0,True
EQUIPO041,buffer15,2023-10,C02,agente,80,equipo,1.0,True
EQUIPO041,buffer15,2023-10,D03,agente,1,equipo,1.0,False
EQUIPO041,buffer15,2023-10,D07,agente,1,equipo,1.0,False
EQUIPO041,buffer15,2023-10,H03,agente,1,equipo,1.0,False
EQUIPO041,buffer15,2023-11,C02,agente,8,equipo,1.0,True
EQUIPO041,buffer15,2023-11,C31,agente,2,equipo,1.0,False
EQUIPO041,buffer15,2023-12,A05,agente,1,equipo,1.0,False
EQUIPO041,buffer15,2023-12,C02,agente,5,equipo,1.0,True
EQUIPO041,buffer15,2023-12,C31,agente,1,equipo,1.0,False
EQUIPO041,buffer15,2023-12,D05,agente,1,equipo,1.0,True
EQUIPO041,buffer15,2023-12,H03,agente,1,equipo,1.0,False
EQUIPO041,buffer15,2024-01,C02,agente,7,equipo,1.0,True
EQUIPO041,buffer15,2024-01,C03,agente,1,equipo,1.0,True
EQUIPO041,buffer15,2024-02,C02,agente,15,equipo,1.0,True
EQUIPO041,buffer15,2024-03,C02,agente,10,equipo,1.0,True
EQUIPO041,buffer15,2024-03,C02,fotodeteccion_previa,19,equipo,1.0,True
EQUIPO041,buffer15,2024-03,C35,fotodeteccion_previa,2,equipo,1.0,True
EQUIPO041,buffer15,2024-03,D02,fotodeteccion_previa,1,equipo,1.0,True
EQUIPO041,buffer15,2024-04,A01,agente,1,equipo,1.0,False
EQUIPO041,buffer15,2024-04,B09,agente,1,equipo,1.0,False
EQUIPO041,buffer15,2024-04,C02,agente,55,equipo,1.0,True
EQUIPO041,buffer15,2024-04,C02,fotodeteccion_previa,17,equipo,1.0,True
EQUIPO041,buffer15,2024-04,C31,agente,1,equipo,1.0,False
EQUIPO041,buffer15,2024-04,C35,agente,2,equipo,1.0,True
EQUIPO041,buffer15,2024-04,C35,fotodeteccion_previa,1,equipo,1.0,True
EQUIPO041,buffer15,2024-04,D02,agente,1,equipo,1.0,True
EQUIPO041,buffer15,2024-04,D02,fotodeteccion_previa,2,equipo,1.0,True
EQUIPO041,buffer15,2024-04,D04,agente,2,equipo,1.0,True
EQUIPO041,buffer15,2024-04,D07,agente,1,equipo,1.0,False
EQUIPO041,buffer15,2024-04,H01,agente,1,equipo,1.0,False
EQUIPO041,buffer15,2024-05,C02,agente,29,equipo,1.0,True
EQUIPO041,buffer15,2024-05,C02,fotodeteccion_previa,17,equipo,1.0,True
EQUIPO041,buffer15,2024-05,C15,agente,1,equipo,1.0,False
EQUIPO041,buffer15,2024-05,C24,agente,13,equipo,1.0,True
EQUIPO041,buffer15,2024-05,C31,agente,2,equipo,1.0,False
EQUIPO041,buffer15,2024-05,C35,agente,1,equipo,1.0,True
EQUIPO041,buffer15,2024-05,C35,fotodeteccion_previa,1,equipo,1.0,True
EQUIPO041,buffer15,2024-05,D02,agente,1,equipo,1.0,True
EQUIPO041,buffer15,2024-05,D02,fotodeteccion_previa,1,equipo,1.0,True
EQUIPO041,buffer15,2024-05,D04,agente,48,equipo,1.0,True
EQUIPO041,buffer15,2024-05,D05,agente,9,equipo,1.0,True
EQUIPO041,buffer15,2024-06,C02,agente,36,equipo,1.0,True
EQUIPO041,buffer15,2024-06,C02,fotodeteccion_previa,29,equipo,1.0,True
EQUIPO041,buffer15,2024-06,C32,agente,1,equipo,1.0,True
EQUIPO041,buffer15,2024-06,C35,agente,4,equipo,1.0,True
EQUIPO041,buffer15,2024-06,C35,fotodeteccion_previa,2,equipo,1.0,True
EQUIPO041,buffer15,2024-06,D02,agente,2,equipo,1.0,True
EQUIPO041,buffer15,2024-06,D02,fotodeteccion_previa,2,equipo,1.0,True
EQUIPO041,buffer15,2024-06,D04,agente,2,equipo,1.0,True
EQUIPO041,buffer15,2024-07,C02,agente,47,equipo,1.0,True
EQUIPO041,buffer15,2024-07,C02,fotodeteccion_previa,31,equipo,1.0,True
EQUIPO041,buffer15,2024-07,C24,agente,1,equipo,1.0,True
EQUIPO041,buffer15,2024-07,C32,agente,4,equipo,1.0,True
EQUIPO041,buffer15,2024-07,C35,agente,2,equipo,1.0,True
EQUIPO041,buffer15,2024-07,C35,fotodeteccion_previa,1,equipo,1.0,True
EQUIPO041,buffer15,2024-07,D02,agente,2,equipo,1.0,True
EQUIPO041,buffer15,2024-07,D02,fotodeteccion_previa,2,equipo,1.0,True
EQUIPO041,buffer15,2024-07,D03,agente,1,equipo,1.0,False
EQUIPO041,buffer15,2024-07,D04,agente,2,equipo,1.0,True
EQUIPO041,buffer15,2024-08,C02,agente,18,equipo,2.0,True
EQUIPO041,buffer15,2024-08,C02,fotodeteccion_previa,26,equipo,2.0,True
EQUIPO041,buffer15,2024-08,D02,fotodeteccion_previa,1,equipo,2.0,True
EQUIPO041,buffer15,2024-09,C02,agente,17,equipo,2.0,True
EQUIPO041,buffer15,2024-09,C02,fotodeteccion_previa,24,equipo,2.0,True
EQUIPO041,buffer15,2024-09,C24,agente,1,equipo,2.0,True
EQUIPO041,buffer15,2024-09,C35,agente,1,equipo,2.0,True
EQUIPO041,buffer15,2024-09,C35,fotodeteccion_previa,2,equipo,2.0,True
EQUIPO041,buffer15,2024-09,D02,agente,2,equipo,2.0,True
EQUIPO041,buffer15,2024-09,D02,fotodeteccion_previa,2,equipo,2.0,True
EQUIPO041,buffer15,2024-09,D03,agente,1,equipo,2.0,False
EQUIPO041,buffer15,2024-09,D04,agente,15,equipo,2.0,True
EQUIPO041,buffer15,2024-09,D05,agente,2,equipo,2.0,True
EQUIPO041,buffer15,2024-09,H03,agente,1,equipo,2.0,False
EQUIPO041,buffer15,2024-10,C02,agente,22,equipo,2.0,True
EQUIPO041,buffer15,2024-10,C02,fotodeteccion_previa,16,equipo,2.0,True
EQUIPO041,buffer15,2024-10,C35,fotodeteccion_previa,3,equipo,2.0,True
EQUIPO041,buffer15,2024-10,D02,agente,2,equipo,2.0,True
EQUIPO041,buffer15,2024-10,D02,fotodeteccion_previa,1,equipo,2.0,True
EQUIPO041,buffer15,2024-10,D03,agente,1,equipo,2.0,False
EQUIPO041,buffer15,2024-10,D04,agente,3,equipo,2.0,True
EQUIPO041,buffer15,2024-10,H03,agente,1,equipo,2.0,False
EQUIPO041,buffer15,2024-11,C02,agente,12,equipo,2.0,True
EQUIPO041,buffer15,2024-11,C02,fotodeteccion_previa,21,equipo,2.0,True
EQUIPO041,buffer15,2024-11,C32,agente,1,equipo,2.0,True
EQUIPO041,buffer15,2024-11,C35,agente,2,equipo,2.0,True
EQUIPO041,buffer15,2024-11,C35,fotodeteccion_previa,1,equipo,2.0,True
EQUIPO041,buffer15,2024-11,D02,agente,5,equipo,2.0,True
EQUIPO041,buffer15,2024-12,C02,agente,26,equipo,2.0,True
EQUIPO041,buffer15,2024-12,C02,fotodeteccion_previa,31,equipo,2.0,True
EQUIPO041,buffer15,2024-12,C32,agente,2,equipo,2.0,True
EQUIPO041,buffer15,2024-12,C35,fotodeteccion_previa,3,equipo,2.0,True
EQUIPO041,buffer15,2024-12,D02,agente,2,equipo,2.0,True
EQUIPO041,buffer15,2024-12,D02,fotodeteccion_previa,4,equipo,2.0,True
EQUIPO041,buffer15,2024-12,D04,agente,1,equipo,2.0,True
EQUIPO041,buffer15,2024-12,H02,agente,1,equipo,2.0,False
EQUIPO041,buffer15,2025-01,C02,agente,15,equipo,2.0,True
EQUIPO041,buffer15,2025-01,C02,fotodeteccion_previa,42,equipo,2.0,True
EQUIPO041,buffer15,2025-01,C35,fotodeteccion_previa,4,equipo,2.0,True
EQUIPO041,buffer15,2025-01,D02,fotodeteccion_previa,2,equipo,2.0,True
EQUIPO041,buffer15,2025-02,C02,agente,15,equipo,2.0,True
EQUIPO041,buffer15,2025-02,C02,fotodeteccion_previa,30,equipo,2.0,True
EQUIPO041,buffer15,2025-02,C35,fotodeteccion_previa,1,equipo,2.0,True
EQUIPO041,buffer15,2025-03,C02,agente,38,equipo,2.0,True
EQUIPO041,buffer15,2025-03,C02,fotodeteccion_previa,52,equipo,2.0,True
EQUIPO041,buffer15,2025-03,C32,agente,3,equipo,2.0,True
EQUIPO041,buffer15,2025-03,C35,fotodeteccion_previa,5,equipo,2.0,True
EQUIPO041,buffer15,2025-03,D02,agente,5,equipo,2.0,True
EQUIPO041,buffer15,2025-03,D02,fotodeteccion_previa,1,equipo,2.0,True
EQUIPO041,buffer15,2025-03,D03,agente,1,equipo,2.0,False
EQUIPO041,buffer15,2025-03,D04,agente,5,equipo,2.0,True
EQUIPO041,buffer15,2025-04,C02,agente,16,equipo,2.0,True
EQUIPO041,buffer15,2025-04,C02,fotodeteccion_previa,45,equipo,2.0,True
EQUIPO041,buffer15,2025-04,C14,agente,1,equipo,2.0,False
EQUIPO041,buffer15,2025-04,C31,agente,1,equipo,2.0,False
EQUIPO041,buffer15,2025-04,C35,agente,2,equipo,2.0,True
EQUIPO041,buffer15,2025-04,C35,fotodeteccion_previa,1,equipo,2.0,True
EQUIPO041,buffer15,2025-04,D02,agente,4,equipo,2.0,True
EQUIPO041,buffer15,2025-04,D02,fotodeteccion_previa,3,equipo,2.0,True
EQUIPO041,buffer15,2025-04,D03,agente,6,equipo,2.0,False
EQUIPO041,buffer15,2025-04,D04,agente,2,equipo,2.0,True
EQUIPO041,buffer15,2025-05,C02,agente,1,equipo,2.0,True
EQUIPO041,buffer15,2025-05,C02,fotodeteccion_previa,65,equipo,2.0,True
EQUIPO041,buffer15,2025-05,C32,agente,1,equipo,2.0,True
EQUIPO041,buffer15,2025-05,C35,fotodeteccion_previa,6,equipo,2.0,True
EQUIPO041,buffer15,2025-05,D02,fotodeteccion_previa,4,equipo,2.0,True
EQUIPO041,buffer15,2025-05,D07,agente,1,equipo,2.0,False
EQUIPO041,buffer15,2025-06,C02,agente,7,equipo,2.0,True
EQUIPO041,buffer15,2025-06,C02,fotodeteccion_previa,45,equipo,2.0,True
EQUIPO041,buffer15,2025-06,C35,agente,2,equipo,2.0,True
EQUIPO041,buffer15,2025-06,C35,fotodeteccion_previa,3,equipo,2.0,True
EQUIPO041,buffer15,2025-06,D02,agente,4,equipo,2.0,True
EQUIPO041,buffer15,2025-06,D02,fotodeteccion_previa,2,equipo,2.0,True
EQUIPO041,buffer15,2025-06,D03,agente,2,equipo,2.0,False
EQUIPO041,buffer15,2025-07,C02,agente,2,equipo,2.0,True
EQUIPO041,buffer15,2025-07,C02,fotodeteccion_previa,73,equipo,2.0,True
EQUIPO041,buffer15,2025-07,C35,fotodeteccion_previa,5,equipo,2.0,True
EQUIPO041,buffer15,2025-07,D02,fotodeteccion_previa,6,equipo,2.0,True
EQUIPO041,buffer15,2025-08,C02,agente,2,equipo,3.0,True
EQUIPO041,buffer15,2025-08,C02,fotodeteccion_previa,43,equipo,3.0,True
EQUIPO041,buffer15,2025-08,C35,fotodeteccion_previa,4,equipo,3.0,True
EQUIPO041,buffer15,2025-08,D02,fotodeteccion_previa,5,equipo,3.0,True
EQUIPO041,buffer15,2025-09,C02,agente,10,equipo,3.0,True
EQUIPO041,buffer15,2025-09,C02,fotodeteccion_previa,27,equipo,3.0,True
EQUIPO041,buffer15,2025-09,D01,agente,1,equipo,3.0,False
EQUIPO041,buffer15,2025-09,D02,agente,2,equipo,3.0,True
EQUIPO041,buffer15,2025-10,B03,agente,2,equipo,3.0,False
EQUIPO041,buffer15,2025-10,B04,agente,1,equipo,3.0,False
EQUIPO041,buffer15,2025-10,C02,agente,2,equipo,3.0,True
EQUIPO041,buffer15,2025-10,C02,fotodeteccion_previa,24,equipo,3.0,True
EQUIPO041,buffer15,2025-10,C35,fotodeteccion_previa,1,equipo,3.0,True
EQUIPO041,buffer15,2025-10,D02,fotodeteccion_previa,1,equipo,3.0,True
EQUIPO041,buffer15,2025-10,D03,agente,1,equipo,3.0,False
EQUIPO041,buffer15,2025-10,D05,agente,1,equipo,3.0,True
EQUIPO041,buffer15,2025-11,C02,agente,4,equipo,3.0,True
EQUIPO041,buffer15,2025-11,C02,fotodeteccion_previa,7,equipo,3.0,True
EQUIPO041,buffer15,2025-11,D02,agente,2,equipo,3.0,True
EQUIPO041,buffer15,2025-12,C02,agente,3,equipo,3.0,True
EQUIPO041,buffer15,2025-12,C02,fotodeteccion_previa,9,equipo,3.0,True
EQUIPO041,buffer15,2025-12,C14,agente,1,equipo,3.0,False
EQUIPO041,buffer15,2025-12,C24,agente,1,equipo,3.0,True
EQUIPO041,buffer15,2025-12,C35,agente,1,equipo,3.0,True
EQUIPO041,buffer15,2025-12,C35,fotodeteccion_previa,2,equipo,3.0,True
EQUIPO041,buffer15,2025-12,D01,agente,1,equipo,3.0,False
EQUIPO041,buffer15,2025-12,D02,fotodeteccion_previa,1,equipo,3.0,True
EQUIPO041,buffer15,2025-12,D04,agente,1,equipo,3.0,True
EQUIPO041,buffer15,2026-01,C02,fotodeteccion_previa,10,equipo,3.0,True
EQUIPO041,buffer15,2026-01,C35,fotodeteccion_previa,2,equipo,3.0,True
EQUIPO041,buffer15,2026-01,D02,fotodeteccion_previa,2,equipo,3.0,True
EQUIPO041,buffer15,2026-02,C02,agente,1,equipo,3.0,True
EQUIPO041,buffer15,2026-02,C02,fotodeteccion_previa,9,equipo,3.0,True
EQUIPO041,buffer15,2026-02,C32,agente,2,equipo,3.0,True
EQUIPO041,buffer15,2026-02,C35,fotodeteccion_previa,1,equipo,3.0,True
EQUIPO041,buffer15,2026-02,D02,fotodeteccion_previa,1,equipo,3.0,True
EQUIPO041,buffer15,2026-03,C02,agente,1,equipo,3.0,True
EQUIPO041,buffer15,2026-03,C02,fotodeteccion_previa,2,equipo,3.0,True
EQUIPO041,buffer15,2026-03,C24,agente,1,equipo,3.0,True
EQUIPO041,buffer15,2026-03,C35,agente,3,equipo,3.0,True
EQUIPO041,buffer15,2026-03,D02,agente,1,equipo,3.0,True
EQUIPO041,buffer15,2026-03,D07,agente,1,equipo,3.0,False
EQUIPO041,buffer15,2026-04,C02,agente,2,equipo,3.0,True
EQUIPO041,buffer15,2026-04,C02,fotodeteccion_previa,3,equipo,3.0,True
EQUIPO041,buffer15,2026-04,D04,agente,1,equipo,3.0,True
EQUIPO041,buffer15,2026-05,C02,agente,2,equipo,3.0,True
EQUIPO041,buffer15,2026-05,C02,fotodeteccion_previa,10,equipo,3.0,True
EQUIPO041,buffer15,2026-05,C24,agente,1,equipo,3.0,True
EQUIPO041,buffer15,2026-05,C31,agente,2,equipo,3.0,False
EQUIPO041,buffer15,2026-05,C35,agente,1,equipo,3.0,True
EQUIPO041,buffer15,2026-05,C35,fotodeteccion_previa,1,equipo,3.0,True
EQUIPO041,buffer15,2026-05,D02,agente,1,equipo,3.0,True
EQUIPO041,buffer15,2026-05,D04,agente,6,equipo,3.0,True
EQUIPO041,buffer15,2026-05,D05,agente,1,equipo,3.0,True
EQUIPO041,buffer15,2026-06,C02,agente,1,equipo,3.0,True
EQUIPO041,buffer15,2026-06,C02,fotodeteccion_previa,5,equipo,3.0,True
EQUIPO041,buffer15,2026-06,C35,agente,1,equipo,3.0,True
EQUIPO041,buffer15,2026-06,D02,agente,4,equipo,3.0,True
EQUIPO041,buffer15,2026-06,D04,agente,1,equipo,3.0,True
EQUIPO041,buffer15,2026-07,C02,agente,3,equipo,3.0,True
EQUIPO041,buffer15,2026-07,C02,fotodeteccion_previa,5,equipo,3.0,True
EQUIPO041,buffer15,2026-07,C24,agente,1,equipo,3.0,True
EQUIPO041,buffer15,2026-07,D01,agente,2,equipo,3.0,False
EQUIPO041,buffer15,2026-07,D07,agente,1,equipo,3.0,False
EQUIPO041,buffer15,2026-08,C02,agente,5,equipo,,True
EQUIPO041,buffer15,2026-08,C02,fotodeteccion_previa,4,equipo,,True
EQUIPO041,buffer15,2026-08,C24,agente,1,equipo,,True
EQUIPO041,buffer15,2026-08,C35,agente,3,equipo,,True
EQUIPO041,buffer15,2026-08,C35,fotodeteccion_previa,1,equipo,,True
EQUIPO041,buffer15,2026-08,D01,agente,2,equipo,,False
EQUIPO041,buffer15,2026-08,D02,fotodeteccion_previa,1,equipo,,True
EQUIPO041,buffer15,2026-08,H03,sast,470,equipo,,False
EQUIPO041,buffer15,2026-09,B03,agente,1,equipo,,False
EQUIPO041,buffer15,2026-09,C02,agente,4,equipo,,True
EQUIPO041,buffer15,2026-09,C02,fotodeteccion_previa,4,equipo,,True
EQUIPO041,buffer15,2026-09,C35,agente,1,equipo,,True
EQUIPO041,buffer15,2026-09,D02,agente,1,equipo,,True
EQUIPO041,buffer15,2026-09,D02,fotodeteccion_previa,2,equipo,,True
EQUIPO041,buffer15,2026-09,D04,sast,443,equipo,,True
EQUIPO041,buffer15,2026-09,H03,sast,34,equipo,,False
EQUIPO041,estricto,2023-02,C02,agente,1,equipo,,True
EQUIPO041,estricto,2023-03,C02,agente,4,equipo,,True
EQUIPO041,estricto,2023-03,H03,agente,2,equipo,,False
EQUIPO041,estricto,2023-04,C02,agente,5,equipo,,True
EQUIPO041,estricto,2023-05,C02,agente,20,equipo,,True
EQUIPO041,estricto,2023-05,C03,agente,1,equipo,,True
EQUIPO041,estricto,2023-05,C24,agente,1,equipo,,True
EQUIPO041,estricto,2023-05,D02,agente,1,equipo,,True
EQUIPO041,estricto,2023-05,D05,agente,1,equipo,,True
EQUIPO041,estricto,2023-06,C01,agente,1,equipo,,False
EQUIPO041,estricto,2023-06,C02,agente,22,equipo,,True
EQUIPO041,estricto,2023-06,C06,agente,1,equipo,,False
EQUIPO041,estricto,2023-06,C24,agente,6,equipo,,True
EQUIPO041,estricto,2023-06,D01,agente,1,equipo,,False
EQUIPO041,estricto,2023-06,D02,agente,1,equipo,,True
EQUIPO041,estricto,2023-07,B02,agente,1,equipo,,False
EQUIPO041,estricto,2023-07,C02,agente,13,equipo,,True
EQUIPO041,estricto,2023-07,C24,agente,1,equipo,,True
EQUIPO041,estricto,2023-07,C31,agente,1,equipo,,False
EQUIPO041,estricto,2023-07,C32,agente,1,equipo,,True
EQUIPO041,estricto,2023-07,D03,agente,1,equipo,,False
EQUIPO041,estricto,2023-07,D04,agente,2,equipo,,True
EQUIPO041,estricto,2023-08,C02,agente,15,equipo,1.0,True
EQUIPO041,estricto,2023-08,C32,agente,2,equipo,1.0,True
EQUIPO041,estricto,2023-08,D04,agente,2,equipo,1.0,True
EQUIPO041,estricto,2023-08,D05,agente,1,equipo,1.0,True
EQUIPO041,estricto,2023-08,H03,agente,2,equipo,1.0,False
EQUIPO041,estricto,2023-09,C02,agente,15,equipo,1.0,True
EQUIPO041,estricto,2023-09,C14,agente,2,equipo,1.0,False
EQUIPO041,estricto,2023-09,C24,agente,1,equipo,1.0,True
EQUIPO041,estricto,2023-10,C02,agente,23,equipo,1.0,True
EQUIPO041,estricto,2023-10,D07,agente,1,equipo,1.0,False
EQUIPO041,estricto,2023-11,C02,agente,3,equipo,1.0,True
EQUIPO041,estricto,2023-11,C31,agente,1,equipo,1.0,False
EQUIPO041,estricto,2023-12,A05,agente,1,equipo,1.0,False
EQUIPO041,estricto,2023-12,C02,agente,5,equipo,1.0,True
EQUIPO041,estricto,2023-12,C31,agente,1,equipo,1.0,False
EQUIPO041,estricto,2024-02,C02,agente,6,equipo,1.0,True
EQUIPO041,estricto,2024-03,C02,agente,3,equipo,1.0,True
EQUIPO041,estricto,2024-03,C02,fotodeteccion_previa,15,equipo,1.0,True
EQUIPO041,estricto,2024-03,C35,fotodeteccion_previa,2,equipo,1.0,True
EQUIPO041,estricto,2024-03,D02,fotodeteccion_previa,1,equipo,1.0,True
EQUIPO041,estricto,2024-04,A01,agente,1,equipo,1.0,False
EQUIPO041,estricto,2024-04,C02,agente,17,equipo,1.0,True
EQUIPO041,estricto,2024-04,C02,fotodeteccion_previa,11,equipo,1.0,True
EQUIPO041,estricto,2024-04,C31,agente,1,equipo,1.0,False
EQUIPO041,estricto,2024-04,D02,fotodeteccion_previa,1,equipo,1.0,True
EQUIPO041,estricto,2024-04,D04,agente,2,equipo,1.0,True
EQUIPO041,estricto,2024-04,D07,agente,1,equipo,1.0,False
EQUIPO041,estricto,2024-05,C02,agente,18,equipo,1.0,True
EQUIPO041,estricto,2024-05,C02,fotodeteccion_previa,10,equipo,1.0,True
EQUIPO041,estricto,2024-05,C15,agente,1,equipo,1.0,False
EQUIPO041,estricto,2024-05,C24,agente,11,equipo,1.0,True
EQUIPO041,estricto,2024-05,C31,agente,2,equipo,1.0,False
EQUIPO041,estricto,2024-05,D02,agente,1,equipo,1.0,True
EQUIPO041,estricto,2024-05,D04,agente,48,equipo,1.0,True
EQUIPO041,estricto,2024-05,D05,agente,8,equipo,1.0,True
EQUIPO041,estricto,2024-06,C02,agente,13,equipo,1.0,True
EQUIPO041,estricto,2024-06,C02,fotodeteccion_previa,16,equipo,1.0,True
EQUIPO041,estricto,2024-06,C32,agente,1,equipo,1.0,True
EQUIPO041,estricto,2024-06,C35,agente,1,equipo,1.0,True
EQUIPO041,estricto,2024-06,C35,fotodeteccion_previa,1,equipo,1.0,True
EQUIPO041,estricto,2024-06,D02,fotodeteccion_previa,1,equipo,1.0,True
EQUIPO041,estricto,2024-06,D04,agente,2,equipo,1.0,True
EQUIPO041,estricto,2024-07,C02,agente,16,equipo,1.0,True
EQUIPO041,estricto,2024-07,C02,fotodeteccion_previa,19,equipo,1.0,True
EQUIPO041,estricto,2024-07,C24,agente,1,equipo,1.0,True
EQUIPO041,estricto,2024-07,C32,agente,4,equipo,1.0,True
EQUIPO041,estricto,2024-07,C35,fotodeteccion_previa,1,equipo,1.0,True
EQUIPO041,estricto,2024-07,D02,fotodeteccion_previa,2,equipo,1.0,True
EQUIPO041,estricto,2024-07,D04,agente,1,equipo,1.0,True
EQUIPO041,estricto,2024-08,C02,agente,5,equipo,2.0,True
EQUIPO041,estricto,2024-08,C02,fotodeteccion_previa,16,equipo,2.0,True
EQUIPO041,estricto,2024-09,C02,agente,1,equipo,2.0,True
EQUIPO041,estricto,2024-09,C02,fotodeteccion_previa,15,equipo,2.0,True
EQUIPO041,estricto,2024-09,C35,fotodeteccion_previa,1,equipo,2.0,True
EQUIPO041,estricto,2024-09,D02,agente,2,equipo,2.0,True
EQUIPO041,estricto,2024-09,D02,fotodeteccion_previa,2,equipo,2.0,True
EQUIPO041,estricto,2024-09,D04,agente,15,equipo,2.0,True
EQUIPO041,estricto,2024-09,D05,agente,1,equipo,2.0,True
EQUIPO041,estricto,2024-09,H03,agente,1,equipo,2.0,False
EQUIPO041,estricto,2024-10,C02,agente,7,equipo,2.0,True
EQUIPO041,estricto,2024-10,C02,fotodeteccion_previa,11,equipo,2.0,True
EQUIPO041,estricto,2024-10,C35,fotodeteccion_previa,3,equipo,2.0,True
EQUIPO041,estricto,2024-11,C02,agente,3,equipo,2.0,True
EQUIPO041,estricto,2024-11,C02,fotodeteccion_previa,9,equipo,2.0,True
EQUIPO041,estricto,2024-11,C32,agente,1,equipo,2.0,True
EQUIPO041,estricto,2024-11,C35,agente,1,equipo,2.0,True
EQUIPO041,estricto,2024-11,C35,fotodeteccion_previa,1,equipo,2.0,True
EQUIPO041,estricto,2024-11,D02,agente,1,equipo,2.0,True
EQUIPO041,estricto,2024-12,C02,agente,1,equipo,2.0,True
EQUIPO041,estricto,2024-12,C02,fotodeteccion_previa,20,equipo,2.0,True
EQUIPO041,estricto,2024-12,C32,agente,2,equipo,2.0,True
EQUIPO041,estricto,2024-12,D04,agente,1,equipo,2.0,True
EQUIPO041,estricto,2024-12,H02,agente,1,equipo,2.0,False
EQUIPO041,estricto,2025-01,C02,fotodeteccion_previa,21,equipo,2.0,True
EQUIPO041,estricto,2025-01,C35,fotodeteccion_previa,3,equipo,2.0,True
EQUIPO041,estricto,2025-01,D02,fotodeteccion_previa,2,equipo,2.0,True
EQUIPO041,estricto,2025-02,C02,fotodeteccion_previa,12,equipo,2.0,True
EQUIPO041,estricto,2025-02,C35,fotodeteccion_previa,1,equipo,2.0,True
EQUIPO041,estricto,2025-03,C02,agente,8,equipo,2.0,True
EQUIPO041,estricto,2025-03,C02,fotodeteccion_previa,31,equipo,2.0,True
EQUIPO041,estricto,2025-03,C35,fotodeteccion_previa,2,equipo,2.0,True
EQUIPO041,estricto,2025-03,D02,fotodeteccion_previa,1,equipo,2.0,True
EQUIPO041,estricto,2025-03,D04,agente,2,equipo,2.0,True
EQUIPO041,estricto,2025-04,C02,agente,7,equipo,2.0,True
EQUIPO041,estricto,2025-04,C02,fotodeteccion_previa,20,equipo,2.0,True
EQUIPO041,estricto,2025-04,C14,agente,1,equipo,2.0,False
EQUIPO041,estricto,2025-04,D02,fotodeteccion_previa,1,equipo,2.0,True
EQUIPO041,estricto,2025-04,D03,agente,1,equipo,2.0,False
EQUIPO041,estricto,2025-04,D04,agente,2,equipo,2.0,True
EQUIPO041,estricto,2025-05,C02,agente,1,equipo,2.0,True
EQUIPO041,estricto,2025-05,C02,fotodeteccion_previa,24,equipo,2.0,True
EQUIPO041,estricto,2025-05,C32,agente,1,equipo,2.0,True
EQUIPO041,estricto,2025-05,C35,fotodeteccion_previa,2,equipo,2.0,True
EQUIPO041,estricto,2025-05,D02,fotodeteccion_previa,1,equipo,2.0,True
EQUIPO041,estricto,2025-06,C02,fotodeteccion_previa,12,equipo,2.0,True
EQUIPO041,estricto,2025-06,C35,agente,1,equipo,2.0,True
EQUIPO041,estricto,2025-06,C35,fotodeteccion_previa,1,equipo,2.0,True
EQUIPO041,estricto,2025-06,D02,fotodeteccion_previa,1,equipo,2.0,True
EQUIPO041,estricto,2025-07,C02,fotodeteccion_previa,21,equipo,2.0,True
EQUIPO041,estricto,2025-07,C35,fotodeteccion_previa,1,equipo,2.0,True
EQUIPO041,estricto,2025-07,D02,fotodeteccion_previa,1,equipo,2.0,True
EQUIPO041,estricto,2025-08,C02,agente,1,equipo,3.0,True
EQUIPO041,estricto,2025-08,C02,fotodeteccion_previa,12,equipo,3.0,True
EQUIPO041,estricto,2025-08,C35,fotodeteccion_previa,3,equipo,3.0,True
EQUIPO041,estricto,2025-08,D02,fotodeteccion_previa,3,equipo,3.0,True
EQUIPO041,estricto,2025-09,C02,fotodeteccion_previa,13,equipo,3.0,True
EQUIPO041,estricto,2025-09,D02,agente,1,equipo,3.0,True
EQUIPO041,estricto,2025-10,C02,agente,2,equipo,3.0,True
EQUIPO041,estricto,2025-10,C02,fotodeteccion_previa,16,equipo,3.0,True
EQUIPO041,estricto,2025-10,C35,fotodeteccion_previa,1,equipo,3.0,True
EQUIPO041,estricto,2025-10,D05,agente,1,equipo,3.0,True
EQUIPO041,estricto,2025-11,C02,agente,3,equipo,3.0,True
EQUIPO041,estricto,2025-11,C02,fotodeteccion_previa,5,equipo,3.0,True
EQUIPO041,estricto,2025-12,C02,agente,2,equipo,3.0,True
EQUIPO041,estricto,2025-12,C02,fotodeteccion_previa,6,equipo,3.0,True
EQUIPO041,estricto,2025-12,C24,agente,1,equipo,3.0,True
EQUIPO041,estricto,2025-12,C35,agente,1,equipo,3.0,True
EQUIPO041,estricto,2025-12,C35,fotodeteccion_previa,2,equipo,3.0,True
EQUIPO041,estricto,2025-12,D01,agente,1,equipo,3.0,False
EQUIPO041,estricto,2025-12,D02,fotodeteccion_previa,1,equipo,3.0,True
EQUIPO041,estricto,2025-12,D04,agente,1,equipo,3.0,True
EQUIPO041,estricto,2026-01,C02,fotodeteccion_previa,9,equipo,3.0,True
EQUIPO041,estricto,2026-01,C35,fotodeteccion_previa,2,equipo,3.0,True
EQUIPO041,estricto,2026-01,D02,fotodeteccion_previa,2,equipo,3.0,True
EQUIPO041,estricto,2026-02,C02,agente,1,equipo,3.0,True
EQUIPO041,estricto,2026-02,C02,fotodeteccion_previa,7,equipo,3.0,True
EQUIPO041,estricto,2026-02,C32,agente,2,equipo,3.0,True
EQUIPO041,estricto,2026-03,C02,agente,1,equipo,3.0,True
EQUIPO041,estricto,2026-03,C02,fotodeteccion_previa,2,equipo,3.0,True
EQUIPO041,estricto,2026-04,C02,agente,1,equipo,3.0,True
EQUIPO041,estricto,2026-04,C02,fotodeteccion_previa,1,equipo,3.0,True
EQUIPO041,estricto,2026-04,D04,agente,1,equipo,3.0,True
EQUIPO041,estricto,2026-05,C02,agente,2,equipo,3.0,True
EQUIPO041,estricto,2026-05,C02,fotodeteccion_previa,4,equipo,3.0,True
EQUIPO041,estricto,2026-05,C31,agente,2,equipo,3.0,False
EQUIPO041,estricto,2026-05,C35,fotodeteccion_previa,1,equipo,3.0,True
EQUIPO041,estricto,2026-05,D04,agente,6,equipo,3.0,True
EQUIPO041,estricto,2026-05,D05,agente,1,equipo,3.0,True
EQUIPO041,estricto,2026-06,C02,agente,1,equipo,3.0,True
EQUIPO041,estricto,2026-06,C02,fotodeteccion_previa,3,equipo,3.0,True
EQUIPO041,estricto,2026-07,C02,fotodeteccion_previa,4,equipo,3.0,True
EQUIPO041,estricto,2026-08,C02,fotodeteccion_previa,2,equipo,,True
EQUIPO041,estricto,2026-08,C35,fotodeteccion_previa,1,equipo,,True
EQUIPO041,estricto,2026-08,D02,fotodeteccion_previa,1,equipo,,True
EQUIPO041,estricto,2026-08,H03,sast,470,equipo,,False
EQUIPO041,estricto,2026-09,C02,agente,1,equipo,,True
EQUIPO041,estricto,2026-09,C02,fotodeteccion_previa,3,equipo,,True
EQUIPO041,estricto,2026-09,D02,fotodeteccion_previa,2,equipo,,True
EQUIPO041,estricto,2026-09,D04,sast,443,equipo,,True
EQUIPO041,estricto,2026-09,H03,sast,34,equipo,,False
EQUIPO041,oficial,2023-02,C02,agente,1,equipo,,True
EQUIPO041,oficial,2023-03,C02,agente,4,equipo,,True
EQUIPO041,oficial,2023-03,H03,agente,2,equipo,,False
EQUIPO041,oficial,2023-04,C02,agente,6,equipo,,True
EQUIPO041,oficial,2023-05,C02,agente,26,equipo,,True
EQUIPO041,oficial,2023-05,C03,agente,1,equipo,,True
EQUIPO041,oficial,2023-05,C24,agente,1,equipo,,True
EQUIPO041,oficial,2023-05,D02,agente,1,equipo,,True
EQUIPO041,oficial,2023-05,D05,agente,2,equipo,,True
EQUIPO041,oficial,2023-06,C01,agente,1,equipo,,False
EQUIPO041,oficial,2023-06,C02,agente,31,equipo,,True
EQUIPO041,oficial,2023-06,C03,agente,2,equipo,,True
EQUIPO041,oficial,2023-06,C06,agente,1,equipo,,False
EQUIPO041,oficial,2023-06,C24,agente,6,equipo,,True
EQUIPO041,oficial,2023-06,D01,agente,1,equipo,,False
EQUIPO041,oficial,2023-06,D02,agente,1,equipo,,True
EQUIPO041,oficial,2023-07,B02,agente,1,equipo,,False
EQUIPO041,oficial,2023-07,C02,agente,15,equipo,,True
EQUIPO041,oficial,2023-07,C24,agente,1,equipo,,True
EQUIPO041,oficial,2023-07,C31,agente,2,equipo,,False
EQUIPO041,oficial,2023-07,C32,agente,1,equipo,,True
EQUIPO041,oficial,2023-07,D03,agente,1,equipo,,False
EQUIPO041,oficial,2023-07,D04,agente,2,equipo,,True
EQUIPO041,oficial,2023-08,C02,agente,15,equipo,1.0,True
EQUIPO041,oficial,2023-08,C32,agente,2,equipo,1.0,True
EQUIPO041,oficial,2023-08,D04,agente,2,equipo,1.0,True
EQUIPO041,oficial,2023-08,D05,agente,1,equipo,1.0,True
EQUIPO041,oficial,2023-08,H03,agente,2,equipo,1.0,False
EQUIPO041,oficial,2023-09,C02,agente,17,equipo,1.0,True
EQUIPO041,oficial,2023-09,C14,agente,2,equipo,1.0,False
EQUIPO041,oficial,2023-09,C24,agente,1,equipo,1.0,True
EQUIPO041,oficial,2023-10,C02,agente,34,equipo,1.0,True
EQUIPO041,oficial,2023-10,D07,agente,1,equipo,1.0,False
EQUIPO041,oficial,2023-11,C02,agente,5,equipo,1.0,True
EQUIPO041,oficial,2023-11,C31,agente,1,equipo,1.0,False
EQUIPO041,oficial,2023-12,A05,agente,1,equipo,1.0,False
EQUIPO041,oficial,2023-12,C02,agente,5,equipo,1.0,True
EQUIPO041,oficial,2023-12,C31,agente,1,equipo,1.0,False
EQUIPO041,oficial,2024-02,C02,agente,6,equipo,1.0,True
EQUIPO041,oficial,2024-03,C02,agente,3,equipo,1.0,True
EQUIPO041,oficial,2024-03,C02,fotodeteccion_previa,15,equipo,1.0,True
EQUIPO041,oficial,2024-03,C35,fotodeteccion_previa,2,equipo,1.0,True
EQUIPO041,oficial,2024-03,D02,fotodeteccion_previa,1,equipo,1.0,True
EQUIPO041,oficial,2024-04,A01,agente,1,equipo,1.0,False
EQUIPO041,oficial,2024-04,C02,agente,20,equipo,1.0,True
EQUIPO041,oficial,2024-04,C02,fotodeteccion_previa,11,equipo,1.0,True
EQUIPO041,oficial,2024-04,C31,agente,1,equipo,1.0,False
EQUIPO041,oficial,2024-04,D02,fotodeteccion_previa,1,equipo,1.0,True
EQUIPO041,oficial,2024-04,D04,agente,2,equipo,1.0,True
EQUIPO041,oficial,2024-04,D07,agente,1,equipo,1.0,False
EQUIPO041,oficial,2024-05,C02,agente,18,equipo,1.0,True
EQUIPO041,oficial,2024-05,C02,fotodeteccion_previa,10,equipo,1.0,True
EQUIPO041,oficial,2024-05,C15,agente,1,equipo,1.0,False
EQUIPO041,oficial,2024-05,C24,agente,11,equipo,1.0,True
EQUIPO041,oficial,2024-05,C31,agente,2,equipo,1.0,False
EQUIPO041,oficial,2024-05,D02,agente,1,equipo,1.0,True
EQUIPO041,oficial,2024-05,D04,agente,48,equipo,1.0,True
EQUIPO041,oficial,2024-05,D05,agente,9,equipo,1.0,True
EQUIPO041,oficial,2024-06,C02,agente,13,equipo,1.0,True
EQUIPO041,oficial,2024-06,C02,fotodeteccion_previa,16,equipo,1.0,True
EQUIPO041,oficial,2024-06,C32,agente,1,equipo,1.0,True
EQUIPO041,oficial,2024-06,C35,agente,1,equipo,1.0,True
EQUIPO041,oficial,2024-06,C35,fotodeteccion_previa,1,equipo,1.0,True
EQUIPO041,oficial,2024-06,D02,agente,2,equipo,1.0,True
EQUIPO041,oficial,2024-06,D02,fotodeteccion_previa,1,equipo,1.0,True
EQUIPO041,oficial,2024-06,D04,agente,2,equipo,1.0,True
EQUIPO041,oficial,2024-07,C02,agente,22,equipo,1.0,True
EQUIPO041,oficial,2024-07,C02,fotodeteccion_previa,19,equipo,1.0,True
EQUIPO041,oficial,2024-07,C24,agente,1,equipo,1.0,True
EQUIPO041,oficial,2024-07,C32,agente,4,equipo,1.0,True
EQUIPO041,oficial,2024-07,C35,fotodeteccion_previa,1,equipo,1.0,True
EQUIPO041,oficial,2024-07,D02,fotodeteccion_previa,2,equipo,1.0,True
EQUIPO041,oficial,2024-07,D04,agente,1,equipo,1.0,True
EQUIPO041,oficial,2024-08,C02,agente,5,equipo,2.0,True
EQUIPO041,oficial,2024-08,C02,fotodeteccion_previa,16,equipo,2.0,True
EQUIPO041,oficial,2024-09,C02,agente,4,equipo,2.0,True
EQUIPO041,oficial,2024-09,C02,fotodeteccion_previa,15,equipo,2.0,True
EQUIPO041,oficial,2024-09,C24,agente,1,equipo,2.0,True
EQUIPO041,oficial,2024-09,C35,agente,1,equipo,2.0,True
EQUIPO041,oficial,2024-09,C35,fotodeteccion_previa,1,equipo,2.0,True
EQUIPO041,oficial,2024-09,D02,agente,2,equipo,2.0,True
EQUIPO041,oficial,2024-09,D02,fotodeteccion_previa,2,equipo,2.0,True
EQUIPO041,oficial,2024-09,D04,agente,15,equipo,2.0,True
EQUIPO041,oficial,2024-09,D05,agente,1,equipo,2.0,True
EQUIPO041,oficial,2024-09,H03,agente,1,equipo,2.0,False
EQUIPO041,oficial,2024-10,C02,agente,9,equipo,2.0,True
EQUIPO041,oficial,2024-10,C02,fotodeteccion_previa,11,equipo,2.0,True
EQUIPO041,oficial,2024-10,C35,fotodeteccion_previa,3,equipo,2.0,True
EQUIPO041,oficial,2024-10,D02,agente,1,equipo,2.0,True
EQUIPO041,oficial,2024-10,D03,agente,1,equipo,2.0,False
EQUIPO041,oficial,2024-10,D04,agente,1,equipo,2.0,True
EQUIPO041,oficial,2024-10,H03,agente,1,equipo,2.0,False
EQUIPO041,oficial,2024-11,C02,agente,4,equipo,2.0,True
EQUIPO041,oficial,2024-11,C02,fotodeteccion_previa,9,equipo,2.0,True
EQUIPO041,oficial,2024-11,C32,agente,1,equipo,2.0,True
EQUIPO041,oficial,2024-11,C35,agente,1,equipo,2.0,True
EQUIPO041,oficial,2024-11,C35,fotodeteccion_previa,1,equipo,2.0,True
EQUIPO041,oficial,2024-11,D02,agente,1,equipo,2.0,True
EQUIPO041,oficial,2024-12,C02,agente,5,equipo,2.0,True
EQUIPO041,oficial,2024-12,C02,fotodeteccion_previa,20,equipo,2.0,True
EQUIPO041,oficial,2024-12,C32,agente,2,equipo,2.0,True
EQUIPO041,oficial,2024-12,D04,agente,1,equipo,2.0,True
EQUIPO041,oficial,2024-12,H02,agente,1,equipo,2.0,False
EQUIPO041,oficial,2025-01,C02,agente,1,equipo,2.0,True
EQUIPO041,oficial,2025-01,C02,fotodeteccion_previa,21,equipo,2.0,True
EQUIPO041,oficial,2025-01,C35,fotodeteccion_previa,3,equipo,2.0,True
EQUIPO041,oficial,2025-01,D02,fotodeteccion_previa,2,equipo,2.0,True
EQUIPO041,oficial,2025-02,C02,fotodeteccion_previa,12,equipo,2.0,True
EQUIPO041,oficial,2025-02,C35,fotodeteccion_previa,1,equipo,2.0,True
EQUIPO041,oficial,2025-03,C02,agente,12,equipo,2.0,True
EQUIPO041,oficial,2025-03,C02,fotodeteccion_previa,31,equipo,2.0,True
EQUIPO041,oficial,2025-03,C35,fotodeteccion_previa,2,equipo,2.0,True
EQUIPO041,oficial,2025-03,D02,fotodeteccion_previa,1,equipo,2.0,True
EQUIPO041,oficial,2025-03,D04,agente,2,equipo,2.0,True
EQUIPO041,oficial,2025-04,C02,agente,8,equipo,2.0,True
EQUIPO041,oficial,2025-04,C02,fotodeteccion_previa,20,equipo,2.0,True
EQUIPO041,oficial,2025-04,C14,agente,1,equipo,2.0,False
EQUIPO041,oficial,2025-04,D02,fotodeteccion_previa,1,equipo,2.0,True
EQUIPO041,oficial,2025-04,D03,agente,2,equipo,2.0,False
EQUIPO041,oficial,2025-04,D04,agente,2,equipo,2.0,True
EQUIPO041,oficial,2025-05,C02,agente,1,equipo,2.0,True
EQUIPO041,oficial,2025-05,C02,fotodeteccion_previa,24,equipo,2.0,True
EQUIPO041,oficial,2025-05,C32,agente,1,equipo,2.0,True
EQUIPO041,oficial,2025-05,C35,fotodeteccion_previa,2,equipo,2.0,True
EQUIPO041,oficial,2025-05,D02,fotodeteccion_previa,1,equipo,2.0,True
EQUIPO041,oficial,2025-06,C02,fotodeteccion_previa,12,equipo,2.0,True
EQUIPO041,oficial,2025-06,C35,agente,1,equipo,2.0,True
EQUIPO041,oficial,2025-06,C35,fotodeteccion_previa,1,equipo,2.0,True
EQUIPO041,oficial,2025-06,D02,fotodeteccion_previa,1,equipo,2.0,True
EQUIPO041,oficial,2025-07,C02,fotodeteccion_previa,21,equipo,2.0,True
EQUIPO041,oficial,2025-07,C35,fotodeteccion_previa,1,equipo,2.0,True
EQUIPO041,oficial,2025-07,D02,fotodeteccion_previa,1,equipo,2.0,True
EQUIPO041,oficial,2025-08,C02,agente,1,equipo,3.0,True
EQUIPO041,oficial,2025-08,C02,fotodeteccion_previa,12,equipo,3.0,True
EQUIPO041,oficial,2025-08,C35,fotodeteccion_previa,3,equipo,3.0,True
EQUIPO041,oficial,2025-08,D02,fotodeteccion_previa,3,equipo,3.0,True
EQUIPO041,oficial,2025-09,C02,fotodeteccion_previa,13,equipo,3.0,True
EQUIPO041,oficial,2025-09,D02,agente,1,equipo,3.0,True
EQUIPO041,oficial,2025-10,C02,agente,2,equipo,3.0,True
EQUIPO041,oficial,2025-10,C02,fotodeteccion_previa,16,equipo,3.0,True
EQUIPO041,oficial,2025-10,C35,fotodeteccion_previa,1,equipo,3.0,True
EQUIPO041,oficial,2025-10,D05,agente,1,equipo,3.0,True
EQUIPO041,oficial,2025-11,C02,agente,3,equipo,3.0,True
EQUIPO041,oficial,2025-11,C02,fotodeteccion_previa,5,equipo,3.0,True
EQUIPO041,oficial,2025-12,C02,agente,2,equipo,3.0,True
EQUIPO041,oficial,2025-12,C02,fotodeteccion_previa,6,equipo,3.0,True
EQUIPO041,oficial,2025-12,C24,agente,1,equipo,3.0,True
EQUIPO041,oficial,2025-12,C35,agente,1,equipo,3.0,True
EQUIPO041,oficial,2025-12,C35,fotodeteccion_previa,2,equipo,3.0,True
EQUIPO041,oficial,2025-12,D01,agente,1,equipo,3.0,False
EQUIPO041,oficial,2025-12,D02,fotodeteccion_previa,1,equipo,3.0,True
EQUIPO041,oficial,2025-12,D04,agente,1,equipo,3.0,True
EQUIPO041,oficial,2026-01,C02,fotodeteccion_previa,9,equipo,3.0,True
EQUIPO041,oficial,2026-01,C35,fotodeteccion_previa,2,equipo,3.0,True
EQUIPO041,oficial,2026-01,D02,fotodeteccion_previa,2,equipo,3.0,True
EQUIPO041,oficial,2026-02,C02,agente,1,equipo,3.0,True
EQUIPO041,oficial,2026-02,C02,fotodeteccion_previa,7,equipo,3.0,True
EQUIPO041,oficial,2026-02,C32,agente,2,equipo,3.0,True
EQUIPO041,oficial,2026-03,C02,agente,1,equipo,3.0,True
EQUIPO041,oficial,2026-03,C02,fotodeteccion_previa,2,equipo,3.0,True
EQUIPO041,oficial,2026-04,C02,agente,1,equipo,3.0,True
EQUIPO041,oficial,2026-04,C02,fotodeteccion_previa,1,equipo,3.0,True
EQUIPO041,oficial,2026-04,D04,agente,1,equipo,3.0,True
EQUIPO041,oficial,2026-05,C02,agente,2,equipo,3.0,True
EQUIPO041,oficial,2026-05,C02,fotodeteccion_previa,4,equipo,3.0,True
EQUIPO041,oficial,2026-05,C31,agente,2,equipo,3.0,False
EQUIPO041,oficial,2026-05,C35,fotodeteccion_previa,1,equipo,3.0,True
EQUIPO041,oficial,2026-05,D04,agente,6,equipo,3.0,True
EQUIPO041,oficial,2026-05,D05,agente,1,equipo,3.0,True
EQUIPO041,oficial,2026-06,C02,agente,1,equipo,3.0,True
EQUIPO041,oficial,2026-06,C02,fotodeteccion_previa,3,equipo,3.0,True
EQUIPO041,oficial,2026-07,C02,fotodeteccion_previa,4,equipo,3.0,True
EQUIPO041,oficial,2026-07,C24,agente,1,equipo,3.0,True
EQUIPO041,oficial,2026-08,C02,fotodeteccion_previa,2,equipo,,True
EQUIPO041,oficial,2026-08,C35,fotodeteccion_previa,1,equipo,,True
EQUIPO041,oficial,2026-08,D02,fotodeteccion_previa,1,equipo,,True
EQUIPO041,oficial,2026-08,H03,sast,470,equipo,,False
EQUIPO041,oficial,2026-09,C02,agente,1,equipo,,True
EQUIPO041,oficial,2026-09,C02,fotodeteccion_previa,3,equipo,,True
EQUIPO041,oficial,2026-09,D02,fotodeteccion_previa,2,equipo,,True
EQUIPO041,oficial,2026-09,D04,sast,443,equipo,,True
EQUIPO041,oficial,2026-09,H03,sast,34,equipo,,False
EQUIPO042,buffer15,2023-02,C02,agente,5,equipo,,True
EQUIPO042,buffer15,2023-03,C02,agente,3,equipo,,True
EQUIPO042,buffer15,2023-03,D03,agente,2,equipo,,False
EQUIPO042,buffer15,2023-03,H03,agente,3,equipo,,False
EQUIPO042,buffer15,2023-04,C02,agente,5,equipo,,True
EQUIPO042,buffer15,2023-04,D04,agente,2,equipo,,True
EQUIPO042,buffer15,2023-05,C02,agente,27,equipo,,True
EQUIPO042,buffer15,2023-05,C03,agente,1,equipo,,True
EQUIPO042,buffer15,2023-05,C24,agente,2,equipo,,True
EQUIPO042,buffer15,2023-05,C31,agente,1,equipo,,False
EQUIPO042,buffer15,2023-05,C35,agente,1,equipo,,True
EQUIPO042,buffer15,2023-05,D01,agente,1,equipo,,False
EQUIPO042,buffer15,2023-05,D02,agente,9,equipo,,True
EQUIPO042,buffer15,2023-05,D03,agente,2,equipo,,False
EQUIPO042,buffer15,2023-05,H03,agente,1,equipo,,False
EQUIPO042,buffer15,2023-06,C01,agente,1,equipo,1.0,False
EQUIPO042,buffer15,2023-06,C02,agente,50,equipo,1.0,True
EQUIPO042,buffer15,2023-06,C03,agente,5,equipo,1.0,True
EQUIPO042,buffer15,2023-06,C24,agente,11,equipo,1.0,True
EQUIPO042,buffer15,2023-06,C31,agente,4,equipo,1.0,False
EQUIPO042,buffer15,2023-06,C35,agente,1,equipo,1.0,True
EQUIPO042,buffer15,2023-06,D01,agente,2,equipo,1.0,False
EQUIPO042,buffer15,2023-06,D02,agente,1,equipo,1.0,True
EQUIPO042,buffer15,2023-06,D03,agente,8,equipo,1.0,False
EQUIPO042,buffer15,2023-06,D05,agente,3,equipo,1.0,True
EQUIPO042,buffer15,2023-07,C02,agente,33,equipo,1.0,True
EQUIPO042,buffer15,2023-07,C24,agente,1,equipo,1.0,True
EQUIPO042,buffer15,2023-07,C31,agente,4,equipo,1.0,False
EQUIPO042,buffer15,2023-07,C32,agente,3,equipo,1.0,True
EQUIPO042,buffer15,2023-07,C35,agente,1,equipo,1.0,True
EQUIPO042,buffer15,2023-07,D03,agente,1,equipo,1.0,False
EQUIPO042,buffer15,2023-07,D04,agente,7,equipo,1.0,True
EQUIPO042,buffer15,2023-07,H03,agente,1,equipo,1.0,False
EQUIPO042,buffer15,2023-08,B05,agente,1,equipo,1.0,False
EQUIPO042,buffer15,2023-08,C02,agente,47,equipo,1.0,True
EQUIPO042,buffer15,2023-08,C24,agente,1,equipo,1.0,True
EQUIPO042,buffer15,2023-08,C31,agente,1,equipo,1.0,False
EQUIPO042,buffer15,2023-08,C32,agente,2,equipo,1.0,True
EQUIPO042,buffer15,2023-08,D04,agente,2,equipo,1.0,True
EQUIPO042,buffer15,2023-08,H03,agente,2,equipo,1.0,False
EQUIPO042,buffer15,2023-09,C02,agente,29,equipo,1.0,True
EQUIPO042,buffer15,2023-09,C14,agente,1,equipo,1.0,False
EQUIPO042,buffer15,2023-09,C24,agente,2,equipo,1.0,True
EQUIPO042,buffer15,2023-09,C31,agente,1,equipo,1.0,False
EQUIPO042,buffer15,2023-09,C35,agente,1,equipo,1.0,True
EQUIPO042,buffer15,2023-09,D03,agente,1,equipo,1.0,False
EQUIPO042,buffer15,2023-09,D05,agente,1,equipo,1.0,True
EQUIPO042,buffer15,2023-09,H03,agente,1,equipo,1.0,False
EQUIPO042,buffer15,2023-10,C02,agente,76,equipo,1.0,True
EQUIPO042,buffer15,2023-10,C24,agente,1,equipo,1.0,True
EQUIPO042,buffer15,2023-10,D02,agente,2,equipo,1.0,True
EQUIPO042,buffer15,2023-11,C02,agente,13,equipo,1.0,True
EQUIPO042,buffer15,2023-11,C31,agente,1,equipo,1.0,False
EQUIPO042,buffer15,2023-12,A05,agente,1,equipo,1.0,False
EQUIPO042,buffer15,2023-12,C02,agente,8,equipo,1.0,True
EQUIPO042,buffer15,2023-12,C31,agente,1,equipo,1.0,False
EQUIPO042,buffer15,2023-12,D02,agente,1,equipo,1.0,True
EQUIPO042,buffer15,2023-12,D03,agente,2,equipo,1.0,False
EQUIPO042,buffer15,2023-12,H03,agente,1,equipo,1.0,False
EQUIPO042,buffer15,2024-01,C02,agente,5,equipo,1.0,True
EQUIPO042,buffer15,2024-02,C02,agente,22,equipo,1.0,True
EQUIPO042,buffer15,2024-02,D03,agente,1,equipo,1.0,False
EQUIPO042,buffer15,2024-03,C02,agente,5,equipo,1.0,True
EQUIPO042,buffer15,2024-03,C02,fotodeteccion_previa,34,equipo,1.0,True
EQUIPO042,buffer15,2024-03,C35,fotodeteccion_previa,5,equipo,1.0,True
EQUIPO042,buffer15,2024-03,D02,fotodeteccion_previa,8,equipo,1.0,True
EQUIPO042,buffer15,2024-04,A01,agente,1,equipo,1.0,False
EQUIPO042,buffer15,2024-04,C02,agente,54,equipo,1.0,True
EQUIPO042,buffer15,2024-04,C02,fotodeteccion_previa,13,equipo,1.0,True
EQUIPO042,buffer15,2024-04,C31,agente,1,equipo,1.0,False
EQUIPO042,buffer15,2024-04,C35,fotodeteccion_previa,1,equipo,1.0,True
EQUIPO042,buffer15,2024-04,D02,fotodeteccion_previa,2,equipo,1.0,True
EQUIPO042,buffer15,2024-04,D03,agente,1,equipo,1.0,False
EQUIPO042,buffer15,2024-04,D04,agente,2,equipo,1.0,True
EQUIPO042,buffer15,2024-04,D07,agente,1,equipo,1.0,False
EQUIPO042,buffer15,2024-05,C02,agente,28,equipo,1.0,True
EQUIPO042,buffer15,2024-05,C02,fotodeteccion_previa,42,equipo,1.0,True
EQUIPO042,buffer15,2024-05,C15,agente,1,equipo,1.0,False
EQUIPO042,buffer15,2024-05,C24,agente,28,equipo,1.0,True
EQUIPO042,buffer15,2024-05,C31,agente,3,equipo,1.0,False
EQUIPO042,buffer15,2024-05,D02,agente,1,equipo,1.0,True
EQUIPO042,buffer15,2024-05,D02,fotodeteccion_previa,1,equipo,1.0,True
EQUIPO042,buffer15,2024-05,D04,agente,48,equipo,1.0,True
EQUIPO042,buffer15,2024-05,D05,agente,9,equipo,1.0,True
EQUIPO042,buffer15,2024-06,C02,agente,29,equipo,2.0,True
EQUIPO042,buffer15,2024-06,C02,fotodeteccion_previa,51,equipo,2.0,True
EQUIPO042,buffer15,2024-06,C24,agente,7,equipo,2.0,True
EQUIPO042,buffer15,2024-06,C32,agente,2,equipo,2.0,True
EQUIPO042,buffer15,2024-06,C35,agente,3,equipo,2.0,True
EQUIPO042,buffer15,2024-06,C35,fotodeteccion_previa,4,equipo,2.0,True
EQUIPO042,buffer15,2024-06,D02,agente,4,equipo,2.0,True
EQUIPO042,buffer15,2024-06,D02,fotodeteccion_previa,4,equipo,2.0,True
EQUIPO042,buffer15,2024-06,D03,agente,2,equipo,2.0,False
EQUIPO042,buffer15,2024-06,D04,agente,2,equipo,2.0,True
EQUIPO042,buffer15,2024-07,C02,agente,34,equipo,2.0,True
EQUIPO042,buffer15,2024-07,C02,fotodeteccion_previa,46,equipo,2.0,True
EQUIPO042,buffer15,2024-07,C24,agente,1,equipo,2.0,True
EQUIPO042,buffer15,2024-07,C32,agente,4,equipo,2.0,True
EQUIPO042,buffer15,2024-07,C35,fotodeteccion_previa,3,equipo,2.0,True
EQUIPO042,buffer15,2024-07,D02,agente,1,equipo,2.0,True
EQUIPO042,buffer15,2024-07,D02,fotodeteccion_previa,4,equipo,2.0,True
EQUIPO042,buffer15,2024-07,D03,agente,4,equipo,2.0,False
EQUIPO042,buffer15,2024-07,D04,agente,1,equipo,2.0,True
EQUIPO042,buffer15,2024-08,C02,agente,12,equipo,2.0,True
EQUIPO042,buffer15,2024-08,C02,fotodeteccion_previa,23,equipo,2.0,True
EQUIPO042,buffer15,2024-08,D02,fotodeteccion_previa,1,equipo,2.0,True
EQUIPO042,buffer15,2024-08,D03,agente,2,equipo,2.0,False
EQUIPO042,buffer15,2024-09,C02,agente,6,equipo,2.0,True
EQUIPO042,buffer15,2024-09,C02,fotodeteccion_previa,24,equipo,2.0,True
EQUIPO042,buffer15,2024-09,C15,agente,1,equipo,2.0,False
EQUIPO042,buffer15,2024-09,C32,agente,1,equipo,2.0,True
EQUIPO042,buffer15,2024-09,C35,fotodeteccion_previa,1,equipo,2.0,True
EQUIPO042,buffer15,2024-09,C37,agente,1,equipo,2.0,False
EQUIPO042,buffer15,2024-09,D02,agente,7,equipo,2.0,True
EQUIPO042,buffer15,2024-09,D02,fotodeteccion_previa,2,equipo,2.0,True
EQUIPO042,buffer15,2024-09,D03,agente,1,equipo,2.0,False
EQUIPO042,buffer15,2024-09,D04,agente,15,equipo,2.0,True
EQUIPO042,buffer15,2024-09,D05,agente,1,equipo,2.0,True
EQUIPO042,buffer15,2024-09,H03,agente,1,equipo,2.0,False
EQUIPO042,buffer15,2024-10,C02,agente,12,equipo,2.0,True
EQUIPO042,buffer15,2024-10,C02,fotodeteccion_previa,26,equipo,2.0,True
EQUIPO042,buffer15,2024-10,D02,agente,1,equipo,2.0,True
EQUIPO042,buffer15,2024-10,D02,fotodeteccion_previa,1,equipo,2.0,True
EQUIPO042,buffer15,2024-10,D04,agente,1,equipo,2.0,True
EQUIPO042,buffer15,2024-10,D05,agente,1,equipo,2.0,True
EQUIPO042,buffer15,2024-11,C02,agente,4,equipo,2.0,True
EQUIPO042,buffer15,2024-11,C02,fotodeteccion_previa,28,equipo,2.0,True
EQUIPO042,buffer15,2024-11,C32,agente,1,equipo,2.0,True
EQUIPO042,buffer15,2024-11,C35,fotodeteccion_previa,3,equipo,2.0,True
EQUIPO042,buffer15,2024-11,D02,agente,1,equipo,2.0,True
EQUIPO042,buffer15,2024-11,D02,fotodeteccion_previa,2,equipo,2.0,True
EQUIPO042,buffer15,2024-12,C02,agente,14,equipo,2.0,True
EQUIPO042,buffer15,2024-12,C02,fotodeteccion_previa,64,equipo,2.0,True
EQUIPO042,buffer15,2024-12,C32,agente,1,equipo,2.0,True
EQUIPO042,buffer15,2024-12,C35,fotodeteccion_previa,7,equipo,2.0,True
EQUIPO042,buffer15,2024-12,D02,fotodeteccion_previa,4,equipo,2.0,True
EQUIPO042,buffer15,2024-12,D04,agente,1,equipo,2.0,True
EQUIPO042,buffer15,2024-12,H02,agente,1,equipo,2.0,False
EQUIPO042,buffer15,2025-01,C02,agente,4,equipo,2.0,True
EQUIPO042,buffer15,2025-01,C02,fotodeteccion_previa,75,equipo,2.0,True
EQUIPO042,buffer15,2025-01,C35,fotodeteccion_previa,8,equipo,2.0,True
EQUIPO042,buffer15,2025-01,D02,fotodeteccion_previa,5,equipo,2.0,True
EQUIPO042,buffer15,2025-02,C02,agente,1,equipo,2.0,True
EQUIPO042,buffer15,2025-02,C02,fotodeteccion_previa,49,equipo,2.0,True
EQUIPO042,buffer15,2025-02,C35,fotodeteccion_previa,1,equipo,2.0,True
EQUIPO042,buffer15,2025-02,D02,fotodeteccion_previa,2,equipo,2.0,True
EQUIPO042,buffer15,2025-02,D03,agente,1,equipo,2.0,False
EQUIPO042,buffer15,2025-03,C02,agente,20,equipo,2.0,True
EQUIPO042,buffer15,2025-03,C02,fotodeteccion_previa,73,equipo,2.0,True
EQUIPO042,buffer15,2025-03,C24,agente,2,equipo,2.0,True
EQUIPO042,buffer15,2025-03,C35,agente,1,equipo,2.0,True
EQUIPO042,buffer15,2025-03,C35,fotodeteccion_previa,7,equipo,2.0,True
EQUIPO042,buffer15,2025-03,D02,fotodeteccion_previa,7,equipo,2.0,True
EQUIPO042,buffer15,2025-03,D03,agente,1,equipo,2.0,False
EQUIPO042,buffer15,2025-03,D04,agente,2,equipo,2.0,True
EQUIPO042,buffer15,2025-04,B02,agente,1,equipo,2.0,False
EQUIPO042,buffer15,2025-04,C02,agente,8,equipo,2.0,True
EQUIPO042,buffer15,2025-04,C02,fotodeteccion_previa,36,equipo,2.0,True
EQUIPO042,buffer15,2025-04,C14,agente,1,equipo,2.0,False
EQUIPO042,buffer15,2025-04,C24,agente,1,equipo,2.0,True
EQUIPO042,buffer15,2025-04,C31,agente,1,equipo,2.0,False
EQUIPO042,buffer15,2025-04,C35,agente,2,equipo,2.0,True
EQUIPO042,buffer15,2025-04,C35,fotodeteccion_previa,3,equipo,2.0,True
EQUIPO042,buffer15,2025-04,D01,agente,1,equipo,2.0,False
EQUIPO042,buffer15,2025-04,D02,agente,1,equipo,2.0,True
EQUIPO042,buffer15,2025-04,D02,fotodeteccion_previa,4,equipo,2.0,True
EQUIPO042,buffer15,2025-04,D04,agente,3,equipo,2.0,True
EQUIPO042,buffer15,2025-05,C02,agente,5,equipo,2.0,True
EQUIPO042,buffer15,2025-05,C02,fotodeteccion_previa,49,equipo,2.0,True
EQUIPO042,buffer15,2025-05,C24,agente,2,equipo,2.0,True
EQUIPO042,buffer15,2025-05,C32,agente,1,equipo,2.0,True
EQUIPO042,buffer15,2025-05,C35,fotodeteccion_previa,4,equipo,2.0,True
EQUIPO042,buffer15,2025-05,D02,agente,2,equipo,2.0,True
EQUIPO042,buffer15,2025-05,D02,fotodeteccion_previa,3,equipo,2.0,True
EQUIPO042,buffer15,2025-05,D07,agente,1,equipo,2.0,False
EQUIPO042,buffer15,2025-06,B03,agente,1,equipo,3.0,False
EQUIPO042,buffer15,2025-06,C02,agente,2,equipo,3.0,True
EQUIPO042,buffer15,2025-06,C02,fotodeteccion_previa,43,equipo,3.0,True
EQUIPO042,buffer15,2025-06,C35,agente,2,equipo,3.0,True
EQUIPO042,buffer15,2025-06,C35,fotodeteccion_previa,2,equipo,3.0,True
EQUIPO042,buffer15,2025-06,D02,agente,1,equipo,3.0,True
EQUIPO042,buffer15,2025-06,D02,fotodeteccion_previa,2,equipo,3.0,True
EQUIPO042,buffer15,2025-07,C02,fotodeteccion_previa,53,equipo,3.0,True
EQUIPO042,buffer15,2025-07,C35,fotodeteccion_previa,5,equipo,3.0,True
EQUIPO042,buffer15,2025-07,D02,fotodeteccion_previa,4,equipo,3.0,True
EQUIPO042,buffer15,2025-08,C02,agente,4,equipo,3.0,True
EQUIPO042,buffer15,2025-08,C02,fotodeteccion_previa,32,equipo,3.0,True
EQUIPO042,buffer15,2025-08,C35,agente,1,equipo,3.0,True
EQUIPO042,buffer15,2025-08,C35,fotodeteccion_previa,5,equipo,3.0,True
EQUIPO042,buffer15,2025-08,D02,fotodeteccion_previa,4,equipo,3.0,True
EQUIPO042,buffer15,2025-09,C02,agente,3,equipo,3.0,True
EQUIPO042,buffer15,2025-09,C02,fotodeteccion_previa,35,equipo,3.0,True
EQUIPO042,buffer15,2025-09,C24,agente,1,equipo,3.0,True
EQUIPO042,buffer15,2025-09,C35,fotodeteccion_previa,1,equipo,3.0,True
EQUIPO042,buffer15,2025-09,D02,agente,2,equipo,3.0,True
EQUIPO042,buffer15,2025-09,D03,agente,1,equipo,3.0,False
EQUIPO042,buffer15,2025-09,D04,agente,1,equipo,3.0,True
EQUIPO042,buffer15,2025-10,C02,agente,7,equipo,3.0,True
EQUIPO042,buffer15,2025-10,C02,fotodeteccion_previa,29,equipo,3.0,True
EQUIPO042,buffer15,2025-10,C35,fotodeteccion_previa,1,equipo,3.0,True
EQUIPO042,buffer15,2025-10,D03,agente,3,equipo,3.0,False
EQUIPO042,buffer15,2025-10,D05,agente,1,equipo,3.0,True
EQUIPO042,buffer15,2025-11,B02,agente,1,equipo,3.0,False
EQUIPO042,buffer15,2025-11,C02,agente,4,equipo,3.0,True
EQUIPO042,buffer15,2025-11,C02,fotodeteccion_previa,19,equipo,3.0,True
EQUIPO042,buffer15,2025-11,C06,agente,2,equipo,3.0,False
EQUIPO042,buffer15,2025-11,C24,agente,1,equipo,3.0,True
EQUIPO042,buffer15,2025-12,C02,agente,2,equipo,3.0,True
EQUIPO042,buffer15,2025-12,C02,fotodeteccion_previa,9,equipo,3.0,True
EQUIPO042,buffer15,2025-12,C35,fotodeteccion_previa,2,equipo,3.0,True
EQUIPO042,buffer15,2025-12,D02,fotodeteccion_previa,1,equipo,3.0,True
EQUIPO042,buffer15,2026-01,C02,fotodeteccion_previa,20,equipo,3.0,True
EQUIPO042,buffer15,2026-01,C35,fotodeteccion_previa,3,equipo,3.0,True
EQUIPO042,buffer15,2026-01,D02,fotodeteccion_previa,3,equipo,3.0,True
EQUIPO042,buffer15,2026-02,C02,agente,1,equipo,3.0,True
EQUIPO042,buffer15,2026-02,C02,fotodeteccion_previa,10,equipo,3.0,True
EQUIPO042,buffer15,2026-02,C32,agente,2,equipo,3.0,True
EQUIPO042,buffer15,2026-03,C02,fotodeteccion_previa,11,equipo,3.0,True
EQUIPO042,buffer15,2026-04,C02,agente,1,equipo,3.0,True
EQUIPO042,buffer15,2026-04,C02,fotodeteccion_previa,5,equipo,3.0,True
EQUIPO042,buffer15,2026-04,C35,agente,1,equipo,3.0,True
EQUIPO042,buffer15,2026-04,D03,agente,2,equipo,3.0,False
EQUIPO042,buffer15,2026-04,D04,agente,1,equipo,3.0,True
EQUIPO042,buffer15,2026-05,C02,agente,3,equipo,3.0,True
EQUIPO042,buffer15,2026-05,C02,fotodeteccion_previa,6,equipo,3.0,True
EQUIPO042,buffer15,2026-05,C24,agente,1,equipo,3.0,True
EQUIPO042,buffer15,2026-05,C31,agente,2,equipo,3.0,False
EQUIPO042,buffer15,2026-05,C35,agente,2,equipo,3.0,True
EQUIPO042,buffer15,2026-05,C35,fotodeteccion_previa,1,equipo,3.0,True
EQUIPO042,buffer15,2026-05,D04,agente,6,equipo,3.0,True
EQUIPO042,buffer15,2026-05,D05,agente,1,equipo,3.0,True
EQUIPO042,buffer15,2026-06,C02,agente,2,equipo,,True
EQUIPO042,buffer15,2026-06,C02,fotodeteccion_previa,10,equipo,,True
EQUIPO042,buffer15,2026-07,C02,agente,3,equipo,,True
EQUIPO042,buffer15,2026-07,C02,fotodeteccion_previa,9,equipo,,True
EQUIPO042,buffer15,2026-07,C35,fotodeteccion_previa,1,equipo,,True
EQUIPO042,buffer15,2026-08,C02,agente,2,equipo,,True
EQUIPO042,buffer15,2026-08,C02,fotodeteccion_previa,3,equipo,,True
EQUIPO042,buffer15,2026-08,H03,sast,873,equipo,,False
EQUIPO042,buffer15,2026-09,C02,agente,1,equipo,,True
EQUIPO042,buffer15,2026-09,C02,fotodeteccion_previa,7,equipo,,True
EQUIPO042,buffer15,2026-09,D02,fotodeteccion_previa,2,equipo,,True
EQUIPO042,buffer15,2026-09,D04,sast,372,equipo,,True
EQUIPO042,buffer15,2026-09,H03,sast,34,equipo,,False
EQUIPO042,estricto,2023-02,C02,agente,4,equipo,,True
EQUIPO042,estricto,2023-03,C02,agente,3,equipo,,True
EQUIPO042,estricto,2023-03,D03,agente,2,equipo,,False
EQUIPO042,estricto,2023-03,H03,agente,3,equipo,,False
EQUIPO042,estricto,2023-04,C02,agente,4,equipo,,True
EQUIPO042,estricto,2023-04,D04,agente,2,equipo,,True
EQUIPO042,estricto,2023-05,C02,agente,22,equipo,,True
EQUIPO042,estricto,2023-05,C03,agente,1,equipo,,True
EQUIPO042,estricto,2023-05,C24,agente,2,equipo,,True
EQUIPO042,estricto,2023-05,C31,agente,1,equipo,,False
EQUIPO042,estricto,2023-05,D01,agente,1,equipo,,False
EQUIPO042,estricto,2023-05,D02,agente,9,equipo,,True
EQUIPO042,estricto,2023-05,D03,agente,2,equipo,,False
EQUIPO042,estricto,2023-05,H03,agente,1,equipo,,False
EQUIPO042,estricto,2023-06,C01,agente,1,equipo,1.0,False
EQUIPO042,estricto,2023-06,C02,agente,48,equipo,1.0,True
EQUIPO042,estricto,2023-06,C03,agente,5,equipo,1.0,True
EQUIPO042,estricto,2023-06,C24,agente,7,equipo,1.0,True
EQUIPO042,estricto,2023-06,C31,agente,4,equipo,1.0,False
EQUIPO042,estricto,2023-06,C35,agente,1,equipo,1.0,True
EQUIPO042,estricto,2023-06,D01,agente,2,equipo,1.0,False
EQUIPO042,estricto,2023-06,D02,agente,1,equipo,1.0,True
EQUIPO042,estricto,2023-06,D03,agente,8,equipo,1.0,False
EQUIPO042,estricto,2023-06,D05,agente,3,equipo,1.0,True
EQUIPO042,estricto,2023-07,C02,agente,32,equipo,1.0,True
EQUIPO042,estricto,2023-07,C24,agente,1,equipo,1.0,True
EQUIPO042,estricto,2023-07,C31,agente,3,equipo,1.0,False
EQUIPO042,estricto,2023-07,C32,agente,3,equipo,1.0,True
EQUIPO042,estricto,2023-07,C35,agente,1,equipo,1.0,True
EQUIPO042,estricto,2023-07,D03,agente,1,equipo,1.0,False
EQUIPO042,estricto,2023-07,D04,agente,7,equipo,1.0,True
EQUIPO042,estricto,2023-07,H03,agente,1,equipo,1.0,False
EQUIPO042,estricto,2023-08,B05,agente,1,equipo,1.0,False
EQUIPO042,estricto,2023-08,C02,agente,43,equipo,1.0,True
EQUIPO042,estricto,2023-08,C24,agente,1,equipo,1.0,True
EQUIPO042,estricto,2023-08,C32,agente,2,equipo,1.0,True
EQUIPO042,estricto,2023-08,D04,agente,2,equipo,1.0,True
EQUIPO042,estricto,2023-08,H03,agente,2,equipo,1.0,False
EQUIPO042,estricto,2023-09,C02,agente,26,equipo,1.0,True
EQUIPO042,estricto,2023-09,C14,agente,1,equipo,1.0,False
EQUIPO042,estricto,2023-09,C24,agente,2,equipo,1.0,True
EQUIPO042,estricto,2023-09,C31,agente,1,equipo,1.0,False
EQUIPO042,estricto,2023-09,C35,agente,1,equipo,1.0,True
EQUIPO042,estricto,2023-09,D03,agente,1,equipo,1.0,False
EQUIPO042,estricto,2023-09,D05,agente,1,equipo,1.0,True
EQUIPO042,estricto,2023-09,H03,agente,1,equipo,1.0,False
EQUIPO042,estricto,2023-10,C02,agente,68,equipo,1.0,True
EQUIPO042,estricto,2023-10,C24,agente,1,equipo,1.0,True
EQUIPO042,estricto,2023-10,D02,agente,2,equipo,1.0,True
EQUIPO042,estricto,2023-11,C02,agente,13,equipo,1.0,True
EQUIPO042,estricto,2023-11,C31,agente,1,equipo,1.0,False
EQUIPO042,estricto,2023-12,A05,agente,1,equipo,1.0,False
EQUIPO042,estricto,2023-12,C02,agente,8,equipo,1.0,True
EQUIPO042,estricto,2023-12,D02,agente,1,equipo,1.0,True
EQUIPO042,estricto,2023-12,D03,agente,2,equipo,1.0,False
EQUIPO042,estricto,2023-12,H03,agente,1,equipo,1.0,False
EQUIPO042,estricto,2024-01,C02,agente,4,equipo,1.0,True
EQUIPO042,estricto,2024-02,C02,agente,17,equipo,1.0,True
EQUIPO042,estricto,2024-02,D03,agente,1,equipo,1.0,False
EQUIPO042,estricto,2024-03,C02,agente,3,equipo,1.0,True
EQUIPO042,estricto,2024-03,C02,fotodeteccion_previa,34,equipo,1.0,True
EQUIPO042,estricto,2024-03,C35,fotodeteccion_previa,5,equipo,1.0,True
EQUIPO042,estricto,2024-03,D02,fotodeteccion_previa,8,equipo,1.0,True
EQUIPO042,estricto,2024-04,C02,agente,43,equipo,1.0,True
EQUIPO042,estricto,2024-04,C02,fotodeteccion_previa,13,equipo,1.0,True
EQUIPO042,estricto,2024-04,C35,fotodeteccion_previa,1,equipo,1.0,True
EQUIPO042,estricto,2024-04,D02,fotodeteccion_previa,2,equipo,1.0,True
EQUIPO042,estricto,2024-04,D03,agente,1,equipo,1.0,False
EQUIPO042,estricto,2024-04,D04,agente,2,equipo,1.0,True
EQUIPO042,estricto,2024-04,D07,agente,1,equipo,1.0,False
EQUIPO042,estricto,2024-05,C02,agente,24,equipo,1.0,True
EQUIPO042,estricto,2024-05,C02,fotodeteccion_previa,40,equipo,1.0,True
EQUIPO042,estricto,2024-05,C15,agente,1,equipo,1.0,False
EQUIPO042,estricto,2024-05,C24,agente,17,equipo,1.0,True
EQUIPO042,estricto,2024-05,C31,agente,3,equipo,1.0,False
EQUIPO042,estricto,2024-05,D02,agente,1,equipo,1.0,True
EQUIPO042,estricto,2024-05,D02,fotodeteccion_previa,1,equipo,1.0,True
EQUIPO042,estricto,2024-05,D04,agente,48,equipo,1.0,True
EQUIPO042,estricto,2024-05,D05,agente,9,equipo,1.0,True
EQUIPO042,estricto,2024-06,C02,agente,24,equipo,2.0,True
EQUIPO042,estricto,2024-06,C02,fotodeteccion_previa,48,equipo,2.0,True
EQUIPO042,estricto,2024-06,C24,agente,7,equipo,2.0,True
EQUIPO042,estricto,2024-06,C32,agente,2,equipo,2.0,True
EQUIPO042,estricto,2024-06,C35,agente,2,equipo,2.0,True
EQUIPO042,estricto,2024-06,C35,fotodeteccion_previa,4,equipo,2.0,True
EQUIPO042,estricto,2024-06,D02,agente,4,equipo,2.0,True
EQUIPO042,estricto,2024-06,D02,fotodeteccion_previa,4,equipo,2.0,True
EQUIPO042,estricto,2024-06,D03,agente,2,equipo,2.0,False
EQUIPO042,estricto,2024-06,D04,agente,2,equipo,2.0,True
EQUIPO042,estricto,2024-07,C02,agente,28,equipo,2.0,True
EQUIPO042,estricto,2024-07,C02,fotodeteccion_previa,42,equipo,2.0,True
EQUIPO042,estricto,2024-07,C24,agente,1,equipo,2.0,True
EQUIPO042,estricto,2024-07,C32,agente,4,equipo,2.0,True
EQUIPO042,estricto,2024-07,C35,fotodeteccion_previa,3,equipo,2.0,True
EQUIPO042,estricto,2024-07,D02,agente,1,equipo,2.0,True
EQUIPO042,estricto,2024-07,D02,fotodeteccion_previa,4,equipo,2.0,True
EQUIPO042,estricto,2024-07,D03,agente,4,equipo,2.0,False
EQUIPO042,estricto,2024-07,D04,agente,1,equipo,2.0,True
EQUIPO042,estricto,2024-08,C02,agente,11,equipo,2.0,True
EQUIPO042,estricto,2024-08,C02,fotodeteccion_previa,22,equipo,2.0,True
EQUIPO042,estricto,2024-08,D02,fotodeteccion_previa,1,equipo,2.0,True
EQUIPO042,estricto,2024-08,D03,agente,1,equipo,2.0,False
EQUIPO042,estricto,2024-09,C02,agente,6,equipo,2.0,True
EQUIPO042,estricto,2024-09,C02,fotodeteccion_previa,22,equipo,2.0,True
EQUIPO042,estricto,2024-09,C15,agente,1,equipo,2.0,False
EQUIPO042,estricto,2024-09,C32,agente,1,equipo,2.0,True
EQUIPO042,estricto,2024-09,C35,fotodeteccion_previa,1,equipo,2.0,True
EQUIPO042,estricto,2024-09,C37,agente,1,equipo,2.0,False
EQUIPO042,estricto,2024-09,D02,agente,5,equipo,2.0,True
EQUIPO042,estricto,2024-09,D02,fotodeteccion_previa,2,equipo,2.0,True
EQUIPO042,estricto,2024-09,D03,agente,1,equipo,2.0,False
EQUIPO042,estricto,2024-09,D04,agente,15,equipo,2.0,True
EQUIPO042,estricto,2024-09,D05,agente,1,equipo,2.0,True
EQUIPO042,estricto,2024-09,H03,agente,1,equipo,2.0,False
EQUIPO042,estricto,2024-10,C02,agente,11,equipo,2.0,True
EQUIPO042,estricto,2024-10,C02,fotodeteccion_previa,22,equipo,2.0,True
EQUIPO042,estricto,2024-10,D02,agente,1,equipo,2.0,True
EQUIPO042,estricto,2024-10,D05,agente,1,equipo,2.0,True
EQUIPO042,estricto,2024-11,C02,agente,4,equipo,2.0,True
EQUIPO042,estricto,2024-11,C02,fotodeteccion_previa,17,equipo,2.0,True
EQUIPO042,estricto,2024-11,C32,agente,1,equipo,2.0,True
EQUIPO042,estricto,2024-11,C35,fotodeteccion_previa,2,equipo,2.0,True
EQUIPO042,estricto,2024-11,D02,agente,1,equipo,2.0,True
EQUIPO042,estricto,2024-11,D02,fotodeteccion_previa,2,equipo,2.0,True
EQUIPO042,estricto,2024-12,C02,agente,9,equipo,2.0,True
EQUIPO042,estricto,2024-12,C02,fotodeteccion_previa,55,equipo,2.0,True
EQUIPO042,estricto,2024-12,C32,agente,1,equipo,2.0,True
EQUIPO042,estricto,2024-12,C35,fotodeteccion_previa,4,equipo,2.0,True
EQUIPO042,estricto,2024-12,D02,fotodeteccion_previa,2,equipo,2.0,True
EQUIPO042,estricto,2024-12,D04,agente,1,equipo,2.0,True
EQUIPO042,estricto,2024-12,H02,agente,1,equipo,2.0,False
EQUIPO042,estricto,2025-01,C02,agente,4,equipo,2.0,True
EQUIPO042,estricto,2025-01,C02,fotodeteccion_previa,63,equipo,2.0,True
EQUIPO042,estricto,2025-01,C35,fotodeteccion_previa,6,equipo,2.0,True
EQUIPO042,estricto,2025-01,D02,fotodeteccion_previa,5,equipo,2.0,True
EQUIPO042,estricto,2025-02,C02,agente,1,equipo,2.0,True
EQUIPO042,estricto,2025-02,C02,fotodeteccion_previa,41,equipo,2.0,True
EQUIPO042,estricto,2025-02,C35,fotodeteccion_previa,1,equipo,2.0,True
EQUIPO042,estricto,2025-02,D02,fotodeteccion_previa,2,equipo,2.0,True
EQUIPO042,estricto,2025-02,D03,agente,1,equipo,2.0,False
EQUIPO042,estricto,2025-03,C02,agente,17,equipo,2.0,True
EQUIPO042,estricto,2025-03,C02,fotodeteccion_previa,73,equipo,2.0,True
EQUIPO042,estricto,2025-03,C24,agente,1,equipo,2.0,True
EQUIPO042,estricto,2025-03,C35,agente,1,equipo,2.0,True
EQUIPO042,estricto,2025-03,C35,fotodeteccion_previa,7,equipo,2.0,True
EQUIPO042,estricto,2025-03,D02,fotodeteccion_previa,7,equipo,2.0,True
EQUIPO042,estricto,2025-03,D03,agente,1,equipo,2.0,False
EQUIPO042,estricto,2025-03,D04,agente,2,equipo,2.0,True
EQUIPO042,estricto,2025-04,B02,agente,1,equipo,2.0,False
EQUIPO042,estricto,2025-04,C02,agente,5,equipo,2.0,True
EQUIPO042,estricto,2025-04,C02,fotodeteccion_previa,36,equipo,2.0,True
EQUIPO042,estricto,2025-04,C14,agente,1,equipo,2.0,False
EQUIPO042,estricto,2025-04,C24,agente,1,equipo,2.0,True
EQUIPO042,estricto,2025-04,C31,agente,1,equipo,2.0,False
EQUIPO042,estricto,2025-04,C35,agente,2,equipo,2.0,True
EQUIPO042,estricto,2025-04,C35,fotodeteccion_previa,3,equipo,2.0,True
EQUIPO042,estricto,2025-04,D01,agente,1,equipo,2.0,False
EQUIPO042,estricto,2025-04,D02,agente,1,equipo,2.0,True
EQUIPO042,estricto,2025-04,D02,fotodeteccion_previa,4,equipo,2.0,True
EQUIPO042,estricto,2025-04,D04,agente,3,equipo,2.0,True
EQUIPO042,estricto,2025-05,C02,agente,5,equipo,2.0,True
EQUIPO042,estricto,2025-05,C02,fotodeteccion_previa,49,equipo,2.0,True
EQUIPO042,estricto,2025-05,C24,agente,2,equipo,2.0,True
EQUIPO042,estricto,2025-05,C32,agente,1,equipo,2.0,True
EQUIPO042,estricto,2025-05,C35,fotodeteccion_previa,4,equipo,2.0,True
EQUIPO042,estricto,2025-05,D02,agente,2,equipo,2.0,True
EQUIPO042,estricto,2025-05,D02,fotodeteccion_previa,3,equipo,2.0,True
EQUIPO042,estricto,2025-05,D07,agente,1,equipo,2.0,False
EQUIPO042,estricto,2025-06,B03,agente,1,equipo,3.0,False
EQUIPO042,estricto,2025-06,C02,agente,2,equipo,3.0,True
EQUIPO042,estricto,2025-06,C02,fotodeteccion_previa,43,equipo,3.0,True
EQUIPO042,estricto,2025-06,C35,agente,2,equipo,3.0,True
EQUIPO042,estricto,2025-06,C35,fotodeteccion_previa,2,equipo,3.0,True
EQUIPO042,estricto,2025-06,D02,fotodeteccion_previa,2,equipo,3.0,True
EQUIPO042,estricto,2025-07,C02,fotodeteccion_previa,53,equipo,3.0,True
EQUIPO042,estricto,2025-07,C35,fotodeteccion_previa,5,equipo,3.0,True
EQUIPO042,estricto,2025-07,D02,fotodeteccion_previa,4,equipo,3.0,True
EQUIPO042,estricto,2025-08,C02,agente,4,equipo,3.0,True
EQUIPO042,estricto,2025-08,C02,fotodeteccion_previa,32,equipo,3.0,True
EQUIPO042,estricto,2025-08,C35,agente,1,equipo,3.0,True
EQUIPO042,estricto,2025-08,C35,fotodeteccion_previa,5,equipo,3.0,True
EQUIPO042,estricto,2025-08,D02,fotodeteccion_previa,4,equipo,3.0,True
EQUIPO042,estricto,2025-09,C02,agente,2,equipo,3.0,True
EQUIPO042,estricto,2025-09,C02,fotodeteccion_previa,35,equipo,3.0,True
EQUIPO042,estricto,2025-09,C35,fotodeteccion_previa,1,equipo,3.0,True
EQUIPO042,estricto,2025-09,D02,agente,1,equipo,3.0,True
EQUIPO042,estricto,2025-09,D03,agente,1,equipo,3.0,False
EQUIPO042,estricto,2025-09,D04,agente,1,equipo,3.0,True
EQUIPO042,estricto,2025-10,C02,agente,7,equipo,3.0,True
EQUIPO042,estricto,2025-10,C02,fotodeteccion_previa,29,equipo,3.0,True
EQUIPO042,estricto,2025-10,C35,fotodeteccion_previa,1,equipo,3.0,True
EQUIPO042,estricto,2025-10,D03,agente,2,equipo,3.0,False
EQUIPO042,estricto,2025-10,D05,agente,1,equipo,3.0,True
EQUIPO042,estricto,2025-11,C02,agente,4,equipo,3.0,True
EQUIPO042,estricto,2025-11,C02,fotodeteccion_previa,19,equipo,3.0,True
EQUIPO042,estricto,2025-12,C02,agente,2,equipo,3.0,True
EQUIPO042,estricto,2025-12,C02,fotodeteccion_previa,9,equipo,3.0,True
EQUIPO042,estricto,2025-12,C35,fotodeteccion_previa,2,equipo,3.0,True
EQUIPO042,estricto,2025-12,D02,fotodeteccion_previa,1,equipo,3.0,True
EQUIPO042,estricto,2026-01,C02,fotodeteccion_previa,20,equipo,3.0,True
EQUIPO042,estricto,2026-01,C35,fotodeteccion_previa,3,equipo,3.0,True
EQUIPO042,estricto,2026-01,D02,fotodeteccion_previa,3,equipo,3.0,True
EQUIPO042,estricto,2026-02,C02,agente,1,equipo,3.0,True
EQUIPO042,estricto,2026-02,C02,fotodeteccion_previa,10,equipo,3.0,True
EQUIPO042,estricto,2026-02,C32,agente,2,equipo,3.0,True
EQUIPO042,estricto,2026-03,C02,fotodeteccion_previa,11,equipo,3.0,True
EQUIPO042,estricto,2026-04,C02,agente,1,equipo,3.0,True
EQUIPO042,estricto,2026-04,C02,fotodeteccion_previa,5,equipo,3.0,True
EQUIPO042,estricto,2026-04,C35,agente,1,equipo,3.0,True
EQUIPO042,estricto,2026-04,D03,agente,2,equipo,3.0,False
EQUIPO042,estricto,2026-04,D04,agente,1,equipo,3.0,True
EQUIPO042,estricto,2026-05,C02,agente,1,equipo,3.0,True
EQUIPO042,estricto,2026-05,C02,fotodeteccion_previa,6,equipo,3.0,True
EQUIPO042,estricto,2026-05,C24,agente,1,equipo,3.0,True
EQUIPO042,estricto,2026-05,C31,agente,2,equipo,3.0,False
EQUIPO042,estricto,2026-05,C35,fotodeteccion_previa,1,equipo,3.0,True
EQUIPO042,estricto,2026-05,D04,agente,6,equipo,3.0,True
EQUIPO042,estricto,2026-05,D05,agente,1,equipo,3.0,True
EQUIPO042,estricto,2026-06,C02,agente,2,equipo,,True
EQUIPO042,estricto,2026-06,C02,fotodeteccion_previa,10,equipo,,True
EQUIPO042,estricto,2026-07,C02,agente,2,equipo,,True
EQUIPO042,estricto,2026-07,C02,fotodeteccion_previa,9,equipo,,True
EQUIPO042,estricto,2026-07,C35,fotodeteccion_previa,1,equipo,,True
EQUIPO042,estricto,2026-08,C02,agente,2,equipo,,True
EQUIPO042,estricto,2026-08,C02,fotodeteccion_previa,3,equipo,,True
EQUIPO042,estricto,2026-08,H03,sast,873,equipo,,False
EQUIPO042,estricto,2026-09,C02,agente,1,equipo,,True
EQUIPO042,estricto,2026-09,C02,fotodeteccion_previa,7,equipo,,True
EQUIPO042,estricto,2026-09,D02,fotodeteccion_previa,2,equipo,,True
EQUIPO042,estricto,2026-09,D04,sast,372,equipo,,True
EQUIPO042,estricto,2026-09,H03,sast,34,equipo,,False
EQUIPO042,oficial,2023-02,C02,agente,4,equipo,,True
EQUIPO042,oficial,2023-03,C02,agente,3,equipo,,True
EQUIPO042,oficial,2023-03,D03,agente,2,equipo,,False
EQUIPO042,oficial,2023-03,H03,agente,3,equipo,,False
EQUIPO042,oficial,2023-04,C02,agente,5,equipo,,True
EQUIPO042,oficial,2023-04,D04,agente,2,equipo,,True
EQUIPO042,oficial,2023-05,C02,agente,24,equipo,,True
EQUIPO042,oficial,2023-05,C03,agente,1,equipo,,True
EQUIPO042,oficial,2023-05,C24,agente,2,equipo,,True
EQUIPO042,oficial,2023-05,C31,agente,1,equipo,,False
EQUIPO042,oficial,2023-05,D01,agente,1,equipo,,False
EQUIPO042,oficial,2023-05,D02,agente,9,equipo,,True
EQUIPO042,oficial,2023-05,D03,agente,2,equipo,,False
EQUIPO042,oficial,2023-05,H03,agente,1,equipo,,False
EQUIPO042,oficial,2023-06,C01,agente,1,equipo,1.0,False
EQUIPO042,oficial,2023-06,C02,agente,49,equipo,1.0,True
EQUIPO042,oficial,2023-06,C03,agente,5,equipo,1.0,True
EQUIPO042,oficial,2023-06,C24,agente,8,equipo,1.0,True
EQUIPO042,oficial,2023-06,C31,agente,4,equipo,1.0,False
EQUIPO042,oficial,2023-06,C35,agente,1,equipo,1.0,True
EQUIPO042,oficial,2023-06,D01,agente,2,equipo,1.0,False
EQUIPO042,oficial,2023-06,D02,agente,1,equipo,1.0,True
EQUIPO042,oficial,2023-06,D03,agente,8,equipo,1.0,False
EQUIPO042,oficial,2023-06,D05,agente,3,equipo,1.0,True
EQUIPO042,oficial,2023-07,C02,agente,32,equipo,1.0,True
EQUIPO042,oficial,2023-07,C24,agente,1,equipo,1.0,True
EQUIPO042,oficial,2023-07,C31,agente,4,equipo,1.0,False
EQUIPO042,oficial,2023-07,C32,agente,3,equipo,1.0,True
EQUIPO042,oficial,2023-07,C35,agente,1,equipo,1.0,True
EQUIPO042,oficial,2023-07,D03,agente,1,equipo,1.0,False
EQUIPO042,oficial,2023-07,D04,agente,7,equipo,1.0,True
EQUIPO042,oficial,2023-07,H03,agente,1,equipo,1.0,False
EQUIPO042,oficial,2023-08,B05,agente,1,equipo,1.0,False
EQUIPO042,oficial,2023-08,C02,agente,44,equipo,1.0,True
EQUIPO042,oficial,2023-08,C24,agente,1,equipo,1.0,True
EQUIPO042,oficial,2023-08,C32,agente,2,equipo,1.0,True
EQUIPO042,oficial,2023-08,D04,agente,2,equipo,1.0,True
EQUIPO042,oficial,2023-08,H03,agente,2,equipo,1.0,False
EQUIPO042,oficial,2023-09,C02,agente,26,equipo,1.0,True
EQUIPO042,oficial,2023-09,C14,agente,1,equipo,1.0,False
EQUIPO042,oficial,2023-09,C24,agente,2,equipo,1.0,True
EQUIPO042,oficial,2023-09,C31,agente,1,equipo,1.0,False
EQUIPO042,oficial,2023-09,C35,agente,1,equipo,1.0,True
EQUIPO042,oficial,2023-09,D03,agente,1,equipo,1.0,False
EQUIPO042,oficial,2023-09,D05,agente,1,equipo,1.0,True
EQUIPO042,oficial,2023-09,H03,agente,1,equipo,1.0,False
EQUIPO042,oficial,2023-10,C02,agente,69,equipo,1.0,True
EQUIPO042,oficial,2023-10,C24,agente,1,equipo,1.0,True
EQUIPO042,oficial,2023-10,D02,agente,2,equipo,1.0,True
EQUIPO042,oficial,2023-11,C02,agente,13,equipo,1.0,True
EQUIPO042,oficial,2023-11,C31,agente,1,equipo,1.0,False
EQUIPO042,oficial,2023-12,A05,agente,1,equipo,1.0,False
EQUIPO042,oficial,2023-12,C02,agente,8,equipo,1.0,True
EQUIPO042,oficial,2023-12,D02,agente,1,equipo,1.0,True
EQUIPO042,oficial,2023-12,D03,agente,2,equipo,1.0,False
EQUIPO042,oficial,2023-12,H03,agente,1,equipo,1.0,False
EQUIPO042,oficial,2024-01,C02,agente,4,equipo,1.0,True
EQUIPO042,oficial,2024-02,C02,agente,17,equipo,1.0,True
EQUIPO042,oficial,2024-02,D03,agente,1,equipo,1.0,False
EQUIPO042,oficial,2024-03,C02,agente,3,equipo,1.0,True
EQUIPO042,oficial,2024-03,C02,fotodeteccion_previa,34,equipo,1.0,True
EQUIPO042,oficial,2024-03,C35,fotodeteccion_previa,5,equipo,1.0,True
EQUIPO042,oficial,2024-03,D02,fotodeteccion_previa,8,equipo,1.0,True
EQUIPO042,oficial,2024-04,C02,agente,44,equipo,1.0,True
EQUIPO042,oficial,2024-04,C02,fotodeteccion_previa,13,equipo,1.0,True
EQUIPO042,oficial,2024-04,C35,fotodeteccion_previa,1,equipo,1.0,True
EQUIPO042,oficial,2024-04,D02,fotodeteccion_previa,2,equipo,1.0,True
EQUIPO042,oficial,2024-04,D03,agente,1,equipo,1.0,False
EQUIPO042,oficial,2024-04,D04,agente,2,equipo,1.0,True
EQUIPO042,oficial,2024-04,D07,agente,1,equipo,1.0,False
EQUIPO042,oficial,2024-05,C02,agente,25,equipo,1.0,True
EQUIPO042,oficial,2024-05,C02,fotodeteccion_previa,40,equipo,1.0,True
EQUIPO042,oficial,2024-05,C15,agente,1,equipo,1.0,False
EQUIPO042,oficial,2024-05,C24,agente,17,equipo,1.0,True
EQUIPO042,oficial,2024-05,C31,agente,3,equipo,1.0,False
EQUIPO042,oficial,2024-05,D02,agente,1,equipo,1.0,True
EQUIPO042,oficial,2024-05,D02,fotodeteccion_previa,1,equipo,1.0,True
EQUIPO042,oficial,2024-05,D04,agente,48,equipo,1.0,True
EQUIPO042,oficial,2024-05,D05,agente,9,equipo,1.0,True
EQUIPO042,oficial,2024-06,C02,agente,25,equipo,2.0,True
EQUIPO042,oficial,2024-06,C02,fotodeteccion_previa,48,equipo,2.0,True
EQUIPO042,oficial,2024-06,C24,agente,7,equipo,2.0,True
EQUIPO042,oficial,2024-06,C32,agente,2,equipo,2.0,True
EQUIPO042,oficial,2024-06,C35,agente,2,equipo,2.0,True
EQUIPO042,oficial,2024-06,C35,fotodeteccion_previa,4,equipo,2.0,True
EQUIPO042,oficial,2024-06,D02,agente,4,equipo,2.0,True
EQUIPO042,oficial,2024-06,D02,fotodeteccion_previa,4,equipo,2.0,True
EQUIPO042,oficial,2024-06,D03,agente,2,equipo,2.0,False
EQUIPO042,oficial,2024-06,D04,agente,2,equipo,2.0,True
EQUIPO042,oficial,2024-07,C02,agente,29,equipo,2.0,True
EQUIPO042,oficial,2024-07,C02,fotodeteccion_previa,42,equipo,2.0,True
EQUIPO042,oficial,2024-07,C24,agente,1,equipo,2.0,True
EQUIPO042,oficial,2024-07,C32,agente,4,equipo,2.0,True
EQUIPO042,oficial,2024-07,C35,fotodeteccion_previa,3,equipo,2.0,True
EQUIPO042,oficial,2024-07,D02,agente,1,equipo,2.0,True
EQUIPO042,oficial,2024-07,D02,fotodeteccion_previa,4,equipo,2.0,True
EQUIPO042,oficial,2024-07,D03,agente,4,equipo,2.0,False
EQUIPO042,oficial,2024-07,D04,agente,1,equipo,2.0,True
EQUIPO042,oficial,2024-08,C02,agente,11,equipo,2.0,True
EQUIPO042,oficial,2024-08,C02,fotodeteccion_previa,22,equipo,2.0,True
EQUIPO042,oficial,2024-08,D02,fotodeteccion_previa,1,equipo,2.0,True
EQUIPO042,oficial,2024-08,D03,agente,2,equipo,2.0,False
EQUIPO042,oficial,2024-09,C02,agente,6,equipo,2.0,True
EQUIPO042,oficial,2024-09,C02,fotodeteccion_previa,22,equipo,2.0,True
EQUIPO042,oficial,2024-09,C15,agente,1,equipo,2.0,False
EQUIPO042,oficial,2024-09,C32,agente,1,equipo,2.0,True
EQUIPO042,oficial,2024-09,C35,fotodeteccion_previa,1,equipo,2.0,True
EQUIPO042,oficial,2024-09,C37,agente,1,equipo,2.0,False
EQUIPO042,oficial,2024-09,D02,agente,7,equipo,2.0,True
EQUIPO042,oficial,2024-09,D02,fotodeteccion_previa,2,equipo,2.0,True
EQUIPO042,oficial,2024-09,D03,agente,1,equipo,2.0,False
EQUIPO042,oficial,2024-09,D04,agente,15,equipo,2.0,True
EQUIPO042,oficial,2024-09,D05,agente,1,equipo,2.0,True
EQUIPO042,oficial,2024-09,H03,agente,1,equipo,2.0,False
EQUIPO042,oficial,2024-10,C02,agente,12,equipo,2.0,True
EQUIPO042,oficial,2024-10,C02,fotodeteccion_previa,22,equipo,2.0,True
EQUIPO042,oficial,2024-10,D02,agente,1,equipo,2.0,True
EQUIPO042,oficial,2024-10,D04,agente,1,equipo,2.0,True
EQUIPO042,oficial,2024-10,D05,agente,1,equipo,2.0,True
EQUIPO042,oficial,2024-11,C02,agente,4,equipo,2.0,True
EQUIPO042,oficial,2024-11,C02,fotodeteccion_previa,17,equipo,2.0,True
EQUIPO042,oficial,2024-11,C32,agente,1,equipo,2.0,True
EQUIPO042,oficial,2024-11,C35,fotodeteccion_previa,2,equipo,2.0,True
EQUIPO042,oficial,2024-11,D02,agente,1,equipo,2.0,True
EQUIPO042,oficial,2024-11,D02,fotodeteccion_previa,2,equipo,2.0,True
EQUIPO042,oficial,2024-12,C02,agente,14,equipo,2.0,True
EQUIPO042,oficial,2024-12,C02,fotodeteccion_previa,55,equipo,2.0,True
EQUIPO042,oficial,2024-12,C32,agente,1,equipo,2.0,True
EQUIPO042,oficial,2024-12,C35,fotodeteccion_previa,4,equipo,2.0,True
EQUIPO042,oficial,2024-12,D02,fotodeteccion_previa,2,equipo,2.0,True
EQUIPO042,oficial,2024-12,D04,agente,1,equipo,2.0,True
EQUIPO042,oficial,2024-12,H02,agente,1,equipo,2.0,False
EQUIPO042,oficial,2025-01,C02,agente,4,equipo,2.0,True
EQUIPO042,oficial,2025-01,C02,fotodeteccion_previa,63,equipo,2.0,True
EQUIPO042,oficial,2025-01,C35,fotodeteccion_previa,6,equipo,2.0,True
EQUIPO042,oficial,2025-01,D02,fotodeteccion_previa,5,equipo,2.0,True
EQUIPO042,oficial,2025-02,C02,agente,1,equipo,2.0,True
EQUIPO042,oficial,2025-02,C02,fotodeteccion_previa,41,equipo,2.0,True
EQUIPO042,oficial,2025-02,C35,fotodeteccion_previa,1,equipo,2.0,True
EQUIPO042,oficial,2025-02,D02,fotodeteccion_previa,2,equipo,2.0,True
EQUIPO042,oficial,2025-02,D03,agente,1,equipo,2.0,False
EQUIPO042,oficial,2025-03,C02,agente,17,equipo,2.0,True
EQUIPO042,oficial,2025-03,C02,fotodeteccion_previa,73,equipo,2.0,True
EQUIPO042,oficial,2025-03,C24,agente,2,equipo,2.0,True
EQUIPO042,oficial,2025-03,C35,agente,1,equipo,2.0,True
EQUIPO042,oficial,2025-03,C35,fotodeteccion_previa,7,equipo,2.0,True
EQUIPO042,oficial,2025-03,D02,fotodeteccion_previa,7,equipo,2.0,True
EQUIPO042,oficial,2025-03,D03,agente,1,equipo,2.0,False
EQUIPO042,oficial,2025-03,D04,agente,2,equipo,2.0,True
EQUIPO042,oficial,2025-04,B02,agente,1,equipo,2.0,False
EQUIPO042,oficial,2025-04,C02,agente,6,equipo,2.0,True
EQUIPO042,oficial,2025-04,C02,fotodeteccion_previa,36,equipo,2.0,True
EQUIPO042,oficial,2025-04,C14,agente,1,equipo,2.0,False
EQUIPO042,oficial,2025-04,C24,agente,1,equipo,2.0,True
EQUIPO042,oficial,2025-04,C31,agente,1,equipo,2.0,False
EQUIPO042,oficial,2025-04,C35,agente,2,equipo,2.0,True
EQUIPO042,oficial,2025-04,C35,fotodeteccion_previa,3,equipo,2.0,True
EQUIPO042,oficial,2025-04,D01,agente,1,equipo,2.0,False
EQUIPO042,oficial,2025-04,D02,agente,1,equipo,2.0,True
EQUIPO042,oficial,2025-04,D02,fotodeteccion_previa,4,equipo,2.0,True
EQUIPO042,oficial,2025-04,D04,agente,3,equipo,2.0,True
EQUIPO042,oficial,2025-05,C02,agente,5,equipo,2.0,True
EQUIPO042,oficial,2025-05,C02,fotodeteccion_previa,49,equipo,2.0,True
EQUIPO042,oficial,2025-05,C24,agente,2,equipo,2.0,True
EQUIPO042,oficial,2025-05,C32,agente,1,equipo,2.0,True
EQUIPO042,oficial,2025-05,C35,fotodeteccion_previa,4,equipo,2.0,True
EQUIPO042,oficial,2025-05,D02,agente,2,equipo,2.0,True
EQUIPO042,oficial,2025-05,D02,fotodeteccion_previa,3,equipo,2.0,True
EQUIPO042,oficial,2025-05,D07,agente,1,equipo,2.0,False
EQUIPO042,oficial,2025-06,B03,agente,1,equipo,3.0,False
EQUIPO042,oficial,2025-06,C02,agente,2,equipo,3.0,True
EQUIPO042,oficial,2025-06,C02,fotodeteccion_previa,43,equipo,3.0,True
EQUIPO042,oficial,2025-06,C35,agente,2,equipo,3.0,True
EQUIPO042,oficial,2025-06,C35,fotodeteccion_previa,2,equipo,3.0,True
EQUIPO042,oficial,2025-06,D02,agente,1,equipo,3.0,True
EQUIPO042,oficial,2025-06,D02,fotodeteccion_previa,2,equipo,3.0,True
EQUIPO042,oficial,2025-07,C02,fotodeteccion_previa,53,equipo,3.0,True
EQUIPO042,oficial,2025-07,C35,fotodeteccion_previa,5,equipo,3.0,True
EQUIPO042,oficial,2025-07,D02,fotodeteccion_previa,4,equipo,3.0,True
EQUIPO042,oficial,2025-08,C02,agente,4,equipo,3.0,True
EQUIPO042,oficial,2025-08,C02,fotodeteccion_previa,32,equipo,3.0,True
EQUIPO042,oficial,2025-08,C35,agente,1,equipo,3.0,True
EQUIPO042,oficial,2025-08,C35,fotodeteccion_previa,5,equipo,3.0,True
EQUIPO042,oficial,2025-08,D02,fotodeteccion_previa,4,equipo,3.0,True
EQUIPO042,oficial,2025-09,C02,agente,3,equipo,3.0,True
EQUIPO042,oficial,2025-09,C02,fotodeteccion_previa,35,equipo,3.0,True
EQUIPO042,oficial,2025-09,C24,agente,1,equipo,3.0,True
EQUIPO042,oficial,2025-09,C35,fotodeteccion_previa,1,equipo,3.0,True
EQUIPO042,oficial,2025-09,D02,agente,1,equipo,3.0,True
EQUIPO042,oficial,2025-09,D03,agente,1,equipo,3.0,False
EQUIPO042,oficial,2025-09,D04,agente,1,equipo,3.0,True
EQUIPO042,oficial,2025-10,C02,agente,7,equipo,3.0,True
EQUIPO042,oficial,2025-10,C02,fotodeteccion_previa,29,equipo,3.0,True
EQUIPO042,oficial,2025-10,C35,fotodeteccion_previa,1,equipo,3.0,True
EQUIPO042,oficial,2025-10,D03,agente,3,equipo,3.0,False
EQUIPO042,oficial,2025-10,D05,agente,1,equipo,3.0,True
EQUIPO042,oficial,2025-11,B02,agente,1,equipo,3.0,False
EQUIPO042,oficial,2025-11,C02,agente,4,equipo,3.0,True
EQUIPO042,oficial,2025-11,C02,fotodeteccion_previa,19,equipo,3.0,True
EQUIPO042,oficial,2025-11,C06,agente,2,equipo,3.0,False
EQUIPO042,oficial,2025-11,C24,agente,1,equipo,3.0,True
EQUIPO042,oficial,2025-12,C02,agente,2,equipo,3.0,True
EQUIPO042,oficial,2025-12,C02,fotodeteccion_previa,9,equipo,3.0,True
EQUIPO042,oficial,2025-12,C35,fotodeteccion_previa,2,equipo,3.0,True
EQUIPO042,oficial,2025-12,D02,fotodeteccion_previa,1,equipo,3.0,True
EQUIPO042,oficial,2026-01,C02,fotodeteccion_previa,20,equipo,3.0,True
EQUIPO042,oficial,2026-01,C35,fotodeteccion_previa,3,equipo,3.0,True
EQUIPO042,oficial,2026-01,D02,fotodeteccion_previa,3,equipo,3.0,True
EQUIPO042,oficial,2026-02,C02,agente,1,equipo,3.0,True
EQUIPO042,oficial,2026-02,C02,fotodeteccion_previa,10,equipo,3.0,True
EQUIPO042,oficial,2026-02,C32,agente,2,equipo,3.0,True
EQUIPO042,oficial,2026-03,C02,fotodeteccion_previa,11,equipo,3.0,True
EQUIPO042,oficial,2026-04,C02,agente,1,equipo,3.0,True
EQUIPO042,oficial,2026-04,C02,fotodeteccion_previa,5,equipo,3.0,True
EQUIPO042,oficial,2026-04,C35,agente,1,equipo,3.0,True
EQUIPO042,oficial,2026-04,D03,agente,2,equipo,3.0,False
EQUIPO042,oficial,2026-04,D04,agente,1,equipo,3.0,True
EQUIPO042,oficial,2026-05,C02,agente,1,equipo,3.0,True
EQUIPO042,oficial,2026-05,C02,fotodeteccion_previa,6,equipo,3.0,True
EQUIPO042,oficial,2026-05,C24,agente,1,equipo,3.0,True
EQUIPO042,oficial,2026-05,C31,agente,2,equipo,3.0,False
EQUIPO042,oficial,2026-05,C35,agente,2,equipo,3.0,True
EQUIPO042,oficial,2026-05,C35,fotodeteccion_previa,1,equipo,3.0,True
EQUIPO042,oficial,2026-05,D04,agente,6,equipo,3.0,True
EQUIPO042,oficial,2026-05,D05,agente,1,equipo,3.0,True
EQUIPO042,oficial,2026-06,C02,agente,2,equipo,,True
EQUIPO042,oficial,2026-06,C02,fotodeteccion_previa,10,equipo,,True
EQUIPO042,oficial,2026-07,C02,agente,2,equipo,,True
EQUIPO042,oficial,2026-07,C02,fotodeteccion_previa,9,equipo,,True
EQUIPO042,oficial,2026-07,C35,fotodeteccion_previa,1,equipo,,True
EQUIPO042,oficial,2026-08,C02,agente,2,equipo,,True
EQUIPO042,oficial,2026-08,C02,fotodeteccion_previa,3,equipo,,True
EQUIPO042,oficial,2026-08,H03,sast,873,equipo,,False
EQUIPO042,oficial,2026-09,C02,agente,1,equipo,,True
EQUIPO042,oficial,2026-09,C02,fotodeteccion_previa,7,equipo,,True
EQUIPO042,oficial,2026-09,D02,fotodeteccion_previa,2,equipo,,True
EQUIPO042,oficial,2026-09,D04,sast,372,equipo,,True
EQUIPO042,oficial,2026-09,H03,sast,34,equipo,,False
EQUIPO051,buffer15,2023-03,C02,agente,1,equipo,,True
EQUIPO051,buffer15,2023-03,C14,agente,1,equipo,,False
EQUIPO051,buffer15,2023-03,H03,agente,1,equipo,,False
EQUIPO051,buffer15,2023-04,C02,agente,6,equipo,,True
EQUIPO051,buffer15,2023-05,A03,agente,1,equipo,,False
EQUIPO051,buffer15,2023-05,C02,agente,13,equipo,,True
EQUIPO051,buffer15,2023-05,C24,agente,1,equipo,,True
EQUIPO051,buffer15,2023-05,D02,agente,1,equipo,,True
EQUIPO051,buffer15,2023-05,D03,agente,1,equipo,,False
EQUIPO051,buffer15,2023-05,H05,agente,1,equipo,,False
EQUIPO051,buffer15,2023-06,C02,agente,14,equipo,,True
EQUIPO051,buffer15,2023-06,C31,agente,1,equipo,,False
EQUIPO051,buffer15,2023-06,D03,agente,1,equipo,,False
EQUIPO051,buffer15,2023-07,C02,agente,8,equipo,,True
EQUIPO051,buffer15,2023-07,H03,agente,1,equipo,,False
EQUIPO051,buffer15,2023-08,C02,agente,11,equipo,1.0,True
EQUIPO051,buffer15,2023-08,C31,agente,1,equipo,1.0,False
EQUIPO051,buffer15,2023-09,C02,agente,13,equipo,1.0,True
EQUIPO051,buffer15,2023-09,C14,agente,1,equipo,1.0,False
EQUIPO051,buffer15,2023-09,C24,agente,2,equipo,1.0,True
EQUIPO051,buffer15,2023-09,C35,agente,3,equipo,1.0,True
EQUIPO051,buffer15,2023-09,D02,agente,3,equipo,1.0,True
EQUIPO051,buffer15,2023-10,C02,agente,31,equipo,1.0,True
EQUIPO051,buffer15,2023-10,D03,agente,1,equipo,1.0,False
EQUIPO051,buffer15,2023-10,D05,agente,2,equipo,1.0,True
EQUIPO051,buffer15,2023-11,C02,agente,6,equipo,1.0,True
EQUIPO051,buffer15,2023-12,C02,agente,23,equipo,1.0,True
EQUIPO051,buffer15,2023-12,C24,agente,1,equipo,1.0,True
EQUIPO051,buffer15,2023-12,D02,agente,1,equipo,1.0,True
EQUIPO051,buffer15,2023-12,D05,agente,1,equipo,1.0,True
EQUIPO051,buffer15,2023-12,H03,agente,3,equipo,1.0,False
EQUIPO051,buffer15,2024-01,C02,agente,3,equipo,1.0,True
EQUIPO051,buffer15,2024-02,C02,agente,9,equipo,1.0,True
EQUIPO051,buffer15,2024-03,C02,agente,3,equipo,1.0,True
EQUIPO051,buffer15,2024-03,C02,fotodeteccion_previa,28,equipo,1.0,True
EQUIPO051,buffer15,2024-03,C35,fotodeteccion_previa,9,equipo,1.0,True
EQUIPO051,buffer15,2024-03,D02,fotodeteccion_previa,5,equipo,1.0,True
EQUIPO051,buffer15,2024-04,C02,agente,27,equipo,1.0,True
EQUIPO051,buffer15,2024-04,C02,fotodeteccion_previa,25,equipo,1.0,True
EQUIPO051,buffer15,2024-04,C24,agente,1,equipo,1.0,True
EQUIPO051,buffer15,2024-04,C35,agente,1,equipo,1.0,True
EQUIPO051,buffer15,2024-04,C35,fotodeteccion_previa,1,equipo,1.0,True
EQUIPO051,buffer15,2024-04,D02,agente,1,equipo,1.0,True
EQUIPO051,buffer15,2024-05,C02,agente,21,equipo,1.0,True
EQUIPO051,buffer15,2024-05,C02,fotodeteccion_previa,43,equipo,1.0,True
EQUIPO051,buffer15,2024-05,C35,agente,1,equipo,1.0,True
EQUIPO051,buffer15,2024-05,C35,fotodeteccion_previa,4,equipo,1.0,True
EQUIPO051,buffer15,2024-05,D02,fotodeteccion_previa,4,equipo,1.0,True
EQUIPO051,buffer15,2024-06,C02,agente,16,equipo,1.0,True
EQUIPO051,buffer15,2024-06,C02,fotodeteccion_previa,63,equipo,1.0,True
EQUIPO051,buffer15,2024-06,C24,agente,1,equipo,1.0,True
EQUIPO051,buffer15,2024-06,C35,fotodeteccion_previa,4,equipo,1.0,True
EQUIPO051,buffer15,2024-06,D02,agente,2,equipo,1.0,True
EQUIPO051,buffer15,2024-06,D02,fotodeteccion_previa,3,equipo,1.0,True
EQUIPO051,buffer15,2024-07,C02,agente,28,equipo,1.0,True
EQUIPO051,buffer15,2024-07,C02,fotodeteccion_previa,67,equipo,1.0,True
EQUIPO051,buffer15,2024-07,C35,fotodeteccion_previa,2,equipo,1.0,True
EQUIPO051,buffer15,2024-07,D02,fotodeteccion_previa,3,equipo,1.0,True
EQUIPO051,buffer15,2024-08,C02,agente,6,equipo,2.0,True
EQUIPO051,buffer15,2024-08,C02,fotodeteccion_previa,42,equipo,2.0,True
EQUIPO051,buffer15,2024-08,C35,fotodeteccion_previa,5,equipo,2.0,True
EQUIPO051,buffer15,2024-08,D02,fotodeteccion_previa,5,equipo,2.0,True
EQUIPO051,buffer15,2024-09,C02,agente,9,equipo,2.0,True
EQUIPO051,buffer15,2024-09,C02,fotodeteccion_previa,43,equipo,2.0,True
EQUIPO051,buffer15,2024-09,C24,agente,4,equipo,2.0,True
EQUIPO051,buffer15,2024-09,C35,agente,2,equipo,2.0,True
EQUIPO051,buffer15,2024-09,C35,fotodeteccion_previa,3,equipo,2.0,True
EQUIPO051,buffer15,2024-09,D02,agente,3,equipo,2.0,True
EQUIPO051,buffer15,2024-09,D02,fotodeteccion_previa,3,equipo,2.0,True
EQUIPO051,buffer15,2024-10,C02,fotodeteccion_previa,40,equipo,2.0,True
EQUIPO051,buffer15,2024-10,C31,agente,1,equipo,2.0,False
EQUIPO051,buffer15,2024-10,C35,fotodeteccion_previa,4,equipo,2.0,True
EQUIPO051,buffer15,2024-10,D02,fotodeteccion_previa,4,equipo,2.0,True
EQUIPO051,buffer15,2024-11,C02,agente,8,equipo,2.0,True
EQUIPO051,buffer15,2024-11,C02,fotodeteccion_previa,63,equipo,2.0,True
EQUIPO051,buffer15,2024-11,C32,agente,2,equipo,2.0,True
EQUIPO051,buffer15,2024-11,C35,fotodeteccion_previa,4,equipo,2.0,True
EQUIPO051,buffer15,2024-11,D02,agente,1,equipo,2.0,True
EQUIPO051,buffer15,2024-11,D02,fotodeteccion_previa,2,equipo,2.0,True
EQUIPO051,buffer15,2024-11,D04,agente,2,equipo,2.0,True
EQUIPO051,buffer15,2024-12,C02,agente,24,equipo,2.0,True
EQUIPO051,buffer15,2024-12,C02,fotodeteccion_previa,116,equipo,2.0,True
EQUIPO051,buffer15,2024-12,C35,fotodeteccion_previa,12,equipo,2.0,True
EQUIPO051,buffer15,2024-12,D02,fotodeteccion_previa,6,equipo,2.0,True
EQUIPO051,buffer15,2025-01,C02,agente,3,equipo,2.0,True
EQUIPO051,buffer15,2025-01,C02,fotodeteccion_previa,106,equipo,2.0,True
EQUIPO051,buffer15,2025-01,C35,fotodeteccion_previa,10,equipo,2.0,True
EQUIPO051,buffer15,2025-01,D02,fotodeteccion_previa,7,equipo,2.0,True
EQUIPO051,buffer15,2025-02,C02,agente,1,equipo,2.0,True
EQUIPO051,buffer15,2025-02,C02,fotodeteccion_previa,106,equipo,2.0,True
EQUIPO051,buffer15,2025-02,C35,fotodeteccion_previa,11,equipo,2.0,True
EQUIPO051,buffer15,2025-02,D02,fotodeteccion_previa,5,equipo,2.0,True
EQUIPO051,buffer15,2025-03,C02,agente,8,equipo,2.0,True
EQUIPO051,buffer15,2025-03,C02,fotodeteccion_previa,123,equipo,2.0,True
EQUIPO051,buffer15,2025-03,C35,fotodeteccion_previa,8,equipo,2.0,True
EQUIPO051,buffer15,2025-03,D02,fotodeteccion_previa,7,equipo,2.0,True
EQUIPO051,buffer15,2025-03,D03,agente,1,equipo,2.0,False
EQUIPO051,buffer15,2025-03,D05,agente,1,equipo,2.0,True
EQUIPO051,buffer15,2025-04,C02,agente,1,equipo,2.0,True
EQUIPO051,buffer15,2025-04,C02,fotodeteccion_previa,75,equipo,2.0,True
EQUIPO051,buffer15,2025-04,C35,fotodeteccion_previa,8,equipo,2.0,True
EQUIPO051,buffer15,2025-04,D02,fotodeteccion_previa,4,equipo,2.0,True
EQUIPO051,buffer15,2025-04,D03,agente,1,equipo,2.0,False
EQUIPO051,buffer15,2025-05,C02,agente,4,equipo,2.0,True
EQUIPO051,buffer15,2025-05,C02,fotodeteccion_previa,124,equipo,2.0,True
EQUIPO051,buffer15,2025-05,C35,fotodeteccion_previa,7,equipo,2.0,True
EQUIPO051,buffer15,2025-05,D02,fotodeteccion_previa,8,equipo,2.0,True
EQUIPO051,buffer15,2025-06,C02,agente,5,equipo,2.0,True
EQUIPO051,buffer15,2025-06,C02,fotodeteccion_previa,112,equipo,2.0,True
EQUIPO051,buffer15,2025-06,C32,agente,1,equipo,2.0,True
EQUIPO051,buffer15,2025-06,C35,fotodeteccion_previa,3,equipo,2.0,True
EQUIPO051,buffer15,2025-06,D02,fotodeteccion_previa,5,equipo,2.0,True
EQUIPO051,buffer15,2025-07,C02,agente,1,equipo,2.0,True
EQUIPO051,buffer15,2025-07,C02,fotodeteccion_previa,149,equipo,2.0,True
EQUIPO051,buffer15,2025-07,C35,fotodeteccion_previa,10,equipo,2.0,True
EQUIPO051,buffer15,2025-07,D02,fotodeteccion_previa,7,equipo,2.0,True
EQUIPO051,buffer15,2025-08,C02,agente,1,equipo,3.0,True
EQUIPO051,buffer15,2025-08,C02,fotodeteccion_previa,120,equipo,3.0,True
EQUIPO051,buffer15,2025-08,C35,fotodeteccion_previa,3,equipo,3.0,True
EQUIPO051,buffer15,2025-08,D02,agente,2,equipo,3.0,True
EQUIPO051,buffer15,2025-08,D02,fotodeteccion_previa,6,equipo,3.0,True
EQUIPO051,buffer15,2025-09,B03,agente,1,equipo,3.0,False
EQUIPO051,buffer15,2025-09,C02,agente,4,equipo,3.0,True
EQUIPO051,buffer15,2025-09,C02,fotodeteccion_previa,137,equipo,3.0,True
EQUIPO051,buffer15,2025-09,C35,fotodeteccion_previa,12,equipo,3.0,True
EQUIPO051,buffer15,2025-09,D02,agente,1,equipo,3.0,True
EQUIPO051,buffer15,2025-09,D02,fotodeteccion_previa,12,equipo,3.0,True
EQUIPO051,buffer15,2025-10,C02,agente,2,equipo,3.0,True
EQUIPO051,buffer15,2025-10,C02,fotodeteccion_previa,119,equipo,3.0,True
EQUIPO051,buffer15,2025-10,C32,agente,1,equipo,3.0,True
EQUIPO051,buffer15,2025-10,C35,fotodeteccion_previa,8,equipo,3.0,True
EQUIPO051,buffer15,2025-10,D02,fotodeteccion_previa,6,equipo,3.0,True
EQUIPO051,buffer15,2025-11,C02,agente,1,equipo,3.0,True
EQUIPO051,buffer15,2025-11,C02,fotodeteccion_previa,86,equipo,3.0,True
EQUIPO051,buffer15,2025-11,C35,fotodeteccion_previa,10,equipo,3.0,True
EQUIPO051,buffer15,2025-11,D02,fotodeteccion_previa,6,equipo,3.0,True
EQUIPO051,buffer15,2025-12,C02,agente,3,equipo,3.0,True
EQUIPO051,buffer15,2025-12,C02,fotodeteccion_previa,53,equipo,3.0,True
EQUIPO051,buffer15,2025-12,C35,fotodeteccion_previa,2,equipo,3.0,True
EQUIPO051,buffer15,2025-12,D02,fotodeteccion_previa,3,equipo,3.0,True
EQUIPO051,buffer15,2026-01,C02,fotodeteccion_previa,55,equipo,3.0,True
EQUIPO051,buffer15,2026-01,C35,fotodeteccion_previa,3,equipo,3.0,True
EQUIPO051,buffer15,2026-02,C02,agente,1,equipo,3.0,True
EQUIPO051,buffer15,2026-02,C02,fotodeteccion_previa,43,equipo,3.0,True
EQUIPO051,buffer15,2026-02,C24,agente,1,equipo,3.0,True
EQUIPO051,buffer15,2026-02,C32,agente,4,equipo,3.0,True
EQUIPO051,buffer15,2026-02,C35,fotodeteccion_previa,2,equipo,3.0,True
EQUIPO051,buffer15,2026-02,D02,fotodeteccion_previa,1,equipo,3.0,True
EQUIPO051,buffer15,2026-02,D04,agente,2,equipo,3.0,True
EQUIPO051,buffer15,2026-02,D05,agente,1,equipo,3.0,True
EQUIPO051,buffer15,2026-03,B03,agente,1,equipo,3.0,False
EQUIPO051,buffer15,2026-03,C02,fotodeteccion_previa,37,equipo,3.0,True
EQUIPO051,buffer15,2026-03,C35,fotodeteccion_previa,3,equipo,3.0,True
EQUIPO051,buffer15,2026-03,D02,fotodeteccion_previa,3,equipo,3.0,True
EQUIPO051,buffer15,2026-04,C02,fotodeteccion_previa,38,equipo,3.0,True
EQUIPO051,buffer15,2026-04,C35,fotodeteccion_previa,4,equipo,3.0,True
EQUIPO051,buffer15,2026-04,D02,fotodeteccion_previa,4,equipo,3.0,True
EQUIPO051,buffer15,2026-05,C02,agente,3,equipo,3.0,True
EQUIPO051,buffer15,2026-05,C02,fotodeteccion_previa,44,equipo,3.0,True
EQUIPO051,buffer15,2026-05,C35,fotodeteccion_previa,2,equipo,3.0,True
EQUIPO051,buffer15,2026-05,D02,fotodeteccion_previa,1,equipo,3.0,True
EQUIPO051,buffer15,2026-06,A04,agente,1,equipo,3.0,False
EQUIPO051,buffer15,2026-06,C02,agente,1,equipo,3.0,True
EQUIPO051,buffer15,2026-06,C02,fotodeteccion_previa,31,equipo,3.0,True
EQUIPO051,buffer15,2026-06,C32,agente,1,equipo,3.0,True
EQUIPO051,buffer15,2026-06,C35,fotodeteccion_previa,3,equipo,3.0,True
EQUIPO051,buffer15,2026-06,D02,fotodeteccion_previa,2,equipo,3.0,True
EQUIPO051,buffer15,2026-06,D03,agente,1,equipo,3.0,False
EQUIPO051,buffer15,2026-07,C02,agente,1,equipo,3.0,True
EQUIPO051,buffer15,2026-07,C02,fotodeteccion_previa,38,equipo,3.0,True
EQUIPO051,buffer15,2026-07,C35,fotodeteccion_previa,3,equipo,3.0,True
EQUIPO051,buffer15,2026-07,D02,fotodeteccion_previa,3,equipo,3.0,True
EQUIPO051,buffer15,2026-08,C02,agente,6,equipo,,True
EQUIPO051,buffer15,2026-08,C02,fotodeteccion_previa,22,equipo,,True
EQUIPO051,buffer15,2026-08,C35,fotodeteccion_previa,1,equipo,,True
EQUIPO051,buffer15,2026-08,D02,fotodeteccion_previa,1,equipo,,True
EQUIPO051,buffer15,2026-09,C02,fotodeteccion_previa,32,equipo,,True
EQUIPO051,buffer15,2026-09,D04,sast,517,equipo,,True
EQUIPO051,buffer15,2026-09,H03,sast,14,equipo,,False
EQUIPO051,estricto,2023-03,C02,agente,1,equipo,,True
EQUIPO051,estricto,2023-03,H03,agente,1,equipo,,False
EQUIPO051,estricto,2023-04,C02,agente,5,equipo,,True
EQUIPO051,estricto,2023-05,A03,agente,1,equipo,,False
EQUIPO051,estricto,2023-05,C02,agente,12,equipo,,True
EQUIPO051,estricto,2023-05,C24,agente,1,equipo,,True
EQUIPO051,estricto,2023-05,D02,agente,1,equipo,,True
EQUIPO051,estricto,2023-05,H05,agente,1,equipo,,False
EQUIPO051,estricto,2023-06,C02,agente,11,equipo,,True
EQUIPO051,estricto,2023-06,C31,agente,1,equipo,,False
EQUIPO051,estricto,2023-06,D03,agente,1,equipo,,False
EQUIPO051,estricto,2023-07,C02,agente,6,equipo,,True
EQUIPO051,estricto,2023-07,H03,agente,1,equipo,,False
EQUIPO051,estricto,2023-08,C02,agente,10,equipo,1.0,True
EQUIPO051,estricto,2023-08,C31,agente,1,equipo,1.0,False
EQUIPO051,estricto,2023-09,C02,agente,12,equipo,1.0,True
EQUIPO051,estricto,2023-09,C24,agente,1,equipo,1.0,True
EQUIPO051,estricto,2023-09,C35,agente,1,equipo,1.0,True
EQUIPO051,estricto,2023-09,D02,agente,1,equipo,1.0,True
EQUIPO051,estricto,2023-10,C02,agente,29,equipo,1.0,True
EQUIPO051,estricto,2023-10,D03,agente,1,equipo,1.0,False
EQUIPO051,estricto,2023-10,D05,agente,2,equipo,1.0,True
EQUIPO051,estricto,2023-11,C02,agente,4,equipo,1.0,True
EQUIPO051,estricto,2023-12,C02,agente,16,equipo,1.0,True
EQUIPO051,estricto,2023-12,C24,agente,1,equipo,1.0,True
EQUIPO051,estricto,2023-12,D02,agente,1,equipo,1.0,True
EQUIPO051,estricto,2023-12,D05,agente,1,equipo,1.0,True
EQUIPO051,estricto,2023-12,H03,agente,3,equipo,1.0,False
EQUIPO051,estricto,2024-01,C02,agente,3,equipo,1.0,True
EQUIPO051,estricto,2024-02,C02,agente,6,equipo,1.0,True
EQUIPO051,estricto,2024-03,C02,agente,2,equipo,1.0,True
EQUIPO051,estricto,2024-03,C02,fotodeteccion_previa,24,equipo,1.0,True
EQUIPO051,estricto,2024-03,C35,fotodeteccion_previa,8,equipo,1.0,True
EQUIPO051,estricto,2024-03,D02,fotodeteccion_previa,4,equipo,1.0,True
EQUIPO051,estricto,2024-04,C02,agente,23,equipo,1.0,True
EQUIPO051,estricto,2024-04,C02,fotodeteccion_previa,24,equipo,1.0,True
EQUIPO051,estricto,2024-04,C24,agente,1,equipo,1.0,True
EQUIPO051,estricto,2024-04,C35,agente,1,equipo,1.0,True
EQUIPO051,estricto,2024-04,C35,fotodeteccion_previa,1,equipo,1.0,True
EQUIPO051,estricto,2024-04,D02,agente,1,equipo,1.0,True
EQUIPO051,estricto,2024-05,C02,agente,16,equipo,1.0,True
EQUIPO051,estricto,2024-05,C02,fotodeteccion_previa,38,equipo,1.0,True
EQUIPO051,estricto,2024-05,C35,agente,1,equipo,1.0,True
EQUIPO051,estricto,2024-05,C35,fotodeteccion_previa,4,equipo,1.0,True
EQUIPO051,estricto,2024-05,D02,fotodeteccion_previa,4,equipo,1.0,True
EQUIPO051,estricto,2024-06,C02,agente,14,equipo,1.0,True
EQUIPO051,estricto,2024-06,C02,fotodeteccion_previa,53,equipo,1.0,True
EQUIPO051,estricto,2024-06,C24,agente,1,equipo,1.0,True
EQUIPO051,estricto,2024-06,C35,fotodeteccion_previa,3,equipo,1.0,True
EQUIPO051,estricto,2024-06,D02,agente,1,equipo,1.0,True
EQUIPO051,estricto,2024-06,D02,fotodeteccion_previa,3,equipo,1.0,True
EQUIPO051,estricto,2024-07,C02,agente,26,equipo,1.0,True
EQUIPO051,estricto,2024-07,C02,fotodeteccion_previa,54,equipo,1.0,True
EQUIPO051,estricto,2024-07,C35,fotodeteccion_previa,1,equipo,1.0,True
EQUIPO051,estricto,2024-07,D02,fotodeteccion_previa,1,equipo,1.0,True
EQUIPO051,estricto,2024-08,C02,agente,5,equipo,2.0,True
EQUIPO051,estricto,2024-08,C02,fotodeteccion_previa,37,equipo,2.0,True
EQUIPO051,estricto,2024-08,C35,fotodeteccion_previa,4,equipo,2.0,True
EQUIPO051,estricto,2024-08,D02,fotodeteccion_previa,5,equipo,2.0,True
EQUIPO051,estricto,2024-09,C02,agente,8,equipo,2.0,True
EQUIPO051,estricto,2024-09,C02,fotodeteccion_previa,33,equipo,2.0,True
EQUIPO051,estricto,2024-09,C24,agente,3,equipo,2.0,True
EQUIPO051,estricto,2024-09,C35,agente,2,equipo,2.0,True
EQUIPO051,estricto,2024-09,C35,fotodeteccion_previa,3,equipo,2.0,True
EQUIPO051,estricto,2024-09,D02,agente,3,equipo,2.0,True
EQUIPO051,estricto,2024-09,D02,fotodeteccion_previa,3,equipo,2.0,True
EQUIPO051,estricto,2024-10,C02,fotodeteccion_previa,30,equipo,2.0,True
EQUIPO051,estricto,2024-10,C35,fotodeteccion_previa,3,equipo,2.0,True
EQUIPO051,estricto,2024-10,D02,fotodeteccion_previa,3,equipo,2.0,True
EQUIPO051,estricto,2024-11,C02,agente,7,equipo,2.0,True
EQUIPO051,estricto,2024-11,C02,fotodeteccion_previa,52,equipo,2.0,True
EQUIPO051,estricto,2024-11,C32,agente,2,equipo,2.0,True
EQUIPO051,estricto,2024-11,C35,fotodeteccion_previa,2,equipo,2.0,True
EQUIPO051,estricto,2024-11,D02,agente,1,equipo,2.0,True
EQUIPO051,estricto,2024-11,D02,fotodeteccion_previa,1,equipo,2.0,True
EQUIPO051,estricto,2024-11,D04,agente,2,equipo,2.0,True
EQUIPO051,estricto,2024-12,C02,agente,21,equipo,2.0,True
EQUIPO051,estricto,2024-12,C02,fotodeteccion_previa,85,equipo,2.0,True
EQUIPO051,estricto,2024-12,C35,fotodeteccion_previa,8,equipo,2.0,True
EQUIPO051,estricto,2024-12,D02,fotodeteccion_previa,4,equipo,2.0,True
EQUIPO051,estricto,2025-01,C02,agente,3,equipo,2.0,True
EQUIPO051,estricto,2025-01,C02,fotodeteccion_previa,82,equipo,2.0,True
EQUIPO051,estricto,2025-01,C35,fotodeteccion_previa,7,equipo,2.0,True
EQUIPO051,estricto,2025-01,D02,fotodeteccion_previa,4,equipo,2.0,True
EQUIPO051,estricto,2025-02,C02,agente,1,equipo,2.0,True
EQUIPO051,estricto,2025-02,C02,fotodeteccion_previa,77,equipo,2.0,True
EQUIPO051,estricto,2025-02,C35,fotodeteccion_previa,10,equipo,2.0,True
EQUIPO051,estricto,2025-02,D02,fotodeteccion_previa,4,equipo,2.0,True
EQUIPO051,estricto,2025-03,C02,agente,7,equipo,2.0,True
EQUIPO051,estricto,2025-03,C02,fotodeteccion_previa,123,equipo,2.0,True
EQUIPO051,estricto,2025-03,C35,fotodeteccion_previa,8,equipo,2.0,True
EQUIPO051,estricto,2025-03,D02,fotodeteccion_previa,7,equipo,2.0,True
EQUIPO051,estricto,2025-03,D03,agente,1,equipo,2.0,False
EQUIPO051,estricto,2025-03,D05,agente,1,equipo,2.0,True
EQUIPO051,estricto,2025-04,C02,agente,1,equipo,2.0,True
EQUIPO051,estricto,2025-04,C02,fotodeteccion_previa,75,equipo,2.0,True
EQUIPO051,estricto,2025-04,C35,fotodeteccion_previa,8,equipo,2.0,True
EQUIPO051,estricto,2025-04,D02,fotodeteccion_previa,4,equipo,2.0,True
EQUIPO051,estricto,2025-04,D03,agente,1,equipo,2.0,False
EQUIPO051,estricto,2025-05,C02,agente,3,equipo,2.0,True
EQUIPO051,estricto,2025-05,C02,fotodeteccion_previa,124,equipo,2.0,True
EQUIPO051,estricto,2025-05,C35,fotodeteccion_previa,7,equipo,2.0,True
EQUIPO051,estricto,2025-05,D02,fotodeteccion_previa,8,equipo,2.0,True
EQUIPO051,estricto,2025-06,C02,agente,5,equipo,2.0,True
EQUIPO051,estricto,2025-06,C02,fotodeteccion_previa,112,equipo,2.0,True
EQUIPO051,estricto,2025-06,C32,agente,1,equipo,2.0,True
EQUIPO051,estricto,2025-06,C35,fotodeteccion_previa,3,equipo,2.0,True
EQUIPO051,estricto,2025-06,D02,fotodeteccion_previa,5,equipo,2.0,True
EQUIPO051,estricto,2025-07,C02,agente,1,equipo,2.0,True
EQUIPO051,estricto,2025-07,C02,fotodeteccion_previa,149,equipo,2.0,True
EQUIPO051,estricto,2025-07,C35,fotodeteccion_previa,10,equipo,2.0,True
EQUIPO051,estricto,2025-07,D02,fotodeteccion_previa,7,equipo,2.0,True
EQUIPO051,estricto,2025-08,C02,agente,1,equipo,3.0,True
EQUIPO051,estricto,2025-08,C02,fotodeteccion_previa,120,equipo,3.0,True
EQUIPO051,estricto,2025-08,C35,fotodeteccion_previa,3,equipo,3.0,True
EQUIPO051,estricto,2025-08,D02,agente,2,equipo,3.0,True
EQUIPO051,estricto,2025-08,D02,fotodeteccion_previa,6,equipo,3.0,True
EQUIPO051,estricto,2025-09,B03,agente,1,equipo,3.0,False
EQUIPO051,estricto,2025-09,C02,agente,3,equipo,3.0,True
EQUIPO051,estricto,2025-09,C02,fotodeteccion_previa,137,equipo,3.0,True
EQUIPO051,estricto,2025-09,C35,fotodeteccion_previa,12,equipo,3.0,True
EQUIPO051,estricto,2025-09,D02,agente,1,equipo,3.0,True
EQUIPO051,estricto,2025-09,D02,fotodeteccion_previa,12,equipo,3.0,True
EQUIPO051,estricto,2025-10,C02,agente,2,equipo,3.0,True
EQUIPO051,estricto,2025-10,C02,fotodeteccion_previa,119,equipo,3.0,True
EQUIPO051,estricto,2025-10,C32,agente,1,equipo,3.0,True
EQUIPO051,estricto,2025-10,C35,fotodeteccion_previa,8,equipo,3.0,True
EQUIPO051,estricto,2025-10,D02,fotodeteccion_previa,6,equipo,3.0,True
EQUIPO051,estricto,2025-11,C02,agente,1,equipo,3.0,True
EQUIPO051,estricto,2025-11,C02,fotodeteccion_previa,86,equipo,3.0,True
EQUIPO051,estricto,2025-11,C35,fotodeteccion_previa,10,equipo,3.0,True
EQUIPO051,estricto,2025-11,D02,fotodeteccion_previa,6,equipo,3.0,True
EQUIPO051,estricto,2025-12,C02,agente,3,equipo,3.0,True
EQUIPO051,estricto,2025-12,C02,fotodeteccion_previa,53,equipo,3.0,True
EQUIPO051,estricto,2025-12,C35,fotodeteccion_previa,2,equipo,3.0,True
EQUIPO051,estricto,2025-12,D02,fotodeteccion_previa,3,equipo,3.0,True
EQUIPO051,estricto,2026-01,C02,fotodeteccion_previa,55,equipo,3.0,True
EQUIPO051,estricto,2026-01,C35,fotodeteccion_previa,3,equipo,3.0,True
EQUIPO051,estricto,2026-02,C02,agente,1,equipo,3.0,True
EQUIPO051,estricto,2026-02,C02,fotodeteccion_previa,43,equipo,3.0,True
EQUIPO051,estricto,2026-02,C24,agente,1,equipo,3.0,True
EQUIPO051,estricto,2026-02,C32,agente,4,equipo,3.0,True
EQUIPO051,estricto,2026-02,C35,fotodeteccion_previa,2,equipo,3.0,True
EQUIPO051,estricto,2026-02,D02,fotodeteccion_previa,1,equipo,3.0,True
EQUIPO051,estricto,2026-02,D04,agente,2,equipo,3.0,True
EQUIPO051,estricto,2026-02,D05,agente,1,equipo,3.0,True
EQUIPO051,estricto,2026-03,B03,agente,1,equipo,3.0,False
EQUIPO051,estricto,2026-03,C02,fotodeteccion_previa,37,equipo,3.0,True
EQUIPO051,estricto,2026-03,C35,fotodeteccion_previa,3,equipo,3.0,True
EQUIPO051,estricto,2026-03,D02,fotodeteccion_previa,3,equipo,3.0,True
EQUIPO051,estricto,2026-04,C02,fotodeteccion_previa,38,equipo,3.0,True
EQUIPO051,estricto,2026-04,C35,fotodeteccion_previa,4,equipo,3.0,True
EQUIPO051,estricto,2026-04,D02,fotodeteccion_previa,4,equipo,3.0,True
EQUIPO051,estricto,2026-05,C02,agente,3,equipo,3.0,True
EQUIPO051,estricto,2026-05,C02,fotodeteccion_previa,44,equipo,3.0,True
EQUIPO051,estricto,2026-05,C35,fotodeteccion_previa,2,equipo,3.0,True
EQUIPO051,estricto,2026-05,D02,fotodeteccion_previa,1,equipo,3.0,True
EQUIPO051,estricto,2026-06,A04,agente,1,equipo,3.0,False
EQUIPO051,estricto,2026-06,C02,agente,1,equipo,3.0,True
EQUIPO051,estricto,2026-06,C02,fotodeteccion_previa,31,equipo,3.0,True
EQUIPO051,estricto,2026-06,C32,agente,1,equipo,3.0,True
EQUIPO051,estricto,2026-06,C35,fotodeteccion_previa,3,equipo,3.0,True
EQUIPO051,estricto,2026-06,D02,fotodeteccion_previa,2,equipo,3.0,True
EQUIPO051,estricto,2026-06,D03,agente,1,equipo,3.0,False
EQUIPO051,estricto,2026-07,C02,agente,1,equipo,3.0,True
EQUIPO051,estricto,2026-07,C02,fotodeteccion_previa,38,equipo,3.0,True
EQUIPO051,estricto,2026-07,C35,fotodeteccion_previa,3,equipo,3.0,True
EQUIPO051,estricto,2026-07,D02,fotodeteccion_previa,3,equipo,3.0,True
EQUIPO051,estricto,2026-08,C02,agente,6,equipo,,True
EQUIPO051,estricto,2026-08,C02,fotodeteccion_previa,22,equipo,,True
EQUIPO051,estricto,2026-08,C35,fotodeteccion_previa,1,equipo,,True
EQUIPO051,estricto,2026-08,D02,fotodeteccion_previa,1,equipo,,True
EQUIPO051,estricto,2026-09,C02,fotodeteccion_previa,32,equipo,,True
EQUIPO051,estricto,2026-09,D04,sast,517,equipo,,True
EQUIPO051,estricto,2026-09,H03,sast,14,equipo,,False
EQUIPO051,oficial,2023-03,C02,agente,1,equipo,,True
EQUIPO051,oficial,2023-03,C14,agente,1,equipo,,False
EQUIPO051,oficial,2023-03,H03,agente,1,equipo,,False
EQUIPO051,oficial,2023-04,C02,agente,5,equipo,,True
EQUIPO051,oficial,2023-05,A03,agente,1,equipo,,False
EQUIPO051,oficial,2023-05,C02,agente,13,equipo,,True
EQUIPO051,oficial,2023-05,C24,agente,1,equipo,,True
EQUIPO051,oficial,2023-05,D02,agente,1,equipo,,True
EQUIPO051,oficial,2023-05,D03,agente,1,equipo,,False
EQUIPO051,oficial,2023-05,H05,agente,1,equipo,,False
EQUIPO051,oficial,2023-06,C02,agente,13,equipo,,True
EQUIPO051,oficial,2023-06,C31,agente,1,equipo,,False
EQUIPO051,oficial,2023-06,D03,agente,1,equipo,,False
EQUIPO051,oficial,2023-07,C02,agente,6,equipo,,True
EQUIPO051,oficial,2023-07,H03,agente,1,equipo,,False
EQUIPO051,oficial,2023-08,C02,agente,10,equipo,1.0,True
EQUIPO051,oficial,2023-08,C31,agente,1,equipo,1.0,False
EQUIPO051,oficial,2023-09,C02,agente,13,equipo,1.0,True
EQUIPO051,oficial,2023-09,C24,agente,1,equipo,1.0,True
EQUIPO051,oficial,2023-09,C35,agente,1,equipo,1.0,True
EQUIPO051,oficial,2023-09,D02,agente,1,equipo,1.0,True
EQUIPO051,oficial,2023-10,C02,agente,30,equipo,1.0,True
EQUIPO051,oficial,2023-10,D03,agente,1,equipo,1.0,False
EQUIPO051,oficial,2023-10,D05,agente,2,equipo,1.0,True
EQUIPO051,oficial,2023-11,C02,agente,4,equipo,1.0,True
EQUIPO051,oficial,2023-12,C02,agente,22,equipo,1.0,True
EQUIPO051,oficial,2023-12,C24,agente,1,equipo,1.0,True
EQUIPO051,oficial,2023-12,D02,agente,1,equipo,1.0,True
EQUIPO051,oficial,2023-12,D05,agente,1,equipo,1.0,True
EQUIPO051,oficial,2023-12,H03,agente,3,equipo,1.0,False
EQUIPO051,oficial,2024-01,C02,agente,3,equipo,1.0,True
EQUIPO051,oficial,2024-02,C02,agente,6,equipo,1.0,True
EQUIPO051,oficial,2024-03,C02,agente,3,equipo,1.0,True
EQUIPO051,oficial,2024-03,C02,fotodeteccion_previa,24,equipo,1.0,True
EQUIPO051,oficial,2024-03,C35,fotodeteccion_previa,8,equipo,1.0,True
EQUIPO051,oficial,2024-03,D02,fotodeteccion_previa,4,equipo,1.0,True
EQUIPO051,oficial,2024-04,C02,agente,24,equipo,1.0,True
EQUIPO051,oficial,2024-04,C02,fotodeteccion_previa,24,equipo,1.0,True
EQUIPO051,oficial,2024-04,C24,agente,1,equipo,1.0,True
EQUIPO051,oficial,2024-04,C35,agente,1,equipo,1.0,True
EQUIPO051,oficial,2024-04,C35,fotodeteccion_previa,1,equipo,1.0,True
EQUIPO051,oficial,2024-04,D02,agente,1,equipo,1.0,True
EQUIPO051,oficial,2024-05,C02,agente,19,equipo,1.0,True
EQUIPO051,oficial,2024-05,C02,fotodeteccion_previa,38,equipo,1.0,True
EQUIPO051,oficial,2024-05,C35,agente,1,equipo,1.0,True
EQUIPO051,oficial,2024-05,C35,fotodeteccion_previa,4,equipo,1.0,True
EQUIPO051,oficial,2024-05,D02,fotodeteccion_previa,4,equipo,1.0,True
EQUIPO051,oficial,2024-06,C02,agente,16,equipo,1.0,True
EQUIPO051,oficial,2024-06,C02,fotodeteccion_previa,53,equipo,1.0,True
EQUIPO051,oficial,2024-06,C24,agente,1,equipo,1.0,True
EQUIPO051,oficial,2024-06,C35,fotodeteccion_previa,3,equipo,1.0,True
EQUIPO051,oficial,2024-06,D02,agente,2,equipo,1.0,True
EQUIPO051,oficial,2024-06,D02,fotodeteccion_previa,3,equipo,1.0,True
EQUIPO051,oficial,2024-07,C02,agente,27,equipo,1.0,True
EQUIPO051,oficial,2024-07,C02,fotodeteccion_previa,54,equipo,1.0,True
EQUIPO051,oficial,2024-07,C35,fotodeteccion_previa,1,equipo,1.0,True
EQUIPO051,oficial,2024-07,D02,fotodeteccion_previa,1,equipo,1.0,True
EQUIPO051,oficial,2024-08,C02,agente,6,equipo,2.0,True
EQUIPO051,oficial,2024-08,C02,fotodeteccion_previa,37,equipo,2.0,True
EQUIPO051,oficial,2024-08,C35,fotodeteccion_previa,4,equipo,2.0,True
EQUIPO051,oficial,2024-08,D02,fotodeteccion_previa,5,equipo,2.0,True
EQUIPO051,oficial,2024-09,C02,agente,8,equipo,2.0,True
EQUIPO051,oficial,2024-09,C02,fotodeteccion_previa,33,equipo,2.0,True
EQUIPO051,oficial,2024-09,C24,agente,4,equipo,2.0,True
EQUIPO051,oficial,2024-09,C35,agente,2,equipo,2.0,True
EQUIPO051,oficial,2024-09,C35,fotodeteccion_previa,3,equipo,2.0,True
EQUIPO051,oficial,2024-09,D02,agente,3,equipo,2.0,True
EQUIPO051,oficial,2024-09,D02,fotodeteccion_previa,3,equipo,2.0,True
EQUIPO051,oficial,2024-10,C02,fotodeteccion_previa,30,equipo,2.0,True
EQUIPO051,oficial,2024-10,C31,agente,1,equipo,2.0,False
EQUIPO051,oficial,2024-10,C35,fotodeteccion_previa,3,equipo,2.0,True
EQUIPO051,oficial,2024-10,D02,fotodeteccion_previa,3,equipo,2.0,True
EQUIPO051,oficial,2024-11,C02,agente,8,equipo,2.0,True
EQUIPO051,oficial,2024-11,C02,fotodeteccion_previa,52,equipo,2.0,True
EQUIPO051,oficial,2024-11,C32,agente,2,equipo,2.0,True
EQUIPO051,oficial,2024-11,C35,fotodeteccion_previa,2,equipo,2.0,True
EQUIPO051,oficial,2024-11,D02,agente,1,equipo,2.0,True
EQUIPO051,oficial,2024-11,D02,fotodeteccion_previa,1,equipo,2.0,True
EQUIPO051,oficial,2024-11,D04,agente,2,equipo,2.0,True
EQUIPO051,oficial,2024-12,C02,agente,22,equipo,2.0,True
EQUIPO051,oficial,2024-12,C02,fotodeteccion_previa,85,equipo,2.0,True
EQUIPO051,oficial,2024-12,C35,fotodeteccion_previa,8,equipo,2.0,True
EQUIPO051,oficial,2024-12,D02,fotodeteccion_previa,4,equipo,2.0,True
EQUIPO051,oficial,2025-01,C02,agente,3,equipo,2.0,True
EQUIPO051,oficial,2025-01,C02,fotodeteccion_previa,82,equipo,2.0,True
EQUIPO051,oficial,2025-01,C35,fotodeteccion_previa,7,equipo,2.0,True
EQUIPO051,oficial,2025-01,D02,fotodeteccion_previa,4,equipo,2.0,True
EQUIPO051,oficial,2025-02,C02,agente,1,equipo,2.0,True
EQUIPO051,oficial,2025-02,C02,fotodeteccion_previa,77,equipo,2.0,True
EQUIPO051,oficial,2025-02,C35,fotodeteccion_previa,10,equipo,2.0,True
EQUIPO051,oficial,2025-02,D02,fotodeteccion_previa,4,equipo,2.0,True
EQUIPO051,oficial,2025-03,C02,agente,8,equipo,2.0,True
EQUIPO051,oficial,2025-03,C02,fotodeteccion_previa,123,equipo,2.0,True
EQUIPO051,oficial,2025-03,C35,fotodeteccion_previa,8,equipo,2.0,True
EQUIPO051,oficial,2025-03,D02,fotodeteccion_previa,7,equipo,2.0,True
EQUIPO051,oficial,2025-03,D03,agente,1,equipo,2.0,False
EQUIPO051,oficial,2025-03,D05,agente,1,equipo,2.0,True
EQUIPO051,oficial,2025-04,C02,agente,1,equipo,2.0,True
EQUIPO051,oficial,2025-04,C02,fotodeteccion_previa,75,equipo,2.0,True
EQUIPO051,oficial,2025-04,C35,fotodeteccion_previa,8,equipo,2.0,True
EQUIPO051,oficial,2025-04,D02,fotodeteccion_previa,4,equipo,2.0,True
EQUIPO051,oficial,2025-04,D03,agente,1,equipo,2.0,False
EQUIPO051,oficial,2025-05,C02,agente,3,equipo,2.0,True
EQUIPO051,oficial,2025-05,C02,fotodeteccion_previa,124,equipo,2.0,True
EQUIPO051,oficial,2025-05,C35,fotodeteccion_previa,7,equipo,2.0,True
EQUIPO051,oficial,2025-05,D02,fotodeteccion_previa,8,equipo,2.0,True
EQUIPO051,oficial,2025-06,C02,agente,5,equipo,2.0,True
EQUIPO051,oficial,2025-06,C02,fotodeteccion_previa,112,equipo,2.0,True
EQUIPO051,oficial,2025-06,C32,agente,1,equipo,2.0,True
EQUIPO051,oficial,2025-06,C35,fotodeteccion_previa,3,equipo,2.0,True
EQUIPO051,oficial,2025-06,D02,fotodeteccion_previa,5,equipo,2.0,True
EQUIPO051,oficial,2025-07,C02,agente,1,equipo,2.0,True
EQUIPO051,oficial,2025-07,C02,fotodeteccion_previa,149,equipo,2.0,True
EQUIPO051,oficial,2025-07,C35,fotodeteccion_previa,10,equipo,2.0,True
EQUIPO051,oficial,2025-07,D02,fotodeteccion_previa,7,equipo,2.0,True
EQUIPO051,oficial,2025-08,C02,agente,1,equipo,3.0,True
EQUIPO051,oficial,2025-08,C02,fotodeteccion_previa,120,equipo,3.0,True
EQUIPO051,oficial,2025-08,C35,fotodeteccion_previa,3,equipo,3.0,True
EQUIPO051,oficial,2025-08,D02,agente,2,equipo,3.0,True
EQUIPO051,oficial,2025-08,D02,fotodeteccion_previa,6,equipo,3.0,True
EQUIPO051,oficial,2025-09,B03,agente,1,equipo,3.0,False
EQUIPO051,oficial,2025-09,C02,agente,4,equipo,3.0,True
EQUIPO051,oficial,2025-09,C02,fotodeteccion_previa,137,equipo,3.0,True
EQUIPO051,oficial,2025-09,C35,fotodeteccion_previa,12,equipo,3.0,True
EQUIPO051,oficial,2025-09,D02,agente,1,equipo,3.0,True
EQUIPO051,oficial,2025-09,D02,fotodeteccion_previa,12,equipo,3.0,True
EQUIPO051,oficial,2025-10,C02,agente,2,equipo,3.0,True
EQUIPO051,oficial,2025-10,C02,fotodeteccion_previa,119,equipo,3.0,True
EQUIPO051,oficial,2025-10,C32,agente,1,equipo,3.0,True
EQUIPO051,oficial,2025-10,C35,fotodeteccion_previa,8,equipo,3.0,True
EQUIPO051,oficial,2025-10,D02,fotodeteccion_previa,6,equipo,3.0,True
EQUIPO051,oficial,2025-11,C02,agente,1,equipo,3.0,True
EQUIPO051,oficial,2025-11,C02,fotodeteccion_previa,86,equipo,3.0,True
EQUIPO051,oficial,2025-11,C35,fotodeteccion_previa,10,equipo,3.0,True
EQUIPO051,oficial,2025-11,D02,fotodeteccion_previa,6,equipo,3.0,True
EQUIPO051,oficial,2025-12,C02,agente,3,equipo,3.0,True
EQUIPO051,oficial,2025-12,C02,fotodeteccion_previa,53,equipo,3.0,True
EQUIPO051,oficial,2025-12,C35,fotodeteccion_previa,2,equipo,3.0,True
EQUIPO051,oficial,2025-12,D02,fotodeteccion_previa,3,equipo,3.0,True
EQUIPO051,oficial,2026-01,C02,fotodeteccion_previa,55,equipo,3.0,True
EQUIPO051,oficial,2026-01,C35,fotodeteccion_previa,3,equipo,3.0,True
EQUIPO051,oficial,2026-02,C02,agente,1,equipo,3.0,True
EQUIPO051,oficial,2026-02,C02,fotodeteccion_previa,43,equipo,3.0,True
EQUIPO051,oficial,2026-02,C24,agente,1,equipo,3.0,True
EQUIPO051,oficial,2026-02,C32,agente,4,equipo,3.0,True
EQUIPO051,oficial,2026-02,C35,fotodeteccion_previa,2,equipo,3.0,True
EQUIPO051,oficial,2026-02,D02,fotodeteccion_previa,1,equipo,3.0,True
EQUIPO051,oficial,2026-02,D04,agente,2,equipo,3.0,True
EQUIPO051,oficial,2026-02,D05,agente,1,equipo,3.0,True
EQUIPO051,oficial,2026-03,B03,agente,1,equipo,3.0,False
EQUIPO051,oficial,2026-03,C02,fotodeteccion_previa,37,equipo,3.0,True
EQUIPO051,oficial,2026-03,C35,fotodeteccion_previa,3,equipo,3.0,True
EQUIPO051,oficial,2026-03,D02,fotodeteccion_previa,3,equipo,3.0,True
EQUIPO051,oficial,2026-04,C02,fotodeteccion_previa,38,equipo,3.0,True
EQUIPO051,oficial,2026-04,C35,fotodeteccion_previa,4,equipo,3.0,True
EQUIPO051,oficial,2026-04,D02,fotodeteccion_previa,4,equipo,3.0,True
EQUIPO051,oficial,2026-05,C02,agente,3,equipo,3.0,True
EQUIPO051,oficial,2026-05,C02,fotodeteccion_previa,44,equipo,3.0,True
EQUIPO051,oficial,2026-05,C35,fotodeteccion_previa,2,equipo,3.0,True
EQUIPO051,oficial,2026-05,D02,fotodeteccion_previa,1,equipo,3.0,True
EQUIPO051,oficial,2026-06,A04,agente,1,equipo,3.0,False
EQUIPO051,oficial,2026-06,C02,agente,1,equipo,3.0,True
EQUIPO051,oficial,2026-06,C02,fotodeteccion_previa,31,equipo,3.0,True
EQUIPO051,oficial,2026-06,C32,agente,1,equipo,3.0,True
EQUIPO051,oficial,2026-06,C35,fotodeteccion_previa,3,equipo,3.0,True
EQUIPO051,oficial,2026-06,D02,fotodeteccion_previa,2,equipo,3.0,True
EQUIPO051,oficial,2026-06,D03,agente,1,equipo,3.0,False
EQUIPO051,oficial,2026-07,C02,agente,1,equipo,3.0,True
EQUIPO051,oficial,2026-07,C02,fotodeteccion_previa,38,equipo,3.0,True
EQUIPO051,oficial,2026-07,C35,fotodeteccion_previa,3,equipo,3.0,True
EQUIPO051,oficial,2026-07,D02,fotodeteccion_previa,3,equipo,3.0,True
EQUIPO051,oficial,2026-08,C02,agente,6,equipo,,True
EQUIPO051,oficial,2026-08,C02,fotodeteccion_previa,22,equipo,,True
EQUIPO051,oficial,2026-08,C35,fotodeteccion_previa,1,equipo,,True
EQUIPO051,oficial,2026-08,D02,fotodeteccion_previa,1,equipo,,True
EQUIPO051,oficial,2026-09,C02,fotodeteccion_previa,32,equipo,,True
EQUIPO051,oficial,2026-09,D04,sast,517,equipo,,True
EQUIPO051,oficial,2026-09,H03,sast,14,equipo,,False
EQUIPO052,buffer15,2023-01,C02,agente,2,equipo,,True
EQUIPO052,buffer15,2023-02,C02,agente,1,equipo,,True
EQUIPO052,buffer15,2023-03,C02,agente,7,equipo,,True
EQUIPO052,buffer15,2023-03,C14,agente,3,equipo,,False
EQUIPO052,buffer15,2023-03,C24,agente,1,equipo,,True
EQUIPO052,buffer15,2023-03,D02,agente,1,equipo,,True
EQUIPO052,buffer15,2023-03,H03,agente,1,equipo,,False
EQUIPO052,buffer15,2023-04,C02,agente,7,equipo,,True
EQUIPO052,buffer15,2023-04,C14,agente,1,equipo,,False
EQUIPO052,buffer15,2023-04,D02,agente,1,equipo,,True
EQUIPO052,buffer15,2023-04,H03,agente,2,equipo,,False
EQUIPO052,buffer15,2023-05,A02,agente,1,equipo,,False
EQUIPO052,buffer15,2023-05,C02,agente,13,equipo,,True
EQUIPO052,buffer15,2023-05,C24,agente,1,equipo,,True
EQUIPO052,buffer15,2023-05,D02,agente,2,equipo,,True
EQUIPO052,buffer15,2023-06,C02,agente,26,equipo,,True
EQUIPO052,buffer15,2023-06,C31,agente,1,equipo,,False
EQUIPO052,buffer15,2023-06,D02,agente,2,equipo,,True
EQUIPO052,buffer15,2023-07,B02,agente,1,equipo,,False
EQUIPO052,buffer15,2023-07,C02,agente,4,equipo,,True
EQUIPO052,buffer15,2023-07,H03,agente,3,equipo,,False
EQUIPO052,buffer15,2023-08,C02,agente,11,equipo,1.0,True
EQUIPO052,buffer15,2023-09,C02,agente,19,equipo,1.0,True
EQUIPO052,buffer15,2023-09,C14,agente,1,equipo,1.0,False
EQUIPO052,buffer15,2023-09,C24,agente,1,equipo,1.0,True
EQUIPO052,buffer15,2023-09,C35,agente,3,equipo,1.0,True
EQUIPO052,buffer15,2023-09,D02,agente,2,equipo,1.0,True
EQUIPO052,buffer15,2023-10,C02,agente,57,equipo,1.0,True
EQUIPO052,buffer15,2023-10,D03,agente,1,equipo,1.0,False
EQUIPO052,buffer15,2023-10,D05,agente,1,equipo,1.0,True
EQUIPO052,buffer15,2023-11,C02,agente,9,equipo,1.0,True
EQUIPO052,buffer15,2023-12,A01,agente,1,equipo,1.0,False
EQUIPO052,buffer15,2023-12,C02,agente,51,equipo,1.0,True
EQUIPO052,buffer15,2023-12,D02,agente,1,equipo,1.0,True
EQUIPO052,buffer15,2023-12,D03,agente,1,equipo,1.0,False
EQUIPO052,buffer15,2023-12,D04,agente,1,equipo,1.0,True
EQUIPO052,buffer15,2024-01,C02,agente,2,equipo,1.0,True
EQUIPO052,buffer15,2024-01,C35,agente,1,equipo,1.0,True
EQUIPO052,buffer15,2024-02,C02,agente,10,equipo,1.0,True
EQUIPO052,buffer15,2024-03,C02,agente,4,equipo,1.0,True
EQUIPO052,buffer15,2024-03,C02,fotodeteccion_previa,19,equipo,1.0,True
EQUIPO052,buffer15,2024-03,C35,fotodeteccion_previa,5,equipo,1.0,True
EQUIPO052,buffer15,2024-03,D02,fotodeteccion_previa,3,equipo,1.0,True
EQUIPO052,buffer15,2024-04,C02,agente,43,equipo,1.0,True
EQUIPO052,buffer15,2024-04,C02,fotodeteccion_previa,22,equipo,1.0,True
EQUIPO052,buffer15,2024-04,C24,agente,1,equipo,1.0,True
EQUIPO052,buffer15,2024-04,C35,fotodeteccion_previa,1,equipo,1.0,True
EQUIPO052,buffer15,2024-04,F07,agente,1,equipo,1.0,False
EQUIPO052,buffer15,2024-05,C02,agente,22,equipo,1.0,True
EQUIPO052,buffer15,2024-05,C02,fotodeteccion_previa,28,equipo,1.0,True
EQUIPO052,buffer15,2024-05,C03,agente,1,equipo,1.0,True
EQUIPO052,buffer15,2024-05,C35,agente,1,equipo,1.0,True
EQUIPO052,buffer15,2024-05,D02,agente,1,equipo,1.0,True
EQUIPO052,buffer15,2024-06,C02,agente,19,equipo,1.0,True
EQUIPO052,buffer15,2024-06,C02,fotodeteccion_previa,32,equipo,1.0,True
EQUIPO052,buffer15,2024-06,C35,fotodeteccion_previa,3,equipo,1.0,True
EQUIPO052,buffer15,2024-06,D02,agente,2,equipo,1.0,True
EQUIPO052,buffer15,2024-06,D02,fotodeteccion_previa,1,equipo,1.0,True
EQUIPO052,buffer15,2024-07,C02,agente,28,equipo,1.0,True
EQUIPO052,buffer15,2024-07,C02,fotodeteccion_previa,18,equipo,1.0,True
EQUIPO052,buffer15,2024-07,C35,fotodeteccion_previa,2,equipo,1.0,True
EQUIPO052,buffer15,2024-07,D02,agente,3,equipo,1.0,True
EQUIPO052,buffer15,2024-07,D02,fotodeteccion_previa,2,equipo,1.0,True
EQUIPO052,buffer15,2024-08,C02,agente,4,equipo,2.0,True
EQUIPO052,buffer15,2024-08,C02,fotodeteccion_previa,7,equipo,2.0,True
EQUIPO052,buffer15,2024-08,D04,agente,1,equipo,2.0,True
EQUIPO052,buffer15,2024-09,C02,agente,14,equipo,2.0,True
EQUIPO052,buffer15,2024-09,C02,fotodeteccion_previa,16,equipo,2.0,True
EQUIPO052,buffer15,2024-09,C24,agente,4,equipo,2.0,True
EQUIPO052,buffer15,2024-09,C32,agente,3,equipo,2.0,True
EQUIPO052,buffer15,2024-09,C33,agente,1,equipo,2.0,False
EQUIPO052,buffer15,2024-09,C35,agente,2,equipo,2.0,True
EQUIPO052,buffer15,2024-09,D02,agente,2,equipo,2.0,True
EQUIPO052,buffer15,2024-09,D02,fotodeteccion_previa,2,equipo,2.0,True
EQUIPO052,buffer15,2024-09,D03,agente,1,equipo,2.0,False
EQUIPO052,buffer15,2024-09,D04,agente,5,equipo,2.0,True
EQUIPO052,buffer15,2024-10,C02,agente,10,equipo,2.0,True
EQUIPO052,buffer15,2024-10,C02,fotodeteccion_previa,14,equipo,2.0,True
EQUIPO052,buffer15,2024-10,C31,agente,1,equipo,2.0,False
EQUIPO052,buffer15,2024-10,C35,fotodeteccion_previa,1,equipo,2.0,True
EQUIPO052,buffer15,2024-10,D02,agente,3,equipo,2.0,True
EQUIPO052,buffer15,2024-10,D02,fotodeteccion_previa,1,equipo,2.0,True
EQUIPO052,buffer15,2024-10,D03,agente,1,equipo,2.0,False
EQUIPO052,buffer15,2024-11,C02,agente,8,equipo,2.0,True
EQUIPO052,buffer15,2024-11,C02,fotodeteccion_previa,13,equipo,2.0,True
EQUIPO052,buffer15,2024-11,C32,agente,2,equipo,2.0,True
EQUIPO052,buffer15,2024-11,C35,fotodeteccion_previa,2,equipo,2.0,True
EQUIPO052,buffer15,2024-11,D02,agente,1,equipo,2.0,True
EQUIPO052,buffer15,2024-11,D02,fotodeteccion_previa,2,equipo,2.0,True
EQUIPO052,buffer15,2024-11,D04,agente,2,equipo,2.0,True
EQUIPO052,buffer15,2024-12,C02,agente,26,equipo,2.0,True
EQUIPO052,buffer15,2024-12,C02,fotodeteccion_previa,62,equipo,2.0,True
EQUIPO052,buffer15,2024-12,C35,fotodeteccion_previa,4,equipo,2.0,True
EQUIPO052,buffer15,2024-12,D02,fotodeteccion_previa,2,equipo,2.0,True
EQUIPO052,buffer15,2025-01,C02,agente,6,equipo,2.0,True
EQUIPO052,buffer15,2025-01,C02,fotodeteccion_previa,57,equipo,2.0,True
EQUIPO052,buffer15,2025-01,C35,fotodeteccion_previa,4,equipo,2.0,True
EQUIPO052,buffer15,2025-01,D02,fotodeteccion_previa,3,equipo,2.0,True
EQUIPO052,buffer15,2025-02,C02,agente,1,equipo,2.0,True
EQUIPO052,buffer15,2025-02,C02,fotodeteccion_previa,51,equipo,2.0,True
EQUIPO052,buffer15,2025-02,C35,fotodeteccion_previa,3,equipo,2.0,True
EQUIPO052,buffer15,2025-02,D02,fotodeteccion_previa,2,equipo,2.0,True
EQUIPO052,buffer15,2025-03,C02,agente,5,equipo,2.0,True
EQUIPO052,buffer15,2025-03,C02,fotodeteccion_previa,107,equipo,2.0,True
EQUIPO052,buffer15,2025-03,C03,agente,1,equipo,2.0,True
EQUIPO052,buffer15,2025-03,C35,agente,2,equipo,2.0,True
EQUIPO052,buffer15,2025-03,C35,fotodeteccion_previa,7,equipo,2.0,True
EQUIPO052,buffer15,2025-03,D02,agente,1,equipo,2.0,True
EQUIPO052,buffer15,2025-03,D02,fotodeteccion_previa,4,equipo,2.0,True
EQUIPO052,buffer15,2025-03,D03,agente,1,equipo,2.0,False
EQUIPO052,buffer15,2025-03,H03,agente,1,equipo,2.0,False
EQUIPO052,buffer15,2025-04,C02,agente,4,equipo,2.0,True
EQUIPO052,buffer15,2025-04,C02,fotodeteccion_previa,49,equipo,2.0,True
EQUIPO052,buffer15,2025-04,C35,fotodeteccion_previa,6,equipo,2.0,True
EQUIPO052,buffer15,2025-04,D02,fotodeteccion_previa,4,equipo,2.0,True
EQUIPO052,buffer15,2025-05,C02,agente,4,equipo,2.0,True
EQUIPO052,buffer15,2025-05,C02,fotodeteccion_previa,105,equipo,2.0,True
EQUIPO052,buffer15,2025-05,C35,fotodeteccion_previa,6,equipo,2.0,True
EQUIPO052,buffer15,2025-05,D02,fotodeteccion_previa,8,equipo,2.0,True
EQUIPO052,buffer15,2025-06,C02,agente,4,equipo,2.0,True
EQUIPO052,buffer15,2025-06,C02,fotodeteccion_previa,93,equipo,2.0,True
EQUIPO052,buffer15,2025-06,C32,agente,1,equipo,2.0,True
EQUIPO052,buffer15,2025-06,C35,fotodeteccion_previa,4,equipo,2.0,True
EQUIPO052,buffer15,2025-06,D02,agente,1,equipo,2.0,True
EQUIPO052,buffer15,2025-06,D02,fotodeteccion_previa,2,equipo,2.0,True
EQUIPO052,buffer15,2025-07,C02,fotodeteccion_previa,104,equipo,2.0,True
EQUIPO052,buffer15,2025-07,C35,fotodeteccion_previa,7,equipo,2.0,True
EQUIPO052,buffer15,2025-07,D02,fotodeteccion_previa,5,equipo,2.0,True
EQUIPO052,buffer15,2025-08,C02,agente,3,equipo,3.0,True
EQUIPO052,buffer15,2025-08,C02,fotodeteccion_previa,99,equipo,3.0,True
EQUIPO052,buffer15,2025-08,C35,fotodeteccion_previa,5,equipo,3.0,True
EQUIPO052,buffer15,2025-08,D02,agente,1,equipo,3.0,True
EQUIPO052,buffer15,2025-08,D02,fotodeteccion_previa,7,equipo,3.0,True
EQUIPO052,buffer15,2025-09,C02,agente,13,equipo,3.0,True
EQUIPO052,buffer15,2025-09,C02,fotodeteccion_previa,93,equipo,3.0,True
EQUIPO052,buffer15,2025-09,C35,fotodeteccion_previa,3,equipo,3.0,True
EQUIPO052,buffer15,2025-09,D02,fotodeteccion_previa,5,equipo,3.0,True
EQUIPO052,buffer15,2025-10,C02,fotodeteccion_previa,72,equipo,3.0,True
EQUIPO052,buffer15,2025-10,C15,agente,1,equipo,3.0,False
EQUIPO052,buffer15,2025-10,C32,agente,1,equipo,3.0,True
EQUIPO052,buffer15,2025-10,C35,fotodeteccion_previa,3,equipo,3.0,True
EQUIPO052,buffer15,2025-10,D02,fotodeteccion_previa,3,equipo,3.0,True
EQUIPO052,buffer15,2025-11,C02,agente,1,equipo,3.0,True
EQUIPO052,buffer15,2025-11,C02,fotodeteccion_previa,47,equipo,3.0,True
EQUIPO052,buffer15,2025-11,C35,fotodeteccion_previa,6,equipo,3.0,True
EQUIPO052,buffer15,2025-11,D02,fotodeteccion_previa,5,equipo,3.0,True
EQUIPO052,buffer15,2025-12,C02,agente,9,equipo,3.0,True
EQUIPO052,buffer15,2025-12,C02,fotodeteccion_previa,34,equipo,3.0,True
EQUIPO052,buffer15,2025-12,C35,agente,1,equipo,3.0,True
EQUIPO052,buffer15,2025-12,D02,agente,2,equipo,3.0,True
EQUIPO052,buffer15,2026-01,C02,agente,1,equipo,3.0,True
EQUIPO052,buffer15,2026-01,C02,fotodeteccion_previa,56,equipo,3.0,True
EQUIPO052,buffer15,2026-01,C35,fotodeteccion_previa,3,equipo,3.0,True
EQUIPO052,buffer15,2026-01,D02,fotodeteccion_previa,2,equipo,3.0,True
EQUIPO052,buffer15,2026-02,C02,agente,3,equipo,3.0,True
EQUIPO052,buffer15,2026-02,C02,fotodeteccion_previa,29,equipo,3.0,True
EQUIPO052,buffer15,2026-02,C24,agente,1,equipo,3.0,True
EQUIPO052,buffer15,2026-02,C32,agente,5,equipo,3.0,True
EQUIPO052,buffer15,2026-02,C35,fotodeteccion_previa,2,equipo,3.0,True
EQUIPO052,buffer15,2026-02,D02,fotodeteccion_previa,2,equipo,3.0,True
EQUIPO052,buffer15,2026-02,D04,agente,2,equipo,3.0,True
EQUIPO052,buffer15,2026-02,D05,agente,1,equipo,3.0,True
EQUIPO052,buffer15,2026-03,B03,agente,1,equipo,3.0,False
EQUIPO052,buffer15,2026-03,C02,agente,1,equipo,3.0,True
EQUIPO052,buffer15,2026-03,C02,fotodeteccion_previa,28,equipo,3.0,True
EQUIPO052,buffer15,2026-03,C35,agente,1,equipo,3.0,True
EQUIPO052,buffer15,2026-03,C35,fotodeteccion_previa,4,equipo,3.0,True
EQUIPO052,buffer15,2026-03,D02,fotodeteccion_previa,4,equipo,3.0,True
EQUIPO052,buffer15,2026-04,C02,fotodeteccion_previa,28,equipo,3.0,True
EQUIPO052,buffer15,2026-04,C35,fotodeteccion_previa,2,equipo,3.0,True
EQUIPO052,buffer15,2026-04,D02,fotodeteccion_previa,1,equipo,3.0,True
EQUIPO052,buffer15,2026-05,C02,agente,1,equipo,3.0,True
EQUIPO052,buffer15,2026-05,C02,fotodeteccion_previa,29,equipo,3.0,True
EQUIPO052,buffer15,2026-05,C35,agente,1,equipo,3.0,True
EQUIPO052,buffer15,2026-05,D02,agente,1,equipo,3.0,True
EQUIPO052,buffer15,2026-06,C02,agente,1,equipo,3.0,True
EQUIPO052,buffer15,2026-06,C02,fotodeteccion_previa,30,equipo,3.0,True
EQUIPO052,buffer15,2026-06,C31,agente,2,equipo,3.0,False
EQUIPO052,buffer15,2026-06,C35,fotodeteccion_previa,2,equipo,3.0,True
EQUIPO052,buffer15,2026-06,D02,fotodeteccion_previa,1,equipo,3.0,True
EQUIPO052,buffer15,2026-06,D03,agente,1,equipo,3.0,False
EQUIPO052,buffer15,2026-07,C02,agente,1,equipo,3.0,True
EQUIPO052,buffer15,2026-07,C02,fotodeteccion_previa,29,equipo,3.0,True
EQUIPO052,buffer15,2026-07,C35,agente,1,equipo,3.0,True
EQUIPO052,buffer15,2026-07,C35,fotodeteccion_previa,1,equipo,3.0,True
EQUIPO052,buffer15,2026-07,D02,fotodeteccion_previa,1,equipo,3.0,True
EQUIPO052,buffer15,2026-08,C02,fotodeteccion_previa,25,equipo,,True
EQUIPO052,buffer15,2026-09,C02,agente,1,equipo,,True
EQUIPO052,buffer15,2026-09,C02,fotodeteccion_previa,20,equipo,,True
EQUIPO052,buffer15,2026-09,C35,fotodeteccion_previa,1,equipo,,True
EQUIPO052,buffer15,2026-09,D02,fotodeteccion_previa,1,equipo,,True
EQUIPO052,buffer15,2026-09,D04,sast,475,equipo,,True
EQUIPO052,buffer15,2026-09,H03,sast,12,equipo,,False
EQUIPO052,estricto,2023-01,C02,agente,2,equipo,,True
EQUIPO052,estricto,2023-02,C02,agente,1,equipo,,True
EQUIPO052,estricto,2023-03,C02,agente,6,equipo,,True
EQUIPO052,estricto,2023-03,C14,agente,1,equipo,,False
EQUIPO052,estricto,2023-03,C24,agente,1,equipo,,True
EQUIPO052,estricto,2023-03,H03,agente,1,equipo,,False
EQUIPO052,estricto,2023-04,C02,agente,4,equipo,,True
EQUIPO052,estricto,2023-04,D02,agente,1,equipo,,True
EQUIPO052,estricto,2023-04,H03,agente,2,equipo,,False
EQUIPO052,estricto,2023-05,A02,agente,1,equipo,,False
EQUIPO052,estricto,2023-05,C02,agente,8,equipo,,True
EQUIPO052,estricto,2023-06,C02,agente,22,equipo,,True
EQUIPO052,estricto,2023-06,D02,agente,1,equipo,,True
EQUIPO052,estricto,2023-07,B02,agente,1,equipo,,False
EQUIPO052,estricto,2023-07,C02,agente,4,equipo,,True
EQUIPO052,estricto,2023-08,C02,agente,11,equipo,1.0,True
EQUIPO052,estricto,2023-09,C02,agente,11,equipo,1.0,True
EQUIPO052,estricto,2023-09,C14,agente,1,equipo,1.0,False
EQUIPO052,estricto,2023-09,C24,agente,1,equipo,1.0,True
EQUIPO052,estricto,2023-09,C35,agente,3,equipo,1.0,True
EQUIPO052,estricto,2023-09,D02,agente,2,equipo,1.0,True
EQUIPO052,estricto,2023-10,C02,agente,47,equipo,1.0,True
EQUIPO052,estricto,2023-10,D03,agente,1,equipo,1.0,False
EQUIPO052,estricto,2023-10,D05,agente,1,equipo,1.0,True
EQUIPO052,estricto,2023-11,C02,agente,6,equipo,1.0,True
EQUIPO052,estricto,2023-12,A01,agente,1,equipo,1.0,False
EQUIPO052,estricto,2023-12,C02,agente,41,equipo,1.0,True
EQUIPO052,estricto,2023-12,D02,agente,1,equipo,1.0,True
EQUIPO052,estricto,2023-12,D03,agente,1,equipo,1.0,False
EQUIPO052,estricto,2023-12,D04,agente,1,equipo,1.0,True
EQUIPO052,estricto,2024-01,C02,agente,2,equipo,1.0,True
EQUIPO052,estricto,2024-01,C35,agente,1,equipo,1.0,True
EQUIPO052,estricto,2024-02,C02,agente,8,equipo,1.0,True
EQUIPO052,estricto,2024-03,C02,agente,3,equipo,1.0,True
EQUIPO052,estricto,2024-03,C02,fotodeteccion_previa,6,equipo,1.0,True
EQUIPO052,estricto,2024-03,C35,fotodeteccion_previa,1,equipo,1.0,True
EQUIPO052,estricto,2024-04,C02,agente,36,equipo,1.0,True
EQUIPO052,estricto,2024-04,C02,fotodeteccion_previa,17,equipo,1.0,True
EQUIPO052,estricto,2024-04,C35,fotodeteccion_previa,1,equipo,1.0,True
EQUIPO052,estricto,2024-04,F07,agente,1,equipo,1.0,False
EQUIPO052,estricto,2024-05,C02,agente,20,equipo,1.0,True
EQUIPO052,estricto,2024-05,C02,fotodeteccion_previa,22,equipo,1.0,True
EQUIPO052,estricto,2024-05,C03,agente,1,equipo,1.0,True
EQUIPO052,estricto,2024-05,C35,agente,1,equipo,1.0,True
EQUIPO052,estricto,2024-05,D02,agente,1,equipo,1.0,True
EQUIPO052,estricto,2024-06,C02,agente,18,equipo,1.0,True
EQUIPO052,estricto,2024-06,C02,fotodeteccion_previa,26,equipo,1.0,True
EQUIPO052,estricto,2024-06,C35,fotodeteccion_previa,3,equipo,1.0,True
EQUIPO052,estricto,2024-06,D02,agente,2,equipo,1.0,True
EQUIPO052,estricto,2024-06,D02,fotodeteccion_previa,1,equipo,1.0,True
EQUIPO052,estricto,2024-07,C02,agente,23,equipo,1.0,True
EQUIPO052,estricto,2024-07,C02,fotodeteccion_previa,13,equipo,1.0,True
EQUIPO052,estricto,2024-07,C35,fotodeteccion_previa,2,equipo,1.0,True
EQUIPO052,estricto,2024-07,D02,agente,1,equipo,1.0,True
EQUIPO052,estricto,2024-07,D02,fotodeteccion_previa,2,equipo,1.0,True
EQUIPO052,estricto,2024-08,C02,agente,3,equipo,2.0,True
EQUIPO052,estricto,2024-08,C02,fotodeteccion_previa,6,equipo,2.0,True
EQUIPO052,estricto,2024-08,D04,agente,1,equipo,2.0,True
EQUIPO052,estricto,2024-09,C02,agente,11,equipo,2.0,True
EQUIPO052,estricto,2024-09,C02,fotodeteccion_previa,12,equipo,2.0,True
EQUIPO052,estricto,2024-09,C24,agente,1,equipo,2.0,True
EQUIPO052,estricto,2024-09,C32,agente,3,equipo,2.0,True
EQUIPO052,estricto,2024-09,C33,agente,1,equipo,2.0,False
EQUIPO052,estricto,2024-09,C35,agente,1,equipo,2.0,True
EQUIPO052,estricto,2024-09,D02,fotodeteccion_previa,1,equipo,2.0,True
EQUIPO052,estricto,2024-09,D03,agente,1,equipo,2.0,False
EQUIPO052,estricto,2024-09,D04,agente,5,equipo,2.0,True
EQUIPO052,estricto,2024-10,C02,agente,10,equipo,2.0,True
EQUIPO052,estricto,2024-10,C02,fotodeteccion_previa,13,equipo,2.0,True
EQUIPO052,estricto,2024-10,C31,agente,1,equipo,2.0,False
EQUIPO052,estricto,2024-10,C35,fotodeteccion_previa,1,equipo,2.0,True
EQUIPO052,estricto,2024-10,D02,agente,3,equipo,2.0,True
EQUIPO052,estricto,2024-10,D02,fotodeteccion_previa,1,equipo,2.0,True
EQUIPO052,estricto,2024-10,D03,agente,1,equipo,2.0,False
EQUIPO052,estricto,2024-11,C02,agente,7,equipo,2.0,True
EQUIPO052,estricto,2024-11,C02,fotodeteccion_previa,9,equipo,2.0,True
EQUIPO052,estricto,2024-11,C32,agente,2,equipo,2.0,True
EQUIPO052,estricto,2024-11,C35,fotodeteccion_previa,2,equipo,2.0,True
EQUIPO052,estricto,2024-11,D02,fotodeteccion_previa,2,equipo,2.0,True
EQUIPO052,estricto,2024-11,D04,agente,2,equipo,2.0,True
EQUIPO052,estricto,2024-12,C02,agente,20,equipo,2.0,True
EQUIPO052,estricto,2024-12,C02,fotodeteccion_previa,39,equipo,2.0,True
EQUIPO052,estricto,2024-12,C35,fotodeteccion_previa,3,equipo,2.0,True
EQUIPO052,estricto,2024-12,D02,fotodeteccion_previa,1,equipo,2.0,True
EQUIPO052,estricto,2025-01,C02,agente,3,equipo,2.0,True
EQUIPO052,estricto,2025-01,C02,fotodeteccion_previa,41,equipo,2.0,True
EQUIPO052,estricto,2025-01,C35,fotodeteccion_previa,3,equipo,2.0,True
EQUIPO052,estricto,2025-01,D02,fotodeteccion_previa,2,equipo,2.0,True
EQUIPO052,estricto,2025-02,C02,agente,1,equipo,2.0,True
EQUIPO052,estricto,2025-02,C02,fotodeteccion_previa,39,equipo,2.0,True
EQUIPO052,estricto,2025-02,C35,fotodeteccion_previa,2,equipo,2.0,True
EQUIPO052,estricto,2025-03,C02,agente,4,equipo,2.0,True
EQUIPO052,estricto,2025-03,C02,fotodeteccion_previa,107,equipo,2.0,True
EQUIPO052,estricto,2025-03,C03,agente,1,equipo,2.0,True
EQUIPO052,estricto,2025-03,C35,agente,2,equipo,2.0,True
EQUIPO052,estricto,2025-03,C35,fotodeteccion_previa,7,equipo,2.0,True
EQUIPO052,estricto,2025-03,D02,agente,1,equipo,2.0,True
EQUIPO052,estricto,2025-03,D02,fotodeteccion_previa,4,equipo,2.0,True
EQUIPO052,estricto,2025-03,D03,agente,1,equipo,2.0,False
EQUIPO052,estricto,2025-04,C02,agente,3,equipo,2.0,True
EQUIPO052,estricto,2025-04,C02,fotodeteccion_previa,49,equipo,2.0,True
EQUIPO052,estricto,2025-04,C35,fotodeteccion_previa,6,equipo,2.0,True
EQUIPO052,estricto,2025-04,D02,fotodeteccion_previa,4,equipo,2.0,True
EQUIPO052,estricto,2025-05,C02,agente,3,equipo,2.0,True
EQUIPO052,estricto,2025-05,C02,fotodeteccion_previa,105,equipo,2.0,True
EQUIPO052,estricto,2025-05,C35,fotodeteccion_previa,6,equipo,2.0,True
EQUIPO052,estricto,2025-05,D02,fotodeteccion_previa,8,equipo,2.0,True
EQUIPO052,estricto,2025-06,C02,agente,3,equipo,2.0,True
EQUIPO052,estricto,2025-06,C02,fotodeteccion_previa,93,equipo,2.0,True
EQUIPO052,estricto,2025-06,C32,agente,1,equipo,2.0,True
EQUIPO052,estricto,2025-06,C35,fotodeteccion_previa,4,equipo,2.0,True
EQUIPO052,estricto,2025-06,D02,agente,1,equipo,2.0,True
EQUIPO052,estricto,2025-06,D02,fotodeteccion_previa,2,equipo,2.0,True
EQUIPO052,estricto,2025-07,C02,fotodeteccion_previa,104,equipo,2.0,True
EQUIPO052,estricto,2025-07,C35,fotodeteccion_previa,7,equipo,2.0,True
EQUIPO052,estricto,2025-07,D02,fotodeteccion_previa,5,equipo,2.0,True
EQUIPO052,estricto,2025-08,C02,agente,1,equipo,3.0,True
EQUIPO052,estricto,2025-08,C02,fotodeteccion_previa,99,equipo,3.0,True
EQUIPO052,estricto,2025-08,C35,fotodeteccion_previa,5,equipo,3.0,True
EQUIPO052,estricto,2025-08,D02,fotodeteccion_previa,7,equipo,3.0,True
EQUIPO052,estricto,2025-09,C02,agente,11,equipo,3.0,True
EQUIPO052,estricto,2025-09,C02,fotodeteccion_previa,93,equipo,3.0,True
EQUIPO052,estricto,2025-09,C35,fotodeteccion_previa,3,equipo,3.0,True
EQUIPO052,estricto,2025-09,D02,fotodeteccion_previa,5,equipo,3.0,True
EQUIPO052,estricto,2025-10,C02,fotodeteccion_previa,72,equipo,3.0,True
EQUIPO052,estricto,2025-10,C15,agente,1,equipo,3.0,False
EQUIPO052,estricto,2025-10,C32,agente,1,equipo,3.0,True
EQUIPO052,estricto,2025-10,C35,fotodeteccion_previa,3,equipo,3.0,True
EQUIPO052,estricto,2025-10,D02,fotodeteccion_previa,3,equipo,3.0,True
EQUIPO052,estricto,2025-11,C02,fotodeteccion_previa,47,equipo,3.0,True
EQUIPO052,estricto,2025-11,C35,fotodeteccion_previa,6,equipo,3.0,True
EQUIPO052,estricto,2025-11,D02,fotodeteccion_previa,5,equipo,3.0,True
EQUIPO052,estricto,2025-12,C02,agente,3,equipo,3.0,True
EQUIPO052,estricto,2025-12,C02,fotodeteccion_previa,34,equipo,3.0,True
EQUIPO052,estricto,2025-12,C35,agente,1,equipo,3.0,True
EQUIPO052,estricto,2025-12,D02,agente,1,equipo,3.0,True
EQUIPO052,estricto,2026-01,C02,fotodeteccion_previa,56,equipo,3.0,True
EQUIPO052,estricto,2026-01,C35,fotodeteccion_previa,3,equipo,3.0,True
EQUIPO052,estricto,2026-01,D02,fotodeteccion_previa,2,equipo,3.0,True
EQUIPO052,estricto,2026-02,C02,agente,2,equipo,3.0,True
EQUIPO052,estricto,2026-02,C02,fotodeteccion_previa,29,equipo,3.0,True
EQUIPO052,estricto,2026-02,C24,agente,1,equipo,3.0,True
EQUIPO052,estricto,2026-02,C32,agente,5,equipo,3.0,True
EQUIPO052,estricto,2026-02,C35,fotodeteccion_previa,2,equipo,3.0,True
EQUIPO052,estricto,2026-02,D02,fotodeteccion_previa,2,equipo,3.0,True
EQUIPO052,estricto,2026-02,D04,agente,2,equipo,3.0,True
EQUIPO052,estricto,2026-02,D05,agente,1,equipo,3.0,True
EQUIPO052,estricto,2026-03,B03,agente,1,equipo,3.0,False
EQUIPO052,estricto,2026-03,C02,fotodeteccion_previa,28,equipo,3.0,True
EQUIPO052,estricto,2026-03,C35,agente,1,equipo,3.0,True
EQUIPO052,estricto,2026-03,C35,fotodeteccion_previa,4,equipo,3.0,True
EQUIPO052,estricto,2026-03,D02,fotodeteccion_previa,4,equipo,3.0,True
EQUIPO052,estricto,2026-04,C02,fotodeteccion_previa,28,equipo,3.0,True
EQUIPO052,estricto,2026-04,C35,fotodeteccion_previa,2,equipo,3.0,True
EQUIPO052,estricto,2026-04,D02,fotodeteccion_previa,1,equipo,3.0,True
EQUIPO052,estricto,2026-05,C02,agente,1,equipo,3.0,True
EQUIPO052,estricto,2026-05,C02,fotodeteccion_previa,29,equipo,3.0,True
EQUIPO052,estricto,2026-05,C35,agente,1,equipo,3.0,True
EQUIPO052,estricto,2026-05,D02,agente,1,equipo,3.0,True
EQUIPO052,estricto,2026-06,C02,agente,1,equipo,3.0,True
EQUIPO052,estricto,2026-06,C02,fotodeteccion_previa,30,equipo,3.0,True
EQUIPO052,estricto,2026-06,C31,agente,2,equipo,3.0,False
EQUIPO052,estricto,2026-06,C35,fotodeteccion_previa,2,equipo,3.0,True
EQUIPO052,estricto,2026-06,D02,fotodeteccion_previa,1,equipo,3.0,True
EQUIPO052,estricto,2026-06,D03,agente,1,equipo,3.0,False
EQUIPO052,estricto,2026-07,C02,agente,1,equipo,3.0,True
EQUIPO052,estricto,2026-07,C02,fotodeteccion_previa,29,equipo,3.0,True
EQUIPO052,estricto,2026-07,C35,agente,1,equipo,3.0,True
EQUIPO052,estricto,2026-07,C35,fotodeteccion_previa,1,equipo,3.0,True
EQUIPO052,estricto,2026-07,D02,fotodeteccion_previa,1,equipo,3.0,True
EQUIPO052,estricto,2026-08,C02,fotodeteccion_previa,25,equipo,,True
EQUIPO052,estricto,2026-09,C02,fotodeteccion_previa,20,equipo,,True
EQUIPO052,estricto,2026-09,C35,fotodeteccion_previa,1,equipo,,True
EQUIPO052,estricto,2026-09,D02,fotodeteccion_previa,1,equipo,,True
EQUIPO052,estricto,2026-09,D04,sast,475,equipo,,True
EQUIPO052,estricto,2026-09,H03,sast,12,equipo,,False
EQUIPO052,oficial,2023-01,C02,agente,2,equipo,,True
EQUIPO052,oficial,2023-02,C02,agente,1,equipo,,True
EQUIPO052,oficial,2023-03,C02,agente,7,equipo,,True
EQUIPO052,oficial,2023-03,C14,agente,2,equipo,,False
EQUIPO052,oficial,2023-03,C24,agente,1,equipo,,True
EQUIPO052,oficial,2023-03,H03,agente,1,equipo,,False
EQUIPO052,oficial,2023-04,C02,agente,5,equipo,,True
EQUIPO052,oficial,2023-04,C14,agente,1,equipo,,False
EQUIPO052,oficial,2023-04,D02,agente,1,equipo,,True
EQUIPO052,oficial,2023-04,H03,agente,2,equipo,,False
EQUIPO052,oficial,2023-05,A02,agente,1,equipo,,False
EQUIPO052,oficial,2023-05,C02,agente,9,equipo,,True
EQUIPO052,oficial,2023-05,C24,agente,1,equipo,,True
EQUIPO052,oficial,2023-06,C02,agente,24,equipo,,True
EQUIPO052,oficial,2023-06,D02,agente,2,equipo,,True
EQUIPO052,oficial,2023-07,B02,agente,1,equipo,,False
EQUIPO052,oficial,2023-07,C02,agente,4,equipo,,True
EQUIPO052,oficial,2023-08,C02,agente,11,equipo,1.0,True
EQUIPO052,oficial,2023-09,C02,agente,13,equipo,1.0,True
EQUIPO052,oficial,2023-09,C14,agente,1,equipo,1.0,False
EQUIPO052,oficial,2023-09,C24,agente,1,equipo,1.0,True
EQUIPO052,oficial,2023-09,C35,agente,3,equipo,1.0,True
EQUIPO052,oficial,2023-09,D02,agente,2,equipo,1.0,True
EQUIPO052,oficial,2023-10,C02,agente,53,equipo,1.0,True
EQUIPO052,oficial,2023-10,D03,agente,1,equipo,1.0,False
EQUIPO052,oficial,2023-10,D05,agente,1,equipo,1.0,True
EQUIPO052,oficial,2023-11,C02,agente,7,equipo,1.0,True
EQUIPO052,oficial,2023-12,A01,agente,1,equipo,1.0,False
EQUIPO052,oficial,2023-12,C02,agente,46,equipo,1.0,True
EQUIPO052,oficial,2023-12,D02,agente,1,equipo,1.0,True
EQUIPO052,oficial,2023-12,D03,agente,1,equipo,1.0,False
EQUIPO052,oficial,2023-12,D04,agente,1,equipo,1.0,True
EQUIPO052,oficial,2024-01,C02,agente,2,equipo,1.0,True
EQUIPO052,oficial,2024-01,C35,agente,1,equipo,1.0,True
EQUIPO052,oficial,2024-02,C02,agente,9,equipo,1.0,True
EQUIPO052,oficial,2024-03,C02,agente,3,equipo,1.0,True
EQUIPO052,oficial,2024-03,C02,fotodeteccion_previa,6,equipo,1.0,True
EQUIPO052,oficial,2024-03,C35,fotodeteccion_previa,1,equipo,1.0,True
EQUIPO052,oficial,2024-04,C02,agente,42,equipo,1.0,True
EQUIPO052,oficial,2024-04,C02,fotodeteccion_previa,17,equipo,1.0,True
EQUIPO052,oficial,2024-04,C24,agente,1,equipo,1.0,True
EQUIPO052,oficial,2024-04,C35,fotodeteccion_previa,1,equipo,1.0,True
EQUIPO052,oficial,2024-04,F07,agente,1,equipo,1.0,False
EQUIPO052,oficial,2024-05,C02,agente,21,equipo,1.0,True
EQUIPO052,oficial,2024-05,C02,fotodeteccion_previa,22,equipo,1.0,True
EQUIPO052,oficial,2024-05,C03,agente,1,equipo,1.0,True
EQUIPO052,oficial,2024-05,C35,agente,1,equipo,1.0,True
EQUIPO052,oficial,2024-05,D02,agente,1,equipo,1.0,True
EQUIPO052,oficial,2024-06,C02,agente,18,equipo,1.0,True
EQUIPO052,oficial,2024-06,C02,fotodeteccion_previa,26,equipo,1.0,True
EQUIPO052,oficial,2024-06,C35,fotodeteccion_previa,3,equipo,1.0,True
EQUIPO052,oficial,2024-06,D02,agente,2,equipo,1.0,True
EQUIPO052,oficial,2024-06,D02,fotodeteccion_previa,1,equipo,1.0,True
EQUIPO052,oficial,2024-07,C02,agente,26,equipo,1.0,True
EQUIPO052,oficial,2024-07,C02,fotodeteccion_previa,13,equipo,1.0,True
EQUIPO052,oficial,2024-07,C35,fotodeteccion_previa,2,equipo,1.0,True
EQUIPO052,oficial,2024-07,D02,agente,2,equipo,1.0,True
EQUIPO052,oficial,2024-07,D02,fotodeteccion_previa,2,equipo,1.0,True
EQUIPO052,oficial,2024-08,C02,agente,3,equipo,2.0,True
EQUIPO052,oficial,2024-08,C02,fotodeteccion_previa,6,equipo,2.0,True
EQUIPO052,oficial,2024-08,D04,agente,1,equipo,2.0,True
EQUIPO052,oficial,2024-09,C02,agente,11,equipo,2.0,True
EQUIPO052,oficial,2024-09,C02,fotodeteccion_previa,12,equipo,2.0,True
EQUIPO052,oficial,2024-09,C24,agente,1,equipo,2.0,True
EQUIPO052,oficial,2024-09,C32,agente,3,equipo,2.0,True
EQUIPO052,oficial,2024-09,C33,agente,1,equipo,2.0,False
EQUIPO052,oficial,2024-09,C35,agente,1,equipo,2.0,True
EQUIPO052,oficial,2024-09,D02,fotodeteccion_previa,1,equipo,2.0,True
EQUIPO052,oficial,2024-09,D03,agente,1,equipo,2.0,False
EQUIPO052,oficial,2024-09,D04,agente,5,equipo,2.0,True
EQUIPO052,oficial,2024-10,C02,agente,10,equipo,2.0,True
EQUIPO052,oficial,2024-10,C02,fotodeteccion_previa,13,equipo,2.0,True
EQUIPO052,oficial,2024-10,C31,agente,1,equipo,2.0,False
EQUIPO052,oficial,2024-10,C35,fotodeteccion_previa,1,equipo,2.0,True
EQUIPO052,oficial,2024-10,D02,agente,3,equipo,2.0,True
EQUIPO052,oficial,2024-10,D02,fotodeteccion_previa,1,equipo,2.0,True
EQUIPO052,oficial,2024-10,D03,agente,1,equipo,2.0,False
EQUIPO052,oficial,2024-11,C02,agente,7,equipo,2.0,True
EQUIPO052,oficial,2024-11,C02,fotodeteccion_previa,9,equipo,2.0,True
EQUIPO052,oficial,2024-11,C32,agente,2,equipo,2.0,True
EQUIPO052,oficial,2024-11,C35,fotodeteccion_previa,2,equipo,2.0,True
EQUIPO052,oficial,2024-11,D02,fotodeteccion_previa,2,equipo,2.0,True
EQUIPO052,oficial,2024-11,D04,agente,2,equipo,2.0,True
EQUIPO052,oficial,2024-12,C02,agente,24,equipo,2.0,True
EQUIPO052,oficial,2024-12,C02,fotodeteccion_previa,39,equipo,2.0,True
EQUIPO052,oficial,2024-12,C35,fotodeteccion_previa,3,equipo,2.0,True
EQUIPO052,oficial,2024-12,D02,fotodeteccion_previa,1,equipo,2.0,True
EQUIPO052,oficial,2025-01,C02,agente,4,equipo,2.0,True
EQUIPO052,oficial,2025-01,C02,fotodeteccion_previa,41,equipo,2.0,True
EQUIPO052,oficial,2025-01,C35,fotodeteccion_previa,3,equipo,2.0,True
EQUIPO052,oficial,2025-01,D02,fotodeteccion_previa,2,equipo,2.0,True
EQUIPO052,oficial,2025-02,C02,agente,1,equipo,2.0,True
EQUIPO052,oficial,2025-02,C02,fotodeteccion_previa,39,equipo,2.0,True
EQUIPO052,oficial,2025-02,C35,fotodeteccion_previa,2,equipo,2.0,True
EQUIPO052,oficial,2025-03,C02,agente,4,equipo,2.0,True
EQUIPO052,oficial,2025-03,C02,fotodeteccion_previa,107,equipo,2.0,True
EQUIPO052,oficial,2025-03,C03,agente,1,equipo,2.0,True
EQUIPO052,oficial,2025-03,C35,agente,2,equipo,2.0,True
EQUIPO052,oficial,2025-03,C35,fotodeteccion_previa,7,equipo,2.0,True
EQUIPO052,oficial,2025-03,D02,agente,1,equipo,2.0,True
EQUIPO052,oficial,2025-03,D02,fotodeteccion_previa,4,equipo,2.0,True
EQUIPO052,oficial,2025-03,D03,agente,1,equipo,2.0,False
EQUIPO052,oficial,2025-03,H03,agente,1,equipo,2.0,False
EQUIPO052,oficial,2025-04,C02,agente,3,equipo,2.0,True
EQUIPO052,oficial,2025-04,C02,fotodeteccion_previa,49,equipo,2.0,True
EQUIPO052,oficial,2025-04,C35,fotodeteccion_previa,6,equipo,2.0,True
EQUIPO052,oficial,2025-04,D02,fotodeteccion_previa,4,equipo,2.0,True
EQUIPO052,oficial,2025-05,C02,agente,4,equipo,2.0,True
EQUIPO052,oficial,2025-05,C02,fotodeteccion_previa,105,equipo,2.0,True
EQUIPO052,oficial,2025-05,C35,fotodeteccion_previa,6,equipo,2.0,True
EQUIPO052,oficial,2025-05,D02,fotodeteccion_previa,8,equipo,2.0,True
EQUIPO052,oficial,2025-06,C02,agente,3,equipo,2.0,True
EQUIPO052,oficial,2025-06,C02,fotodeteccion_previa,93,equipo,2.0,True
EQUIPO052,oficial,2025-06,C32,agente,1,equipo,2.0,True
EQUIPO052,oficial,2025-06,C35,fotodeteccion_previa,4,equipo,2.0,True
EQUIPO052,oficial,2025-06,D02,agente,1,equipo,2.0,True
EQUIPO052,oficial,2025-06,D02,fotodeteccion_previa,2,equipo,2.0,True
EQUIPO052,oficial,2025-07,C02,fotodeteccion_previa,104,equipo,2.0,True
EQUIPO052,oficial,2025-07,C35,fotodeteccion_previa,7,equipo,2.0,True
EQUIPO052,oficial,2025-07,D02,fotodeteccion_previa,5,equipo,2.0,True
EQUIPO052,oficial,2025-08,C02,agente,3,equipo,3.0,True
EQUIPO052,oficial,2025-08,C02,fotodeteccion_previa,99,equipo,3.0,True
EQUIPO052,oficial,2025-08,C35,fotodeteccion_previa,5,equipo,3.0,True
EQUIPO052,oficial,2025-08,D02,agente,1,equipo,3.0,True
EQUIPO052,oficial,2025-08,D02,fotodeteccion_previa,7,equipo,3.0,True
EQUIPO052,oficial,2025-09,C02,agente,12,equipo,3.0,True
EQUIPO052,oficial,2025-09,C02,fotodeteccion_previa,93,equipo,3.0,True
EQUIPO052,oficial,2025-09,C35,fotodeteccion_previa,3,equipo,3.0,True
EQUIPO052,oficial,2025-09,D02,fotodeteccion_previa,5,equipo,3.0,True
EQUIPO052,oficial,2025-10,C02,fotodeteccion_previa,72,equipo,3.0,True
EQUIPO052,oficial,2025-10,C15,agente,1,equipo,3.0,False
EQUIPO052,oficial,2025-10,C32,agente,1,equipo,3.0,True
EQUIPO052,oficial,2025-10,C35,fotodeteccion_previa,3,equipo,3.0,True
EQUIPO052,oficial,2025-10,D02,fotodeteccion_previa,3,equipo,3.0,True
EQUIPO052,oficial,2025-11,C02,agente,1,equipo,3.0,True
EQUIPO052,oficial,2025-11,C02,fotodeteccion_previa,47,equipo,3.0,True
EQUIPO052,oficial,2025-11,C35,fotodeteccion_previa,6,equipo,3.0,True
EQUIPO052,oficial,2025-11,D02,fotodeteccion_previa,5,equipo,3.0,True
EQUIPO052,oficial,2025-12,C02,agente,3,equipo,3.0,True
EQUIPO052,oficial,2025-12,C02,fotodeteccion_previa,34,equipo,3.0,True
EQUIPO052,oficial,2025-12,C35,agente,1,equipo,3.0,True
EQUIPO052,oficial,2025-12,D02,agente,1,equipo,3.0,True
EQUIPO052,oficial,2026-01,C02,agente,1,equipo,3.0,True
EQUIPO052,oficial,2026-01,C02,fotodeteccion_previa,56,equipo,3.0,True
EQUIPO052,oficial,2026-01,C35,fotodeteccion_previa,3,equipo,3.0,True
EQUIPO052,oficial,2026-01,D02,fotodeteccion_previa,2,equipo,3.0,True
EQUIPO052,oficial,2026-02,C02,agente,2,equipo,3.0,True
EQUIPO052,oficial,2026-02,C02,fotodeteccion_previa,29,equipo,3.0,True
EQUIPO052,oficial,2026-02,C24,agente,1,equipo,3.0,True
EQUIPO052,oficial,2026-02,C32,agente,5,equipo,3.0,True
EQUIPO052,oficial,2026-02,C35,fotodeteccion_previa,2,equipo,3.0,True
EQUIPO052,oficial,2026-02,D02,fotodeteccion_previa,2,equipo,3.0,True
EQUIPO052,oficial,2026-02,D04,agente,2,equipo,3.0,True
EQUIPO052,oficial,2026-02,D05,agente,1,equipo,3.0,True
EQUIPO052,oficial,2026-03,B03,agente,1,equipo,3.0,False
EQUIPO052,oficial,2026-03,C02,agente,1,equipo,3.0,True
EQUIPO052,oficial,2026-03,C02,fotodeteccion_previa,28,equipo,3.0,True
EQUIPO052,oficial,2026-03,C35,agente,1,equipo,3.0,True
EQUIPO052,oficial,2026-03,C35,fotodeteccion_previa,4,equipo,3.0,True
EQUIPO052,oficial,2026-03,D02,fotodeteccion_previa,4,equipo,3.0,True
EQUIPO052,oficial,2026-04,C02,fotodeteccion_previa,28,equipo,3.0,True
EQUIPO052,oficial,2026-04,C35,fotodeteccion_previa,2,equipo,3.0,True
EQUIPO052,oficial,2026-04,D02,fotodeteccion_previa,1,equipo,3.0,True
EQUIPO052,oficial,2026-05,C02,agente,1,equipo,3.0,True
EQUIPO052,oficial,2026-05,C02,fotodeteccion_previa,29,equipo,3.0,True
EQUIPO052,oficial,2026-05,C35,agente,1,equipo,3.0,True
EQUIPO052,oficial,2026-05,D02,agente,1,equipo,3.0,True
EQUIPO052,oficial,2026-06,C02,agente,1,equipo,3.0,True
EQUIPO052,oficial,2026-06,C02,fotodeteccion_previa,30,equipo,3.0,True
EQUIPO052,oficial,2026-06,C31,agente,2,equipo,3.0,False
EQUIPO052,oficial,2026-06,C35,fotodeteccion_previa,2,equipo,3.0,True
EQUIPO052,oficial,2026-06,D02,fotodeteccion_previa,1,equipo,3.0,True
EQUIPO052,oficial,2026-06,D03,agente,1,equipo,3.0,False
EQUIPO052,oficial,2026-07,C02,agente,1,equipo,3.0,True
EQUIPO052,oficial,2026-07,C02,fotodeteccion_previa,29,equipo,3.0,True
EQUIPO052,oficial,2026-07,C35,agente,1,equipo,3.0,True
EQUIPO052,oficial,2026-07,C35,fotodeteccion_previa,1,equipo,3.0,True
EQUIPO052,oficial,2026-07,D02,fotodeteccion_previa,1,equipo,3.0,True
EQUIPO052,oficial,2026-08,C02,fotodeteccion_previa,25,equipo,,True
EQUIPO052,oficial,2026-09,C02,fotodeteccion_previa,20,equipo,,True
EQUIPO052,oficial,2026-09,C35,fotodeteccion_previa,1,equipo,,True
EQUIPO052,oficial,2026-09,D02,fotodeteccion_previa,1,equipo,,True
EQUIPO052,oficial,2026-09,D04,sast,475,equipo,,True
EQUIPO052,oficial,2026-09,H03,sast,12,equipo,,False
EQUIPO071,buffer15,2023-04,C24,agente,2,equipo,,True
EQUIPO071,buffer15,2023-04,C35,agente,1,equipo,,True
EQUIPO071,buffer15,2023-04,D01,agente,1,equipo,,False
EQUIPO071,buffer15,2023-04,D02,agente,3,equipo,,True
EQUIPO071,buffer15,2023-05,C02,agente,1,equipo,,True
EQUIPO071,buffer15,2023-05,C24,agente,1,equipo,,True
EQUIPO071,buffer15,2023-05,C35,agente,2,equipo,,True
EQUIPO071,buffer15,2023-05,D01,agente,3,equipo,,False
EQUIPO071,buffer15,2023-07,D02,agente,1,equipo,,True
EQUIPO071,buffer15,2023-09,C02,agente,1,equipo,,True
EQUIPO071,buffer15,2023-09,C14,agente,2,equipo,,False
EQUIPO071,buffer15,2023-09,C35,agente,3,equipo,,True
EQUIPO071,buffer15,2023-09,D02,agente,4,equipo,,True
EQUIPO071,buffer15,2023-09,D07,agente,1,equipo,,False
EQUIPO071,buffer15,2023-10,B02,agente,1,equipo,1.0,False
EQUIPO071,buffer15,2023-10,C24,agente,1,equipo,1.0,True
EQUIPO071,buffer15,2023-10,D02,agente,1,equipo,1.0,True
EQUIPO071,buffer15,2023-12,C02,agente,1,equipo,1.0,True
EQUIPO071,buffer15,2023-12,C06,agente,1,equipo,1.0,False
EQUIPO071,buffer15,2023-12,C24,agente,7,equipo,1.0,True
EQUIPO071,buffer15,2023-12,C35,agente,4,equipo,1.0,True
EQUIPO071,buffer15,2023-12,D01,agente,2,equipo,1.0,False
EQUIPO071,buffer15,2024-09,C06,agente,1,equipo,1.0,False
EQUIPO071,buffer15,2024-09,C24,agente,2,equipo,1.0,True
EQUIPO071,buffer15,2024-09,D01,agente,1,equipo,1.0,False
EQUIPO071,buffer15,2024-09,D05,agente,1,equipo,1.0,True
EQUIPO071,buffer15,2025-03,C24,agente,1,equipo,2.0,True
EQUIPO071,buffer15,2025-05,C32,agente,1,equipo,2.0,True
EQUIPO071,buffer15,2025-06,D02,agente,1,equipo,2.0,True
EQUIPO071,buffer15,2025-07,C02,agente,1,equipo,2.0,True
EQUIPO071,buffer15,2025-09,C32,agente,2,equipo,2.0,True
EQUIPO071,buffer15,2025-09,C35,agente,2,equipo,2.0,True
EQUIPO071,buffer15,2025-09,D02,agente,1,equipo,2.0,True
EQUIPO071,buffer15,2025-12,C02,agente,1,equipo,3.0,True
EQUIPO071,buffer15,2026-01,D02,agente,1,equipo,3.0,True
EQUIPO071,estricto,2023-04,C24,agente,2,equipo,,True
EQUIPO071,estricto,2023-04,C35,agente,1,equipo,,True
EQUIPO071,estricto,2023-04,D01,agente,1,equipo,,False
EQUIPO071,estricto,2023-04,D02,agente,3,equipo,,True
EQUIPO071,estricto,2023-05,C02,agente,1,equipo,,True
EQUIPO071,estricto,2023-05,C24,agente,1,equipo,,True
EQUIPO071,estricto,2023-05,C35,agente,2,equipo,,True
EQUIPO071,estricto,2023-05,D01,agente,3,equipo,,False
EQUIPO071,estricto,2023-07,D02,agente,1,equipo,,True
EQUIPO071,estricto,2023-09,C02,agente,1,equipo,,True
EQUIPO071,estricto,2023-09,C14,agente,2,equipo,,False
EQUIPO071,estricto,2023-09,C35,agente,3,equipo,,True
EQUIPO071,estricto,2023-09,D02,agente,4,equipo,,True
EQUIPO071,estricto,2023-09,D07,agente,1,equipo,,False
EQUIPO071,estricto,2023-10,B02,agente,1,equipo,1.0,False
EQUIPO071,estricto,2023-10,D02,agente,1,equipo,1.0,True
EQUIPO071,estricto,2023-12,C06,agente,1,equipo,1.0,False
EQUIPO071,estricto,2023-12,C24,agente,7,equipo,1.0,True
EQUIPO071,estricto,2023-12,C35,agente,4,equipo,1.0,True
EQUIPO071,estricto,2023-12,D01,agente,2,equipo,1.0,False
EQUIPO071,estricto,2024-09,C06,agente,1,equipo,1.0,False
EQUIPO071,estricto,2024-09,C24,agente,2,equipo,1.0,True
EQUIPO071,estricto,2024-09,D01,agente,1,equipo,1.0,False
EQUIPO071,estricto,2024-09,D05,agente,1,equipo,1.0,True
EQUIPO071,estricto,2025-03,C24,agente,1,equipo,2.0,True
EQUIPO071,estricto,2025-05,C32,agente,1,equipo,2.0,True
EQUIPO071,estricto,2025-07,C02,agente,1,equipo,2.0,True
EQUIPO071,estricto,2025-09,C32,agente,2,equipo,2.0,True
EQUIPO071,estricto,2025-09,C35,agente,1,equipo,2.0,True
EQUIPO071,estricto,2025-09,D02,agente,1,equipo,2.0,True
EQUIPO071,estricto,2026-01,D02,agente,1,equipo,3.0,True
EQUIPO071,oficial,2023-04,C24,agente,2,equipo,,True
EQUIPO071,oficial,2023-04,C35,agente,1,equipo,,True
EQUIPO071,oficial,2023-04,D01,agente,1,equipo,,False
EQUIPO071,oficial,2023-04,D02,agente,3,equipo,,True
EQUIPO071,oficial,2023-05,C02,agente,1,equipo,,True
EQUIPO071,oficial,2023-05,C24,agente,1,equipo,,True
EQUIPO071,oficial,2023-05,C35,agente,2,equipo,,True
EQUIPO071,oficial,2023-05,D01,agente,3,equipo,,False
EQUIPO071,oficial,2023-07,D02,agente,1,equipo,,True
EQUIPO071,oficial,2023-09,C02,agente,1,equipo,,True
EQUIPO071,oficial,2023-09,C14,agente,2,equipo,,False
EQUIPO071,oficial,2023-09,C35,agente,3,equipo,,True
EQUIPO071,oficial,2023-09,D02,agente,4,equipo,,True
EQUIPO071,oficial,2023-09,D07,agente,1,equipo,,False
EQUIPO071,oficial,2023-10,B02,agente,1,equipo,1.0,False
EQUIPO071,oficial,2023-10,C24,agente,1,equipo,1.0,True
EQUIPO071,oficial,2023-10,D02,agente,1,equipo,1.0,True
EQUIPO071,oficial,2023-12,C02,agente,1,equipo,1.0,True
EQUIPO071,oficial,2023-12,C06,agente,1,equipo,1.0,False
EQUIPO071,oficial,2023-12,C24,agente,7,equipo,1.0,True
EQUIPO071,oficial,2023-12,C35,agente,4,equipo,1.0,True
EQUIPO071,oficial,2023-12,D01,agente,2,equipo,1.0,False
EQUIPO071,oficial,2024-09,C06,agente,1,equipo,1.0,False
EQUIPO071,oficial,2024-09,C24,agente,2,equipo,1.0,True
EQUIPO071,oficial,2024-09,D01,agente,1,equipo,1.0,False
EQUIPO071,oficial,2024-09,D05,agente,1,equipo,1.0,True
EQUIPO071,oficial,2025-03,C24,agente,1,equipo,2.0,True
EQUIPO071,oficial,2025-05,C32,agente,1,equipo,2.0,True
EQUIPO071,oficial,2025-06,D02,agente,1,equipo,2.0,True
EQUIPO071,oficial,2025-07,C02,agente,1,equipo,2.0,True
EQUIPO071,oficial,2025-09,C32,agente,2,equipo,2.0,True
EQUIPO071,oficial,2025-09,C35,agente,1,equipo,2.0,True
EQUIPO071,oficial,2025-09,D02,agente,1,equipo,2.0,True
EQUIPO071,oficial,2025-12,C02,agente,1,equipo,3.0,True
EQUIPO071,oficial,2026-01,D02,agente,1,equipo,3.0,True
EQUIPO021,buffer15,2023-08,Fallecidos,portal,1,equipo,,True
EQUIPO021,oficial,2023-08,Fallecidos,portal,1,equipo,,True
EQUIPO022,buffer15,2023-08,Fallecidos,portal,1,equipo,,True
EQUIPO022,oficial,2023-08,Fallecidos,portal,1,equipo,,True
EQUIPO031,buffer15,2024-01,Fallecidos,portal,1,equipo,1.0,True
EQUIPO031,buffer15,2025-06,Fallecidos,portal,1,equipo,2.0,True
EQUIPO031,buffer15,2026-06,Fallecidos,portal,0,equipo,3.0,True
EQUIPO031,estricto,2024-01,Fallecidos,portal,1,equipo,1.0,True
EQUIPO031,estricto,2026-06,Fallecidos,portal,0,equipo,3.0,True
EQUIPO031,oficial,2024-01,Fallecidos,portal,1,equipo,1.0,True
EQUIPO031,oficial,2025-06,Fallecidos,portal,1,equipo,2.0,True
EQUIPO031,oficial,2026-06,Fallecidos,portal,0,equipo,3.0,True
EQUIPO032,buffer15,2024-01,Fallecidos,portal,1,equipo,1.0,True
EQUIPO032,buffer15,2025-01,Fallecidos,portal,1,equipo,2.0,True
EQUIPO032,buffer15,2025-06,Fallecidos,portal,1,equipo,2.0,True
EQUIPO032,buffer15,2026-06,Fallecidos,portal,0,equipo,3.0,True
EQUIPO032,buffer15,2026-07,Fallecidos,portal,0,equipo,3.0,True
EQUIPO032,estricto,2024-01,Fallecidos,portal,1,equipo,1.0,True
EQUIPO032,estricto,2025-01,Fallecidos,portal,1,equipo,2.0,True
EQUIPO032,estricto,2025-06,Fallecidos,portal,1,equipo,2.0,True
EQUIPO032,estricto,2026-06,Fallecidos,portal,0,equipo,3.0,True
EQUIPO032,oficial,2024-01,Fallecidos,portal,1,equipo,1.0,True
EQUIPO032,oficial,2025-01,Fallecidos,portal,1,equipo,2.0,True
EQUIPO032,oficial,2025-06,Fallecidos,portal,1,equipo,2.0,True
EQUIPO032,oficial,2026-06,Fallecidos,portal,0,equipo,3.0,True
EQUIPO032,oficial,2026-07,Fallecidos,portal,0,equipo,3.0,True
EQUIPO041,buffer15,2026-08,Fallecidos,portal,0,equipo,,True
EQUIPO041,oficial,2026-08,Fallecidos,portal,0,equipo,,True
EQUIPO051,buffer15,2025-11,Fallecidos,portal,0,equipo,3.0,True
EQUIPO051,estricto,2025-11,Fallecidos,portal,0,equipo,3.0,True
EQUIPO051,oficial,2025-11,Fallecidos,portal,0,equipo,3.0,True
EQUIPO071,buffer15,2024-09,Fallecidos,portal,0,equipo,1.0,True
EQUIPO071,oficial,2024-09,Fallecidos,portal,0,equipo,1.0,True
EQUIPO021,buffer15,2023-08,Lesionados,portal,0,equipo,,True
EQUIPO021,oficial,2023-08,Lesionados,portal,0,equipo,,True
EQUIPO022,buffer15,2023-08,Lesionados,portal,0,equipo,,True
EQUIPO022,oficial,2023-08,Lesionados,portal,0,equipo,,True
EQUIPO031,buffer15,2024-01,Lesionados,portal,0,equipo,1.0,True
EQUIPO031,buffer15,2025-06,Lesionados,portal,1,equipo,2.0,True
EQUIPO031,buffer15,2026-06,Lesionados,portal,2,equipo,3.0,True
EQUIPO031,estricto,2024-01,Lesionados,portal,0,equipo,1.0,True
EQUIPO031,estricto,2026-06,Lesionados,portal,2,equipo,3.0,True
EQUIPO031,oficial,2024-01,Lesionados,portal,0,equipo,1.0,True
EQUIPO031,oficial,2025-06,Lesionados,portal,1,equipo,2.0,True
EQUIPO031,oficial,2026-06,Lesionados,portal,2,equipo,3.0,True
EQUIPO032,buffer15,2024-01,Lesionados,portal,0,equipo,1.0,True
EQUIPO032,buffer15,2025-01,Lesionados,portal,0,equipo,2.0,True
EQUIPO032,buffer15,2025-06,Lesionados,portal,1,equipo,2.0,True
EQUIPO032,buffer15,2026-06,Lesionados,portal,3,equipo,3.0,True
EQUIPO032,buffer15,2026-07,Lesionados,portal,1,equipo,3.0,True
EQUIPO032,estricto,2024-01,Lesionados,portal,0,equipo,1.0,True
EQUIPO032,estricto,2025-01,Lesionados,portal,0,equipo,2.0,True
EQUIPO032,estricto,2025-06,Lesionados,portal,1,equipo,2.0,True
EQUIPO032,estricto,2026-06,Lesionados,portal,2,equipo,3.0,True
EQUIPO032,oficial,2024-01,Lesionados,portal,0,equipo,1.0,True
EQUIPO032,oficial,2025-01,Lesionados,portal,0,equipo,2.0,True
EQUIPO032,oficial,2025-06,Lesionados,portal,1,equipo,2.0,True
EQUIPO032,oficial,2026-06,Lesionados,portal,3,equipo,3.0,True
EQUIPO032,oficial,2026-07,Lesionados,portal,1,equipo,3.0,True
EQUIPO041,buffer15,2026-08,Lesionados,portal,1,equipo,,True
EQUIPO041,oficial,2026-08,Lesionados,portal,1,equipo,,True
EQUIPO051,buffer15,2025-11,Lesionados,portal,3,equipo,3.0,True
EQUIPO051,estricto,2025-11,Lesionados,portal,3,equipo,3.0,True
EQUIPO051,oficial,2025-11,Lesionados,portal,3,equipo,3.0,True
EQUIPO071,buffer15,2024-09,Lesionados,portal,1,equipo,1.0,True
EQUIPO071,oficial,2024-09,Lesionados,portal,1,equipo,1.0,True
2,buffer15,2023-03,C24,agente,6,solicitud,,True
2,buffer15,2023-03,C35,agente,2,solicitud,,True
2,buffer15,2023-03,D03,agente,1,solicitud,,False
2,buffer15,2023-03,D04,agente,2,solicitud,,True
2,buffer15,2023-03,D05,agente,12,solicitud,,True
2,buffer15,2023-03,H03,agente,4,solicitud,,False
2,buffer15,2023-04,C31,agente,1,solicitud,,False
2,buffer15,2023-04,D05,agente,3,solicitud,,True
2,buffer15,2023-05,C24,agente,7,solicitud,,True
2,buffer15,2023-05,D02,agente,3,solicitud,,True
2,buffer15,2023-05,D05,agente,6,solicitud,,True
2,buffer15,2023-06,C02,agente,1,solicitud,,True
2,buffer15,2023-09,C35,agente,1,solicitud,1.0,True
2,buffer15,2024-03,B02,agente,1,solicitud,1.0,False
2,buffer15,2024-03,C35,agente,1,solicitud,1.0,True
2,buffer15,2024-04,C02,agente,1,solicitud,1.0,True
2,buffer15,2024-05,C02,agente,2,solicitud,1.0,True
2,buffer15,2024-07,C02,agente,1,solicitud,1.0,True
2,buffer15,2024-07,C03,agente,1,solicitud,1.0,True
2,buffer15,2024-07,C32,agente,1,solicitud,1.0,True
2,buffer15,2024-09,C14,agente,1,solicitud,2.0,False
2,buffer15,2024-09,C35,agente,1,solicitud,2.0,True
2,buffer15,2024-09,D02,agente,3,solicitud,2.0,True
2,buffer15,2024-09,D04,agente,4,solicitud,2.0,True
2,buffer15,2024-09,D05,agente,2,solicitud,2.0,True
2,buffer15,2024-11,D02,agente,1,solicitud,2.0,True
2,buffer15,2024-11,D05,agente,16,solicitud,2.0,True
2,buffer15,2024-12,C32,agente,1,solicitud,2.0,True
2,buffer15,2025-01,C14,agente,2,solicitud,2.0,False
2,buffer15,2025-01,D05,agente,2,solicitud,2.0,True
2,buffer15,2025-03,C02,fotodeteccion_previa,2,solicitud,2.0,True
2,buffer15,2025-03,C24,agente,1,solicitud,2.0,True
2,buffer15,2025-03,C35,fotodeteccion_previa,1,solicitud,2.0,True
2,buffer15,2025-04,A05,agente,2,solicitud,2.0,False
2,buffer15,2025-04,C02,agente,1,solicitud,2.0,True
2,buffer15,2025-04,C31,agente,6,solicitud,2.0,False
2,buffer15,2025-04,C32,agente,1,solicitud,2.0,True
2,buffer15,2025-04,D04,agente,7,solicitud,2.0,True
2,buffer15,2025-04,D05,agente,1,solicitud,2.0,True
2,buffer15,2025-08,C02,agente,1,solicitud,2.0,True
2,buffer15,2025-09,C02,agente,3,solicitud,3.0,True
2,buffer15,2025-09,C24,agente,1,solicitud,3.0,True
2,buffer15,2025-09,C35,agente,2,solicitud,3.0,True
2,buffer15,2025-09,D01,agente,2,solicitud,3.0,False
2,buffer15,2025-09,D02,agente,2,solicitud,3.0,True
2,buffer15,2025-09,D04,agente,4,solicitud,3.0,True
2,buffer15,2025-09,D05,agente,1,solicitud,3.0,True
2,buffer15,2025-11,C02,agente,1,solicitud,3.0,True
2,buffer15,2026-01,C14,agente,1,solicitud,3.0,False
2,buffer15,2026-02,C35,agente,1,solicitud,3.0,True
2,buffer15,2026-02,D04,agente,1,solicitud,3.0,True
2,buffer15,2026-02,D05,agente,1,solicitud,3.0,True
2,buffer15,2026-03,C02,agente,1,solicitud,3.0,True
2,buffer15,2026-05,C35,agente,1,solicitud,3.0,True
2,buffer15,2026-05,D02,agente,1,solicitud,3.0,True
2,buffer15,2026-05,D04,agente,2,solicitud,3.0,True
2,buffer15,2026-06,D04,agente,3,solicitud,3.0,True
2,buffer15,2026-08,F,agente,1,solicitud,3.0,False
2,buffer15,2026-09,D04,sast,1268,solicitud,,True
2,estricto,2023-03,C24,agente,4,solicitud,,True
2,estricto,2023-03,C35,agente,2,solicitud,,True
2,estricto,2023-03,D03,agente,1,solicitud,,False
2,estricto,2023-03,D04,agente,2,solicitud,,True
2,estricto,2023-03,D05,agente,12,solicitud,,True
2,estricto,2023-03,H03,agente,1,solicitud,,False
2,estricto,2023-04,C31,agente,1,solicitud,,False
2,estricto,2023-04,D05,agente,3,solicitud,,True
2,estricto,2023-05,C24,agente,7,solicitud,,True
2,estricto,2023-05,D02,agente,3,solicitud,,True
2,estricto,2023-05,D05,agente,6,solicitud,,True
2,estricto,2023-06,C02,agente,1,solicitud,,True
2,estricto,2023-09,C35,agente,1,solicitud,1.0,True
2,estricto,2024-03,B02,agente,1,solicitud,1.0,False
2,estricto,2024-03,C35,agente,1,solicitud,1.0,True
2,estricto,2024-04,C02,agente,1,solicitud,1.0,True
2,estricto,2024-05,C02,agente,2,solicitud,1.0,True
2,estricto,2024-07,C02,agente,1,solicitud,1.0,True
2,estricto,2024-07,C03,agente,1,solicitud,1.0,True
2,estricto,2024-07,C32,agente,1,solicitud,1.0,True
2,estricto,2024-09,C14,agente,1,solicitud,2.0,False
2,estricto,2024-09,C35,agente,1,solicitud,2.0,True
2,estricto,2024-09,D02,agente,3,solicitud,2.0,True
2,estricto,2024-09,D04,agente,4,solicitud,2.0,True
2,estricto,2024-09,D05,agente,2,solicitud,2.0,True
2,estricto,2024-11,D02,agente,1,solicitud,2.0,True
2,estricto,2024-11,D05,agente,16,solicitud,2.0,True
2,estricto,2024-12,C32,agente,1,solicitud,2.0,True
2,estricto,2025-01,C14,agente,2,solicitud,2.0,False
2,estricto,2025-01,D05,agente,2,solicitud,2.0,True
2,estricto,2025-03,C02,fotodeteccion_previa,2,solicitud,2.0,True
2,estricto,2025-03,C24,agente,1,solicitud,2.0,True
2,estricto,2025-03,C35,fotodeteccion_previa,1,solicitud,2.0,True
2,estricto,2025-04,A05,agente,2,solicitud,2.0,False
2,estricto,2025-04,C31,agente,6,solicitud,2.0,False
2,estricto,2025-04,C32,agente,1,solicitud,2.0,True
2,estricto,2025-04,D04,agente,7,solicitud,2.0,True
2,estricto,2025-04,D05,agente,1,solicitud,2.0,True
2,estricto,2025-08,C02,agente,1,solicitud,2.0,True
2,estricto,2025-09,C02,agente,1,solicitud,3.0,True
2,estricto,2025-09,C24,agente,1,solicitud,3.0,True
2,estricto,2025-09,C35,agente,2,solicitud,3.0,True
2,estricto,2025-09,D01,agente,2,solicitud,3.0,False
2,estricto,2025-09,D02,agente,1,solicitud,3.0,True
2,estricto,2025-09,D04,agente,4,solicitud,3.0,True
2,estricto,2025-09,D05,agente,1,solicitud,3.0,True
2,estricto,2025-11,C02,agente,1,solicitud,3.0,True
2,estricto,2026-01,C14,agente,1,solicitud,3.0,False
2,estricto,2026-02,C35,agente,1,solicitud,3.0,True
2,estricto,2026-02,D04,agente,1,solicitud,3.0,True
2,estricto,2026-02,D05,agente,1,solicitud,3.0,True
2,estricto,2026-03,C02,agente,1,solicitud,3.0,True
2,estricto,2026-05,C35,agente,1,solicitud,3.0,True
2,estricto,2026-05,D02,agente,1,solicitud,3.0,True
2,estricto,2026-05,D04,agente,2,solicitud,3.0,True
2,estricto,2026-06,D04,agente,3,solicitud,3.0,True
2,estricto,2026-08,F,agente,1,solicitud,3.0,False
2,estricto,2026-09,D04,sast,1268,solicitud,,True
2,oficial,2023-03,C24,agente,6,solicitud,,True
2,oficial,2023-03,C35,agente,2,solicitud,,True
2,oficial,2023-03,D03,agente,1,solicitud,,False
2,oficial,2023-03,D04,agente,2,solicitud,,True
2,oficial,2023-03,D05,agente,12,solicitud,,True
2,oficial,2023-03,H03,agente,4,solicitud,,False
2,oficial,2023-04,C31,agente,1,solicitud,,False
2,oficial,2023-04,D05,agente,3,solicitud,,True
2,oficial,2023-05,C24,agente,7,solicitud,,True
2,oficial,2023-05,D02,agente,3,solicitud,,True
2,oficial,2023-05,D05,agente,6,solicitud,,True
2,oficial,2023-06,C02,agente,1,solicitud,,True
2,oficial,2023-09,C35,agente,1,solicitud,1.0,True
2,oficial,2024-03,B02,agente,1,solicitud,1.0,False
2,oficial,2024-03,C35,agente,1,solicitud,1.0,True
2,oficial,2024-04,C02,agente,1,solicitud,1.0,True
2,oficial,2024-05,C02,agente,2,solicitud,1.0,True
2,oficial,2024-07,C02,agente,1,solicitud,1.0,True
2,oficial,2024-07,C03,agente,1,solicitud,1.0,True
2,oficial,2024-07,C32,agente,1,solicitud,1.0,True
2,oficial,2024-09,C14,agente,1,solicitud,2.0,False
2,oficial,2024-09,C35,agente,1,solicitud,2.0,True
2,oficial,2024-09,D02,agente,3,solicitud,2.0,True
2,oficial,2024-09,D04,agente,4,solicitud,2.0,True
2,oficial,2024-09,D05,agente,2,solicitud,2.0,True
2,oficial,2024-11,D02,agente,1,solicitud,2.0,True
2,oficial,2024-11,D05,agente,16,solicitud,2.0,True
2,oficial,2024-12,C32,agente,1,solicitud,2.0,True
2,oficial,2025-01,C14,agente,2,solicitud,2.0,False
2,oficial,2025-01,D05,agente,2,solicitud,2.0,True
2,oficial,2025-03,C02,fotodeteccion_previa,2,solicitud,2.0,True
2,oficial,2025-03,C24,agente,1,solicitud,2.0,True
2,oficial,2025-03,C35,fotodeteccion_previa,1,solicitud,2.0,True
2,oficial,2025-04,A05,agente,2,solicitud,2.0,False
2,oficial,2025-04,C31,agente,6,solicitud,2.0,False
2,oficial,2025-04,C32,agente,1,solicitud,2.0,True
2,oficial,2025-04,D04,agente,7,solicitud,2.0,True
2,oficial,2025-04,D05,agente,1,solicitud,2.0,True
2,oficial,2025-08,C02,agente,1,solicitud,2.0,True
2,oficial,2025-09,C02,agente,3,solicitud,3.0,True
2,oficial,2025-09,C24,agente,1,solicitud,3.0,True
2,oficial,2025-09,C35,agente,2,solicitud,3.0,True
2,oficial,2025-09,D01,agente,2,solicitud,3.0,False
2,oficial,2025-09,D02,agente,2,solicitud,3.0,True
2,oficial,2025-09,D04,agente,4,solicitud,3.0,True
2,oficial,2025-09,D05,agente,1,solicitud,3.0,True
2,oficial,2025-11,C02,agente,1,solicitud,3.0,True
2,oficial,2026-01,C14,agente,1,solicitud,3.0,False
2,oficial,2026-02,C35,agente,1,solicitud,3.0,True
2,oficial,2026-02,D04,agente,1,solicitud,3.0,True
2,oficial,2026-02,D05,agente,1,solicitud,3.0,True
2,oficial,2026-03,C02,agente,1,solicitud,3.0,True
2,oficial,2026-05,C35,agente,1,solicitud,3.0,True
2,oficial,2026-05,D02,agente,1,solicitud,3.0,True
2,oficial,2026-05,D04,agente,2,solicitud,3.0,True
2,oficial,2026-06,D04,agente,3,solicitud,3.0,True
2,oficial,2026-08,F,agente,1,solicitud,3.0,False
2,oficial,2026-09,D04,sast,1268,solicitud,,True
3,buffer15,2023-03,C02,agente,5,solicitud,,True
3,buffer15,2023-04,C02,agente,4,solicitud,,True
3,buffer15,2023-04,C03,agente,1,solicitud,,True
3,buffer15,2023-05,C02,agente,1,solicitud,,True
3,buffer15,2023-05,C31,agente,1,solicitud,,False
3,buffer15,2023-06,A01,agente,1,solicitud,,False
3,buffer15,2023-06,C02,agente,7,solicitud,,True
3,buffer15,2023-06,C03,agente,1,solicitud,,True
3,buffer15,2023-06,D02,agente,3,solicitud,,True
3,buffer15,2023-07,C02,agente,2,solicitud,,True
3,buffer15,2023-08,C02,agente,4,solicitud,1.0,True
3,buffer15,2023-08,C24,agente,1,solicitud,1.0,True
3,buffer15,2023-08,C35,agente,6,solicitud,1.0,True
3,buffer15,2023-08,D02,agente,7,solicitud,1.0,True
3,buffer15,2023-09,C02,agente,8,solicitud,1.0,True
3,buffer15,2023-09,C24,agente,1,solicitud,1.0,True
3,buffer15,2023-09,C31,agente,1,solicitud,1.0,False
3,buffer15,2023-09,C35,agente,1,solicitud,1.0,True
3,buffer15,2023-09,D03,agente,1,solicitud,1.0,False
3,buffer15,2023-09,D04,agente,2,solicitud,1.0,True
3,buffer15,2023-09,H02,agente,1,solicitud,1.0,False
3,buffer15,2023-11,C02,agente,1,solicitud,1.0,True
3,buffer15,2023-12,C02,agente,1,solicitud,1.0,True
3,buffer15,2024-02,C02,agente,1,solicitud,1.0,True
3,buffer15,2024-03,C02,fotodeteccion_previa,3,solicitud,1.0,True
3,buffer15,2024-03,C24,agente,5,solicitud,1.0,True
3,buffer15,2024-03,D02,agente,1,solicitud,1.0,True
3,buffer15,2024-04,C02,agente,8,solicitud,1.0,True
3,buffer15,2024-04,C02,fotodeteccion_previa,5,solicitud,1.0,True
3,buffer15,2024-04,C11,agente,1,solicitud,1.0,False
3,buffer15,2024-04,C14,agente,1,solicitud,1.0,False
3,buffer15,2024-04,C24,agente,8,solicitud,1.0,True
3,buffer15,2024-04,C35,agente,3,solicitud,1.0,True
3,buffer15,2024-05,C02,agente,17,solicitud,1.0,True
3,buffer15,2024-05,C02,fotodeteccion_previa,10,solicitud,1.0,True
3,buffer15,2024-05,C14,agente,2,solicitud,1.0,False
3,buffer15,2024-05,D02,fotodeteccion_previa,2,solicitud,1.0,True
3,buffer15,2024-05,D05,agente,2,solicitud,1.0,True
3,buffer15,2024-06,C02,agente,7,solicitud,1.0,True
3,buffer15,2024-06,C02,fotodeteccion_previa,15,solicitud,1.0,True
3,buffer15,2024-06,C14,agente,1,solicitud,1.0,False
3,buffer15,2024-06,C35,fotodeteccion_previa,2,solicitud,1.0,True
3,buffer15,2024-06,D02,fotodeteccion_previa,3,solicitud,1.0,True
3,buffer15,2024-06,D03,agente,1,solicitud,1.0,False
3,buffer15,2024-06,D04,agente,1,solicitud,1.0,True
3,buffer15,2024-07,C02,agente,2,solicitud,1.0,True
3,buffer15,2024-07,C02,fotodeteccion_previa,7,solicitud,1.0,True
3,buffer15,2024-07,C32,agente,2,solicitud,1.0,True
3,buffer15,2024-07,D02,fotodeteccion_previa,1,solicitud,1.0,True
3,buffer15,2024-07,D03,agente,1,solicitud,1.0,False
3,buffer15,2024-07,D05,agente,2,solicitud,1.0,True
3,buffer15,2024-08,C02,fotodeteccion_previa,6,solicitud,2.0,True
3,buffer15,2024-09,C02,fotodeteccion_previa,7,solicitud,2.0,True
3,buffer15,2024-09,C24,agente,3,solicitud,2.0,True
3,buffer15,2024-09,D02,agente,3,solicitud,2.0,True
3,buffer15,2024-09,D02,fotodeteccion_previa,1,solicitud,2.0,True
3,buffer15,2024-09,D04,agente,1,solicitud,2.0,True
3,buffer15,2024-10,B02,agente,1,solicitud,2.0,False
3,buffer15,2024-10,C02,agente,2,solicitud,2.0,True
3,buffer15,2024-10,C02,fotodeteccion_previa,13,solicitud,2.0,True
3,buffer15,2024-10,C35,fotodeteccion_previa,1,solicitud,2.0,True
3,buffer15,2024-10,D03,agente,1,solicitud,2.0,False
3,buffer15,2024-11,C02,agente,1,solicitud,2.0,True
3,buffer15,2024-11,C02,fotodeteccion_previa,10,solicitud,2.0,True
3,buffer15,2024-11,C35,agente,2,solicitud,2.0,True
3,buffer15,2024-11,D02,agente,2,solicitud,2.0,True
3,buffer15,2024-12,C02,fotodeteccion_previa,29,solicitud,2.0,True
3,buffer15,2024-12,C35,fotodeteccion_previa,2,solicitud,2.0,True
3,buffer15,2024-12,D02,fotodeteccion_previa,3,solicitud,2.0,True
3,buffer15,2025-01,C02,agente,4,solicitud,2.0,True
3,buffer15,2025-01,C02,fotodeteccion_previa,60,solicitud,2.0,True
3,buffer15,2025-01,C35,fotodeteccion_previa,4,solicitud,2.0,True
3,buffer15,2025-01,D02,fotodeteccion_previa,3,solicitud,2.0,True
3,buffer15,2025-02,C02,fotodeteccion_previa,40,solicitud,2.0,True
3,buffer15,2025-02,C35,fotodeteccion_previa,3,solicitud,2.0,True
3,buffer15,2025-02,D02,fotodeteccion_previa,2,solicitud,2.0,True
3,buffer15,2025-03,C02,agente,4,solicitud,2.0,True
3,buffer15,2025-03,C02,fotodeteccion_previa,14,solicitud,2.0,True
3,buffer15,2025-03,C35,fotodeteccion_previa,2,solicitud,2.0,True
3,buffer15,2025-04,C02,agente,3,solicitud,2.0,True
3,buffer15,2025-04,C02,fotodeteccion_previa,10,solicitud,2.0,True
3,buffer15,2025-04,C35,fotodeteccion_previa,1,solicitud,2.0,True
3,buffer15,2025-04,D02,agente,1,solicitud,2.0,True
3,buffer15,2025-04,D02,fotodeteccion_previa,1,solicitud,2.0,True
3,buffer15,2025-04,D03,agente,1,solicitud,2.0,False
3,buffer15,2025-05,C02,agente,2,solicitud,2.0,True
3,buffer15,2025-05,C02,fotodeteccion_previa,17,solicitud,2.0,True
3,buffer15,2025-05,C32,agente,1,solicitud,2.0,True
3,buffer15,2025-05,C35,fotodeteccion_previa,1,solicitud,2.0,True
3,buffer15,2025-05,D02,fotodeteccion_previa,1,solicitud,2.0,True
3,buffer15,2025-06,C02,agente,1,solicitud,2.0,True
3,buffer15,2025-06,C02,fotodeteccion_previa,9,solicitud,2.0,True
3,buffer15,2025-07,C02,fotodeteccion_previa,23,solicitud,2.0,True
3,buffer15,2025-07,C35,fotodeteccion_previa,1,solicitud,2.0,True
3,buffer15,2025-08,C02,fotodeteccion_previa,21,solicitud,3.0,True
3,buffer15,2025-08,C35,fotodeteccion_previa,1,solicitud,3.0,True
3,buffer15,2025-08,D02,fotodeteccion_previa,1,solicitud,3.0,True
3,buffer15,2025-09,C02,fotodeteccion_previa,24,solicitud,3.0,True
3,buffer15,2025-09,D02,fotodeteccion_previa,1,solicitud,3.0,True
3,buffer15,2025-10,C02,agente,3,solicitud,3.0,True
3,buffer15,2025-10,C02,fotodeteccion_previa,15,solicitud,3.0,True
3,buffer15,2025-10,C24,agente,1,solicitud,3.0,True
3,buffer15,2025-10,D02,agente,1,solicitud,3.0,True
3,buffer15,2025-11,C02,fotodeteccion_previa,26,solicitud,3.0,True
3,buffer15,2025-11,C35,fotodeteccion_previa,2,solicitud,3.0,True
3,buffer15,2025-11,D02,fotodeteccion_previa,2,solicitud,3.0,True
3,buffer15,2025-12,C02,fotodeteccion_previa,16,solicitud,3.0,True
3,buffer15,2025-12,C35,fotodeteccion_previa,1,solicitud,3.0,True
3,buffer15,2025-12,D03,agente,1,solicitud,3.0,False
3,buffer15,2026-01,C02,fotodeteccion_previa,17,solicitud,3.0,True
3,buffer15,2026-01,D02,fotodeteccion_previa,1,solicitud,3.0,True
3,buffer15,2026-02,C02,agente,2,solicitud,3.0,True
3,buffer15,2026-02,C02,fotodeteccion_previa,18,solicitud,3.0,True
3,buffer15,2026-02,C14,agente,1,solicitud,3.0,False
3,buffer15,2026-02,C24,agente,1,solicitud,3.0,True
3,buffer15,2026-02,D01,agente,1,solicitud,3.0,False
3,buffer15,2026-03,C02,fotodeteccion_previa,17,solicitud,3.0,True
3,buffer15,2026-03,D02,fotodeteccion_previa,1,solicitud,3.0,True
3,buffer15,2026-04,C02,fotodeteccion_previa,7,solicitud,3.0,True
3,buffer15,2026-04,C35,fotodeteccion_previa,1,solicitud,3.0,True
3,buffer15,2026-05,C02,agente,3,solicitud,3.0,True
3,buffer15,2026-05,C02,fotodeteccion_previa,5,solicitud,3.0,True
3,buffer15,2026-05,D02,fotodeteccion_previa,1,solicitud,3.0,True
3,buffer15,2026-06,C02,fotodeteccion_previa,6,solicitud,3.0,True
3,buffer15,2026-07,C02,agente,2,solicitud,3.0,True
3,buffer15,2026-07,C02,fotodeteccion_previa,5,solicitud,3.0,True
3,buffer15,2026-07,C31,agente,1,solicitud,3.0,False
3,buffer15,2026-08,C02,agente,1,solicitud,,True
3,buffer15,2026-08,C02,fotodeteccion_previa,5,solicitud,,True
3,buffer15,2026-08,C35,fotodeteccion_previa,1,solicitud,,True
3,buffer15,2026-08,D02,fotodeteccion_previa,1,solicitud,,True
3,buffer15,2026-09,C02,agente,1,solicitud,,True
3,buffer15,2026-09,C02,fotodeteccion_previa,10,solicitud,,True
3,buffer15,2026-09,C35,fotodeteccion_previa,2,solicitud,,True
3,buffer15,2026-09,D04,sast,1114,solicitud,,True
3,buffer15,2026-09,H03,sast,83,solicitud,,False
3,estricto,2023-03,C02,agente,2,solicitud,,True
3,estricto,2023-04,C02,agente,4,solicitud,,True
3,estricto,2023-05,C31,agente,1,solicitud,,False
3,estricto,2023-06,A01,agente,1,solicitud,,False
3,estricto,2023-06,C02,agente,4,solicitud,,True
3,estricto,2023-06,C03,agente,1,solicitud,,True
3,estricto,2023-06,D02,agente,3,solicitud,,True
3,estricto,2023-08,C02,agente,1,solicitud,1.0,True
3,estricto,2023-08,C24,agente,1,solicitud,1.0,True
3,estricto,2023-08,C35,agente,5,solicitud,1.0,True
3,estricto,2023-08,D02,agente,6,solicitud,1.0,True
3,estricto,2023-09,C02,agente,2,solicitud,1.0,True
3,estricto,2023-09,D03,agente,1,solicitud,1.0,False
3,estricto,2023-09,D04,agente,2,solicitud,1.0,True
3,estricto,2023-12,C02,agente,1,solicitud,1.0,True
3,estricto,2024-02,C02,agente,1,solicitud,1.0,True
3,estricto,2024-03,C02,fotodeteccion_previa,3,solicitud,1.0,True
3,estricto,2024-03,C24,agente,5,solicitud,1.0,True
3,estricto,2024-03,D02,agente,1,solicitud,1.0,True
3,estricto,2024-04,C02,agente,7,solicitud,1.0,True
3,estricto,2024-04,C02,fotodeteccion_previa,5,solicitud,1.0,True
3,estricto,2024-04,C11,agente,1,solicitud,1.0,False
3,estricto,2024-04,C24,agente,8,solicitud,1.0,True
3,estricto,2024-04,C35,agente,2,solicitud,1.0,True
3,estricto,2024-05,C02,agente,10,solicitud,1.0,True
3,estricto,2024-05,C02,fotodeteccion_previa,10,solicitud,1.0,True
3,estricto,2024-05,C14,agente,1,solicitud,1.0,False
3,estricto,2024-05,D02,fotodeteccion_previa,2,solicitud,1.0,True
3,estricto,2024-06,C02,agente,6,solicitud,1.0,True
3,estricto,2024-06,C02,fotodeteccion_previa,15,solicitud,1.0,True
3,estricto,2024-06,C14,agente,1,solicitud,1.0,False
3,estricto,2024-06,C35,fotodeteccion_previa,2,solicitud,1.0,True
3,estricto,2024-06,D02,fotodeteccion_previa,3,solicitud,1.0,True
3,estricto,2024-07,C02,agente,2,solicitud,1.0,True
3,estricto,2024-07,C02,fotodeteccion_previa,7,solicitud,1.0,True
3,estricto,2024-07,C32,agente,2,solicitud,1.0,True
3,estricto,2024-07,D02,fotodeteccion_previa,1,solicitud,1.0,True
3,estricto,2024-07,D03,agente,1,solicitud,1.0,False
3,estricto,2024-07,D05,agente,2,solicitud,1.0,True
3,estricto,2024-08,C02,fotodeteccion_previa,6,solicitud,2.0,True
3,estricto,2024-09,C02,fotodeteccion_previa,5,solicitud,2.0,True
3,estricto,2024-09,C24,agente,3,solicitud,2.0,True
3,estricto,2024-09,D02,agente,3,solicitud,2.0,True
3,estricto,2024-09,D02,fotodeteccion_previa,1,solicitud,2.0,True
3,estricto,2024-09,D04,agente,1,solicitud,2.0,True
3,estricto,2024-10,B02,agente,1,solicitud,2.0,False
3,estricto,2024-10,C02,agente,2,solicitud,2.0,True
3,estricto,2024-10,C02,fotodeteccion_previa,11,solicitud,2.0,True
3,estricto,2024-11,C02,agente,1,solicitud,2.0,True
3,estricto,2024-11,C02,fotodeteccion_previa,8,solicitud,2.0,True
3,estricto,2024-11,C35,agente,2,solicitud,2.0,True
3,estricto,2024-11,D02,agente,2,solicitud,2.0,True
3,estricto,2024-12,C02,fotodeteccion_previa,20,solicitud,2.0,True
3,estricto,2024-12,C35,fotodeteccion_previa,2,solicitud,2.0,True
3,estricto,2024-12,D02,fotodeteccion_previa,3,solicitud,2.0,True
3,estricto,2025-01,C02,agente,3,solicitud,2.0,True
3,estricto,2025-01,C02,fotodeteccion_previa,53,solicitud,2.0,True
3,estricto,2025-01,C35,fotodeteccion_previa,4,solicitud,2.0,True
3,estricto,2025-01,D02,fotodeteccion_previa,3,solicitud,2.0,True
3,estricto,2025-02,C02,fotodeteccion_previa,26,solicitud,2.0,True
3,estricto,2025-02,C35,fotodeteccion_previa,1,solicitud,2.0,True
3,estricto,2025-02,D02,fotodeteccion_previa,2,solicitud,2.0,True
3,estricto,2025-03,C02,agente,4,solicitud,2.0,True
3,estricto,2025-03,C02,fotodeteccion_previa,14,solicitud,2.0,True
3,estricto,2025-03,C35,fotodeteccion_previa,2,solicitud,2.0,True
3,estricto,2025-04,C02,agente,1,solicitud,2.0,True
3,estricto,2025-04,C02,fotodeteccion_previa,10,solicitud,2.0,True
3,estricto,2025-04,C35,fotodeteccion_previa,1,solicitud,2.0,True
3,estricto,2025-04,D02,agente,1,solicitud,2.0,True
3,estricto,2025-04,D02,fotodeteccion_previa,1,solicitud,2.0,True
3,estricto,2025-04,D03,agente,1,solicitud,2.0,False
3,estricto,2025-05,C02,agente,1,solicitud,2.0,True
3,estricto,2025-05,C02,fotodeteccion_previa,17,solicitud,2.0,True
3,estricto,2025-05,C32,agente,1,solicitud,2.0,True
3,estricto,2025-05,C35,fotodeteccion_previa,1,solicitud,2.0,True
3,estricto,2025-05,D02,fotodeteccion_previa,1,solicitud,2.0,True
3,estricto,2025-06,C02,agente,1,solicitud,2.0,True
3,estricto,2025-06,C02,fotodeteccion_previa,9,solicitud,2.0,True
3,estricto,2025-07,C02,fotodeteccion_previa,23,solicitud,2.0,True
3,estricto,2025-07,C35,fotodeteccion_previa,1,solicitud,2.0,True
3,estricto,2025-08,C02,fotodeteccion_previa,21,solicitud,3.0,True
3,estricto,2025-08,C35,fotodeteccion_previa,1,solicitud,3.0,True
3,estricto,2025-08,D02,fotodeteccion_previa,1,solicitud,3.0,True
3,estricto,2025-09,C02,fotodeteccion_previa,24,solicitud,3.0,True
3,estricto,2025-09,D02,fotodeteccion_previa,1,solicitud,3.0,True
3,estricto,2025-10,C02,agente,3,solicitud,3.0,True
3,estricto,2025-10,C02,fotodeteccion_previa,15,solicitud,3.0,True
3,estricto,2025-10,C24,agente,1,solicitud,3.0,True
3,estricto,2025-10,D02,agente,1,solicitud,3.0,True
3,estricto,2025-11,C02,fotodeteccion_previa,26,solicitud,3.0,True
3,estricto,2025-11,C35,fotodeteccion_previa,2,solicitud,3.0,True
3,estricto,2025-11,D02,fotodeteccion_previa,2,solicitud,3.0,True
3,estricto,2025-12,C02,fotodeteccion_previa,16,solicitud,3.0,True
3,estricto,2025-12,C35,fotodeteccion_previa,1,solicitud,3.0,True
3,estricto,2025-12,D03,agente,1,solicitud,3.0,False
3,estricto,2026-01,C02,fotodeteccion_previa,17,solicitud,3.0,True
3,estricto,2026-01,D02,fotodeteccion_previa,1,solicitud,3.0,True
3,estricto,2026-02,C02,agente,2,solicitud,3.0,True
3,estricto,2026-02,C02,fotodeteccion_previa,18,solicitud,3.0,True
3,estricto,2026-02,C14,agente,1,solicitud,3.0,False
3,estricto,2026-02,C24,agente,1,solicitud,3.0,True
3,estricto,2026-02,D01,agente,1,solicitud,3.0,False
3,estricto,2026-03,C02,fotodeteccion_previa,17,solicitud,3.0,True
3,estricto,2026-03,D02,fotodeteccion_previa,1,solicitud,3.0,True
3,estricto,2026-04,C02,fotodeteccion_previa,7,solicitud,3.0,True
3,estricto,2026-04,C35,fotodeteccion_previa,1,solicitud,3.0,True
3,estricto,2026-05,C02,agente,2,solicitud,3.0,True
3,estricto,2026-05,C02,fotodeteccion_previa,5,solicitud,3.0,True
3,estricto,2026-05,D02,fotodeteccion_previa,1,solicitud,3.0,True
3,estricto,2026-06,C02,fotodeteccion_previa,6,solicitud,3.0,True
3,estricto,2026-07,C02,fotodeteccion_previa,5,solicitud,3.0,True
3,estricto,2026-07,C31,agente,1,solicitud,3.0,False
3,estricto,2026-08,C02,fotodeteccion_previa,5,solicitud,,True
3,estricto,2026-08,C35,fotodeteccion_previa,1,solicitud,,True
3,estricto,2026-08,D02,fotodeteccion_previa,1,solicitud,,True
3,estricto,2026-09,C02,agente,1,solicitud,,True
3,estricto,2026-09,C02,fotodeteccion_previa,10,solicitud,,True
3,estricto,2026-09,C35,fotodeteccion_previa,2,solicitud,,True
3,estricto,2026-09,D04,sast,1114,solicitud,,True
3,estricto,2026-09,H03,sast,83,solicitud,,False
3,oficial,2023-03,C02,agente,3,solicitud,,True
3,oficial,2023-04,C02,agente,4,solicitud,,True
3,oficial,2023-04,C03,agente,1,solicitud,,True
3,oficial,2023-05,C31,agente,1,solicitud,,False
3,oficial,2023-06,A01,agente,1,solicitud,,False
3,oficial,2023-06,C02,agente,4,solicitud,,True
3,oficial,2023-06,C03,agente,1,solicitud,,True
3,oficial,2023-06,D02,agente,3,solicitud,,True
3,oficial,2023-08,C02,agente,1,solicitud,1.0,True
3,oficial,2023-08,C24,agente,1,solicitud,1.0,True
3,oficial,2023-08,C35,agente,6,solicitud,1.0,True
3,oficial,2023-08,D02,agente,6,solicitud,1.0,True
3,oficial,2023-09,C02,agente,2,solicitud,1.0,True
3,oficial,2023-09,D03,agente,1,solicitud,1.0,False
3,oficial,2023-09,D04,agente,2,solicitud,1.0,True
3,oficial,2023-12,C02,agente,1,solicitud,1.0,True
3,oficial,2024-02,C02,agente,1,solicitud,1.0,True
3,oficial,2024-03,C02,fotodeteccion_previa,3,solicitud,1.0,True
3,oficial,2024-03,C24,agente,5,solicitud,1.0,True
3,oficial,2024-03,D02,agente,1,solicitud,1.0,True
3,oficial,2024-04,C02,agente,7,solicitud,1.0,True
3,oficial,2024-04,C02,fotodeteccion_previa,5,solicitud,1.0,True
3,oficial,2024-04,C11,agente,1,solicitud,1.0,False
3,oficial,2024-04,C24,agente,8,solicitud,1.0,True
3,oficial,2024-04,C35,agente,2,solicitud,1.0,True
3,oficial,2024-05,C02,agente,11,solicitud,1.0,True
3,oficial,2024-05,C02,fotodeteccion_previa,10,solicitud,1.0,True
3,oficial,2024-05,C14,agente,2,solicitud,1.0,False
3,oficial,2024-05,D02,fotodeteccion_previa,2,solicitud,1.0,True
3,oficial,2024-05,D05,agente,2,solicitud,1.0,True
3,oficial,2024-06,C02,agente,6,solicitud,1.0,True
3,oficial,2024-06,C02,fotodeteccion_previa,15,solicitud,1.0,True
3,oficial,2024-06,C14,agente,1,solicitud,1.0,False
3,oficial,2024-06,C35,fotodeteccion_previa,2,solicitud,1.0,True
3,oficial,2024-06,D02,fotodeteccion_previa,3,solicitud,1.0,True
3,oficial,2024-06,D03,agente,1,solicitud,1.0,False
3,oficial,2024-06,D04,agente,1,solicitud,1.0,True
3,oficial,2024-07,C02,agente,2,solicitud,1.0,True
3,oficial,2024-07,C02,fotodeteccion_previa,7,solicitud,1.0,True
3,oficial,2024-07,C32,agente,2,solicitud,1.0,True
3,oficial,2024-07,D02,fotodeteccion_previa,1,solicitud,1.0,True
3,oficial,2024-07,D03,agente,1,solicitud,1.0,False
3,oficial,2024-07,D05,agente,2,solicitud,1.0,True
3,oficial,2024-08,C02,fotodeteccion_previa,6,solicitud,2.0,True
3,oficial,2024-09,C02,fotodeteccion_previa,5,solicitud,2.0,True
3,oficial,2024-09,C24,agente,3,solicitud,2.0,True
3,oficial,2024-09,D02,agente,3,solicitud,2.0,True
3,oficial,2024-09,D02,fotodeteccion_previa,1,solicitud,2.0,True
3,oficial,2024-09,D04,agente,1,solicitud,2.0,True
3,oficial,2024-10,B02,agente,1,solicitud,2.0,False
3,oficial,2024-10,C02,agente,2,solicitud,2.0,True
3,oficial,2024-10,C02,fotodeteccion_previa,11,solicitud,2.0,True
3,oficial,2024-10,D03,agente,1,solicitud,2.0,False
3,oficial,2024-11,C02,agente,1,solicitud,2.0,True
3,oficial,2024-11,C02,fotodeteccion_previa,8,solicitud,2.0,True
3,oficial,2024-11,C35,agente,2,solicitud,2.0,True
3,oficial,2024-11,D02,agente,2,solicitud,2.0,True
3,oficial,2024-12,C02,fotodeteccion_previa,20,solicitud,2.0,True
3,oficial,2024-12,C35,fotodeteccion_previa,2,solicitud,2.0,True
3,oficial,2024-12,D02,fotodeteccion_previa,3,solicitud,2.0,True
3,oficial,2025-01,C02,agente,3,solicitud,2.0,True
3,oficial,2025-01,C02,fotodeteccion_previa,53,solicitud,2.0,True
3,oficial,2025-01,C35,fotodeteccion_previa,4,solicitud,2.0,True
3,oficial,2025-01,D02,fotodeteccion_previa,3,solicitud,2.0,True
3,oficial,2025-02,C02,fotodeteccion_previa,26,solicitud,2.0,True
3,oficial,2025-02,C35,fotodeteccion_previa,1,solicitud,2.0,True
3,oficial,2025-02,D02,fotodeteccion_previa,2,solicitud,2.0,True
3,oficial,2025-03,C02,agente,4,solicitud,2.0,True
3,oficial,2025-03,C02,fotodeteccion_previa,14,solicitud,2.0,True
3,oficial,2025-03,C35,fotodeteccion_previa,2,solicitud,2.0,True
3,oficial,2025-04,C02,agente,1,solicitud,2.0,True
3,oficial,2025-04,C02,fotodeteccion_previa,10,solicitud,2.0,True
3,oficial,2025-04,C35,fotodeteccion_previa,1,solicitud,2.0,True
3,oficial,2025-04,D02,agente,1,solicitud,2.0,True
3,oficial,2025-04,D02,fotodeteccion_previa,1,solicitud,2.0,True
3,oficial,2025-04,D03,agente,1,solicitud,2.0,False
3,oficial,2025-05,C02,agente,2,solicitud,2.0,True
3,oficial,2025-05,C02,fotodeteccion_previa,17,solicitud,2.0,True
3,oficial,2025-05,C32,agente,1,solicitud,2.0,True
3,oficial,2025-05,C35,fotodeteccion_previa,1,solicitud,2.0,True
3,oficial,2025-05,D02,fotodeteccion_previa,1,solicitud,2.0,True
3,oficial,2025-06,C02,agente,1,solicitud,2.0,True
3,oficial,2025-06,C02,fotodeteccion_previa,9,solicitud,2.0,True
3,oficial,2025-07,C02,fotodeteccion_previa,23,solicitud,2.0,True
3,oficial,2025-07,C35,fotodeteccion_previa,1,solicitud,2.0,True
3,oficial,2025-08,C02,fotodeteccion_previa,21,solicitud,3.0,True
3,oficial,2025-08,C35,fotodeteccion_previa,1,solicitud,3.0,True
3,oficial,2025-08,D02,fotodeteccion_previa,1,solicitud,3.0,True
3,oficial,2025-09,C02,fotodeteccion_previa,24,solicitud,3.0,True
3,oficial,2025-09,D02,fotodeteccion_previa,1,solicitud,3.0,True
3,oficial,2025-10,C02,agente,3,solicitud,3.0,True
3,oficial,2025-10,C02,fotodeteccion_previa,15,solicitud,3.0,True
3,oficial,2025-10,C24,agente,1,solicitud,3.0,True
3,oficial,2025-10,D02,agente,1,solicitud,3.0,True
3,oficial,2025-11,C02,fotodeteccion_previa,26,solicitud,3.0,True
3,oficial,2025-11,C35,fotodeteccion_previa,2,solicitud,3.0,True
3,oficial,2025-11,D02,fotodeteccion_previa,2,solicitud,3.0,True
3,oficial,2025-12,C02,fotodeteccion_previa,16,solicitud,3.0,True
3,oficial,2025-12,C35,fotodeteccion_previa,1,solicitud,3.0,True
3,oficial,2025-12,D03,agente,1,solicitud,3.0,False
3,oficial,2026-01,C02,fotodeteccion_previa,17,solicitud,3.0,True
3,oficial,2026-01,D02,fotodeteccion_previa,1,solicitud,3.0,True
3,oficial,2026-02,C02,agente,2,solicitud,3.0,True
3,oficial,2026-02,C02,fotodeteccion_previa,18,solicitud,3.0,True
3,oficial,2026-02,C14,agente,1,solicitud,3.0,False
3,oficial,2026-02,C24,agente,1,solicitud,3.0,True
3,oficial,2026-02,D01,agente,1,solicitud,3.0,False
3,oficial,2026-03,C02,fotodeteccion_previa,17,solicitud,3.0,True
3,oficial,2026-03,D02,fotodeteccion_previa,1,solicitud,3.0,True
3,oficial,2026-04,C02,fotodeteccion_previa,7,solicitud,3.0,True
3,oficial,2026-04,C35,fotodeteccion_previa,1,solicitud,3.0,True
3,oficial,2026-05,C02,agente,2,solicitud,3.0,True
3,oficial,2026-05,C02,fotodeteccion_previa,5,solicitud,3.0,True
3,oficial,2026-05,D02,fotodeteccion_previa,1,solicitud,3.0,True
3,oficial,2026-06,C02,fotodeteccion_previa,6,solicitud,3.0,True
3,oficial,2026-07,C02,agente,2,solicitud,3.0,True
3,oficial,2026-07,C02,fotodeteccion_previa,5,solicitud,3.0,True
3,oficial,2026-07,C31,agente,1,solicitud,3.0,False
3,oficial,2026-08,C02,agente,1,solicitud,,True
3,oficial,2026-08,C02,fotodeteccion_previa,5,solicitud,,True
3,oficial,2026-08,C35,fotodeteccion_previa,1,solicitud,,True
3,oficial,2026-08,D02,fotodeteccion_previa,1,solicitud,,True
3,oficial,2026-09,C02,agente,1,solicitud,,True
3,oficial,2026-09,C02,fotodeteccion_previa,10,solicitud,,True
3,oficial,2026-09,C35,fotodeteccion_previa,2,solicitud,,True
3,oficial,2026-09,D04,sast,1114,solicitud,,True
3,oficial,2026-09,H03,sast,83,solicitud,,False
4,buffer15,2023-02,C02,agente,5,solicitud,,True
4,buffer15,2023-03,A04,agente,1,solicitud,,False
4,buffer15,2023-03,C02,agente,10,solicitud,,True
4,buffer15,2023-03,D01,agente,2,solicitud,,False
4,buffer15,2023-03,D03,agente,2,solicitud,,False
4,buffer15,2023-03,H03,agente,3,solicitud,,False
4,buffer15,2023-04,C02,agente,13,solicitud,,True
4,buffer15,2023-04,D04,agente,2,solicitud,,True
4,buffer15,2023-05,C02,agente,95,solicitud,,True
4,buffer15,2023-05,C03,agente,1,solicitud,,True
4,buffer15,2023-05,C24,agente,3,solicitud,,True
4,buffer15,2023-05,C31,agente,1,solicitud,,False
4,buffer15,2023-05,C35,agente,1,solicitud,,True
4,buffer15,2023-05,D01,agente,1,solicitud,,False
4,buffer15,2023-05,D02,agente,12,solicitud,,True
4,buffer15,2023-05,D03,agente,2,solicitud,,False
4,buffer15,2023-05,D05,agente,2,solicitud,,True
4,buffer15,2023-05,H03,agente,1,solicitud,,False
4,buffer15,2023-06,B22,agente,1,solicitud,1.0,False
4,buffer15,2023-06,C01,agente,2,solicitud,1.0,False
4,buffer15,2023-06,C02,agente,132,solicitud,1.0,True
4,buffer15,2023-06,C03,agente,16,solicitud,1.0,True
4,buffer15,2023-06,C06,agente,1,solicitud,1.0,False
4,buffer15,2023-06,C24,agente,13,solicitud,1.0,True
4,buffer15,2023-06,C31,agente,5,solicitud,1.0,False
4,buffer15,2023-06,C35,agente,4,solicitud,1.0,True
4,buffer15,2023-06,D01,agente,3,solicitud,1.0,False
4,buffer15,2023-06,D02,agente,3,solicitud,1.0,True
4,buffer15,2023-06,D03,agente,8,solicitud,1.0,False
4,buffer15,2023-06,D05,agente,3,solicitud,1.0,True
4,buffer15,2023-06,H03,agente,2,solicitud,1.0,False
4,buffer15,2023-07,A05,agente,1,solicitud,1.0,False
4,buffer15,2023-07,B02,agente,1,solicitud,1.0,False
4,buffer15,2023-07,C02,agente,75,solicitud,1.0,True
4,buffer15,2023-07,C24,agente,2,solicitud,1.0,True
4,buffer15,2023-07,C31,agente,4,solicitud,1.0,False
4,buffer15,2023-07,C32,agente,3,solicitud,1.0,True
4,buffer15,2023-07,C35,agente,2,solicitud,1.0,True
4,buffer15,2023-07,D03,agente,2,solicitud,1.0,False
4,buffer15,2023-07,D04,agente,7,solicitud,1.0,True
4,buffer15,2023-07,D05,agente,1,solicitud,1.0,True
4,buffer15,2023-07,H03,agente,2,solicitud,1.0,False
4,buffer15,2023-08,B05,agente,1,solicitud,1.0,False
4,buffer15,2023-08,C02,agente,68,solicitud,1.0,True
4,buffer15,2023-08,C24,agente,1,solicitud,1.0,True
4,buffer15,2023-08,C31,agente,1,solicitud,1.0,False
4,buffer15,2023-08,C32,agente,2,solicitud,1.0,True
4,buffer15,2023-08,D02,agente,1,solicitud,1.0,True
4,buffer15,2023-08,D04,agente,2,solicitud,1.0,True
4,buffer15,2023-08,D05,agente,2,solicitud,1.0,True
4,buffer15,2023-08,H02,agente,1,solicitud,1.0,False
4,buffer15,2023-08,H03,agente,3,solicitud,1.0,False
4,buffer15,2023-09,C02,agente,63,solicitud,1.0,True
4,buffer15,2023-09,C14,agente,2,solicitud,1.0,False
4,buffer15,2023-09,C24,agente,2,solicitud,1.0,True
4,buffer15,2023-09,C31,agente,1,solicitud,1.0,False
4,buffer15,2023-09,C35,agente,1,solicitud,1.0,True
4,buffer15,2023-09,D03,agente,1,solicitud,1.0,False
4,buffer15,2023-09,D05,agente,1,solicitud,1.0,True
4,buffer15,2023-09,H03,agente,1,solicitud,1.0,False
4,buffer15,2023-10,C02,agente,136,solicitud,1.0,True
4,buffer15,2023-10,C24,agente,1,solicitud,1.0,True
4,buffer15,2023-10,D02,agente,2,solicitud,1.0,True
4,buffer15,2023-10,D03,agente,1,solicitud,1.0,False
4,buffer15,2023-10,D07,agente,1,solicitud,1.0,False
4,buffer15,2023-10,H03,agente,1,solicitud,1.0,False
4,buffer15,2023-11,C02,agente,21,solicitud,1.0,True
4,buffer15,2023-11,C31,agente,3,solicitud,1.0,False
4,buffer15,2023-12,A05,agente,1,solicitud,1.0,False
4,buffer15,2023-12,C02,agente,11,solicitud,1.0,True
4,buffer15,2023-12,C31,agente,1,solicitud,1.0,False
4,buffer15,2023-12,D02,agente,1,solicitud,1.0,True
4,buffer15,2023-12,D03,agente,2,solicitud,1.0,False
4,buffer15,2023-12,D05,agente,1,solicitud,1.0,True
4,buffer15,2023-12,H03,agente,2,solicitud,1.0,False
4,buffer15,2024-01,C02,agente,11,solicitud,1.0,True
4,buffer15,2024-01,C03,agente,1,solicitud,1.0,True
4,buffer15,2024-02,C02,agente,28,solicitud,1.0,True
4,buffer15,2024-02,D03,agente,1,solicitud,1.0,False
4,buffer15,2024-03,C02,agente,13,solicitud,1.0,True
4,buffer15,2024-03,C02,fotodeteccion_previa,42,solicitud,1.0,True
4,buffer15,2024-03,C35,fotodeteccion_previa,6,solicitud,1.0,True
4,buffer15,2024-03,D02,fotodeteccion_previa,8,solicitud,1.0,True
4,buffer15,2024-04,A01,agente,1,solicitud,1.0,False
4,buffer15,2024-04,B09,agente,1,solicitud,1.0,False
4,buffer15,2024-04,C02,agente,89,solicitud,1.0,True
4,buffer15,2024-04,C02,fotodeteccion_previa,24,solicitud,1.0,True
4,buffer15,2024-04,C31,agente,1,solicitud,1.0,False
4,buffer15,2024-04,C35,agente,2,solicitud,1.0,True
4,buffer15,2024-04,C35,fotodeteccion_previa,2,solicitud,1.0,True
4,buffer15,2024-04,D02,agente,1,solicitud,1.0,True
4,buffer15,2024-04,D02,fotodeteccion_previa,3,solicitud,1.0,True
4,buffer15,2024-04,D03,agente,1,solicitud,1.0,False
4,buffer15,2024-04,D04,agente,2,solicitud,1.0,True
4,buffer15,2024-04,D07,agente,1,solicitud,1.0,False
4,buffer15,2024-04,H01,agente,1,solicitud,1.0,False
4,buffer15,2024-05,C02,agente,42,solicitud,1.0,True
4,buffer15,2024-05,C02,fotodeteccion_previa,52,solicitud,1.0,True
4,buffer15,2024-05,C15,agente,1,solicitud,1.0,False
4,buffer15,2024-05,C24,agente,29,solicitud,1.0,True
4,buffer15,2024-05,C31,agente,3,solicitud,1.0,False
4,buffer15,2024-05,C35,agente,1,solicitud,1.0,True
4,buffer15,2024-05,C35,fotodeteccion_previa,1,solicitud,1.0,True
4,buffer15,2024-05,D02,agente,1,solicitud,1.0,True
4,buffer15,2024-05,D02,fotodeteccion_previa,2,solicitud,1.0,True
4,buffer15,2024-05,D04,agente,48,solicitud,1.0,True
4,buffer15,2024-05,D05,agente,9,solicitud,1.0,True
4,buffer15,2024-06,C02,agente,55,solicitud,2.0,True
4,buffer15,2024-06,C02,fotodeteccion_previa,66,solicitud,2.0,True
4,buffer15,2024-06,C24,agente,7,solicitud,2.0,True
4,buffer15,2024-06,C32,agente,2,solicitud,2.0,True
4,buffer15,2024-06,C35,agente,5,solicitud,2.0,True
4,buffer15,2024-06,C35,fotodeteccion_previa,5,solicitud,2.0,True
4,buffer15,2024-06,D02,agente,6,solicitud,2.0,True
4,buffer15,2024-06,D02,fotodeteccion_previa,5,solicitud,2.0,True
4,buffer15,2024-06,D03,agente,2,solicitud,2.0,False
4,buffer15,2024-06,D04,agente,2,solicitud,2.0,True
4,buffer15,2024-07,C02,agente,65,solicitud,2.0,True
4,buffer15,2024-07,C02,fotodeteccion_previa,59,solicitud,2.0,True
4,buffer15,2024-07,C24,agente,1,solicitud,2.0,True
4,buffer15,2024-07,C32,agente,4,solicitud,2.0,True
4,buffer15,2024-07,C35,agente,2,solicitud,2.0,True
4,buffer15,2024-07,C35,fotodeteccion_previa,3,solicitud,2.0,True
4,buffer15,2024-07,D02,agente,3,solicitud,2.0,True
4,buffer15,2024-07,D02,fotodeteccion_previa,5,solicitud,2.0,True
4,buffer15,2024-07,D03,agente,5,solicitud,2.0,False
4,buffer15,2024-07,D04,agente,2,solicitud,2.0,True
4,buffer15,2024-08,C02,agente,26,solicitud,2.0,True
4,buffer15,2024-08,C02,fotodeteccion_previa,40,solicitud,2.0,True
4,buffer15,2024-08,D02,fotodeteccion_previa,2,solicitud,2.0,True
4,buffer15,2024-08,D03,agente,2,solicitud,2.0,False
4,buffer15,2024-09,C02,agente,22,solicitud,2.0,True
4,buffer15,2024-09,C02,fotodeteccion_previa,36,solicitud,2.0,True
4,buffer15,2024-09,C15,agente,1,solicitud,2.0,False
4,buffer15,2024-09,C24,agente,1,solicitud,2.0,True
4,buffer15,2024-09,C32,agente,1,solicitud,2.0,True
4,buffer15,2024-09,C35,agente,1,solicitud,2.0,True
4,buffer15,2024-09,C35,fotodeteccion_previa,2,solicitud,2.0,True
4,buffer15,2024-09,C37,agente,1,solicitud,2.0,False
4,buffer15,2024-09,D02,agente,8,solicitud,2.0,True
4,buffer15,2024-09,D02,fotodeteccion_previa,2,solicitud,2.0,True
4,buffer15,2024-09,D03,agente,2,solicitud,2.0,False
4,buffer15,2024-09,D04,agente,15,solicitud,2.0,True
4,buffer15,2024-09,D05,agente,2,solicitud,2.0,True
4,buffer15,2024-09,H03,agente,1,solicitud,2.0,False
4,buffer15,2024-10,C02,agente,28,solicitud,2.0,True
4,buffer15,2024-10,C02,fotodeteccion_previa,33,solicitud,2.0,True
4,buffer15,2024-10,C35,fotodeteccion_previa,3,solicitud,2.0,True
4,buffer15,2024-10,D02,agente,3,solicitud,2.0,True
4,buffer15,2024-10,D02,fotodeteccion_previa,1,solicitud,2.0,True
4,buffer15,2024-10,D03,agente,1,solicitud,2.0,False
4,buffer15,2024-10,D04,agente,3,solicitud,2.0,True
4,buffer15,2024-10,D05,agente,1,solicitud,2.0,True
4,buffer15,2024-10,H03,agente,1,solicitud,2.0,False
4,buffer15,2024-11,C02,agente,16,solicitud,2.0,True
4,buffer15,2024-11,C02,fotodeteccion_previa,35,solicitud,2.0,True
4,buffer15,2024-11,C32,agente,1,solicitud,2.0,True
4,buffer15,2024-11,C35,agente,2,solicitud,2.0,True
4,buffer15,2024-11,C35,fotodeteccion_previa,4,solicitud,2.0,True
4,buffer15,2024-11,D02,agente,6,solicitud,2.0,True
4,buffer15,2024-11,D02,fotodeteccion_previa,2,solicitud,2.0,True
4,buffer15,2024-12,C02,agente,40,solicitud,2.0,True
4,buffer15,2024-12,C02,fotodeteccion_previa,74,solicitud,2.0,True
4,buffer15,2024-12,C32,agente,2,solicitud,2.0,True
4,buffer15,2024-12,C35,fotodeteccion_previa,8,solicitud,2.0,True
4,buffer15,2024-12,D02,agente,2,solicitud,2.0,True
4,buffer15,2024-12,D02,fotodeteccion_previa,6,solicitud,2.0,True
4,buffer15,2024-12,D04,agente,1,solicitud,2.0,True
4,buffer15,2024-12,H02,agente,1,solicitud,2.0,False
4,buffer15,2025-01,C02,agente,19,solicitud,2.0,True
4,buffer15,2025-01,C02,fotodeteccion_previa,95,solicitud,2.0,True
4,buffer15,2025-01,C35,fotodeteccion_previa,8,solicitud,2.0,True
4,buffer15,2025-01,D02,fotodeteccion_previa,6,solicitud,2.0,True
4,buffer15,2025-02,C02,agente,16,solicitud,2.0,True
4,buffer15,2025-02,C02,fotodeteccion_previa,63,solicitud,2.0,True
4,buffer15,2025-02,C35,fotodeteccion_previa,1,solicitud,2.0,True
4,buffer15,2025-02,D02,fotodeteccion_previa,2,solicitud,2.0,True
4,buffer15,2025-02,D03,agente,1,solicitud,2.0,False
4,buffer15,2025-03,C02,agente,50,solicitud,2.0,True
4,buffer15,2025-03,C02,fotodeteccion_previa,95,solicitud,2.0,True
4,buffer15,2025-03,C24,agente,2,solicitud,2.0,True
4,buffer15,2025-03,C32,agente,3,solicitud,2.0,True
4,buffer15,2025-03,C35,agente,1,solicitud,2.0,True
4,buffer15,2025-03,C35,fotodeteccion_previa,10,solicitud,2.0,True
4,buffer15,2025-03,D02,agente,5,solicitud,2.0,True
4,buffer15,2025-03,D02,fotodeteccion_previa,7,solicitud,2.0,True
4,buffer15,2025-03,D03,agente,2,solicitud,2.0,False
4,buffer15,2025-03,D04,agente,5,solicitud,2.0,True
4,buffer15,2025-04,B02,agente,1,solicitud,2.0,False
4,buffer15,2025-04,C02,agente,17,solicitud,2.0,True
4,buffer15,2025-04,C02,fotodeteccion_previa,62,solicitud,2.0,True
4,buffer15,2025-04,C14,agente,1,solicitud,2.0,False
4,buffer15,2025-04,C24,agente,1,solicitud,2.0,True
4,buffer15,2025-04,C31,agente,2,solicitud,2.0,False
4,buffer15,2025-04,C35,agente,4,solicitud,2.0,True
4,buffer15,2025-04,C35,fotodeteccion_previa,4,solicitud,2.0,True
4,buffer15,2025-04,D01,agente,1,solicitud,2.0,False
4,buffer15,2025-04,D02,agente,5,solicitud,2.0,True
4,buffer15,2025-04,D02,fotodeteccion_previa,6,solicitud,2.0,True
4,buffer15,2025-04,D03,agente,6,solicitud,2.0,False
4,buffer15,2025-04,D04,agente,3,solicitud,2.0,True
4,buffer15,2025-05,C02,agente,5,solicitud,2.0,True
4,buffer15,2025-05,C02,fotodeteccion_previa,92,solicitud,2.0,True
4,buffer15,2025-05,C24,agente,2,solicitud,2.0,True
4,buffer15,2025-05,C32,agente,1,solicitud,2.0,True
4,buffer15,2025-05,C35,fotodeteccion_previa,8,solicitud,2.0,True
4,buffer15,2025-05,D02,agente,2,solicitud,2.0,True
4,buffer15,2025-05,D02,fotodeteccion_previa,6,solicitud,2.0,True
4,buffer15,2025-05,D07,agente,2,solicitud,2.0,False
4,buffer15,2025-06,B03,agente,1,solicitud,3.0,False
4,buffer15,2025-06,C02,agente,9,solicitud,3.0,True
4,buffer15,2025-06,C02,fotodeteccion_previa,76,solicitud,3.0,True
4,buffer15,2025-06,C35,agente,3,solicitud,3.0,True
4,buffer15,2025-06,C35,fotodeteccion_previa,4,solicitud,3.0,True
4,buffer15,2025-06,D02,agente,5,solicitud,3.0,True
4,buffer15,2025-06,D02,fotodeteccion_previa,3,solicitud,3.0,True
4,buffer15,2025-06,D03,agente,2,solicitud,3.0,False
4,buffer15,2025-07,C02,agente,2,solicitud,3.0,True
4,buffer15,2025-07,C02,fotodeteccion_previa,105,solicitud,3.0,True
4,buffer15,2025-07,C35,fotodeteccion_previa,9,solicitud,3.0,True
4,buffer15,2025-07,D02,fotodeteccion_previa,9,solicitud,3.0,True
4,buffer15,2025-08,C02,agente,5,solicitud,3.0,True
4,buffer15,2025-08,C02,fotodeteccion_previa,63,solicitud,3.0,True
4,buffer15,2025-08,C35,agente,1,solicitud,3.0,True
4,buffer15,2025-08,C35,fotodeteccion_previa,6,solicitud,3.0,True
4,buffer15,2025-08,D02,fotodeteccion_previa,6,solicitud,3.0,True
4,buffer15,2025-09,C02,agente,13,solicitud,3.0,True
4,buffer15,2025-09,C02,fotodeteccion_previa,50,solicitud,3.0,True
4,buffer15,2025-09,C24,agente,1,solicitud,3.0,True
4,buffer15,2025-09,C35,fotodeteccion_previa,1,solicitud,3.0,True
4,buffer15,2025-09,D01,agente,1,solicitud,3.0,False
4,buffer15,2025-09,D02,agente,2,solicitud,3.0,True
4,buffer15,2025-09,D03,agente,1,solicitud,3.0,False
4,buffer15,2025-09,D04,agente,1,solicitud,3.0,True
4,buffer15,2025-10,B03,agente,2,solicitud,3.0,False
4,buffer15,2025-10,B04,agente,1,solicitud,3.0,False
4,buffer15,2025-10,C02,agente,7,solicitud,3.0,True
4,buffer15,2025-10,C02,fotodeteccion_previa,37,solicitud,3.0,True
4,buffer15,2025-10,C35,fotodeteccion_previa,1,solicitud,3.0,True
4,buffer15,2025-10,D02,fotodeteccion_previa,1,solicitud,3.0,True
4,buffer15,2025-10,D03,agente,4,solicitud,3.0,False
4,buffer15,2025-10,D05,agente,1,solicitud,3.0,True
4,buffer15,2025-11,B02,agente,1,solicitud,3.0,False
4,buffer15,2025-11,C02,agente,5,solicitud,3.0,True
4,buffer15,2025-11,C02,fotodeteccion_previa,21,solicitud,3.0,True
4,buffer15,2025-11,C06,agente,2,solicitud,3.0,False
4,buffer15,2025-11,C24,agente,1,solicitud,3.0,True
4,buffer15,2025-11,D02,agente,2,solicitud,3.0,True
4,buffer15,2025-12,C02,agente,3,solicitud,3.0,True
4,buffer15,2025-12,C02,fotodeteccion_previa,12,solicitud,3.0,True
4,buffer15,2025-12,C14,agente,1,solicitud,3.0,False
4,buffer15,2025-12,C24,agente,1,solicitud,3.0,True
4,buffer15,2025-12,C35,agente,1,solicitud,3.0,True
4,buffer15,2025-12,C35,fotodeteccion_previa,2,solicitud,3.0,True
4,buffer15,2025-12,D01,agente,1,solicitud,3.0,False
4,buffer15,2025-12,D02,fotodeteccion_previa,1,solicitud,3.0,True
4,buffer15,2025-12,D04,agente,1,solicitud,3.0,True
4,buffer15,2026-01,C02,fotodeteccion_previa,22,solicitud,3.0,True
4,buffer15,2026-01,C35,fotodeteccion_previa,3,solicitud,3.0,True
4,buffer15,2026-01,D02,fotodeteccion_previa,3,solicitud,3.0,True
4,buffer15,2026-02,C02,agente,2,solicitud,3.0,True
4,buffer15,2026-02,C02,fotodeteccion_previa,12,solicitud,3.0,True
4,buffer15,2026-02,C32,agente,2,solicitud,3.0,True
4,buffer15,2026-02,C35,fotodeteccion_previa,1,solicitud,3.0,True
4,buffer15,2026-02,D02,fotodeteccion_previa,1,solicitud,3.0,True
4,buffer15,2026-03,C02,agente,1,solicitud,3.0,True
4,buffer15,2026-03,C02,fotodeteccion_previa,11,solicitud,3.0,True
4,buffer15,2026-03,C24,agente,1,solicitud,3.0,True
4,buffer15,2026-03,C35,agente,3,solicitud,3.0,True
4,buffer15,2026-03,D02,agente,1,solicitud,3.0,True
4,buffer15,2026-03,D07,agente,1,solicitud,3.0,False
4,buffer15,2026-04,C02,agente,2,solicitud,3.0,True
4,buffer15,2026-04,C02,fotodeteccion_previa,7,solicitud,3.0,True
4,buffer15,2026-04,C35,agente,1,solicitud,3.0,True
4,buffer15,2026-04,D03,agente,2,solicitud,3.0,False
4,buffer15,2026-04,D04,agente,1,solicitud,3.0,True
4,buffer15,2026-05,C02,agente,3,solicitud,3.0,True
4,buffer15,2026-05,C02,fotodeteccion_previa,12,solicitud,3.0,True
4,buffer15,2026-05,C24,agente,2,solicitud,3.0,True
4,buffer15,2026-05,C31,agente,2,solicitud,3.0,False
4,buffer15,2026-05,C35,agente,3,solicitud,3.0,True
4,buffer15,2026-05,C35,fotodeteccion_previa,1,solicitud,3.0,True
4,buffer15,2026-05,D02,agente,1,solicitud,3.0,True
4,buffer15,2026-05,D04,agente,6,solicitud,3.0,True
4,buffer15,2026-05,D05,agente,1,solicitud,3.0,True
4,buffer15,2026-06,C02,agente,3,solicitud,,True
4,buffer15,2026-06,C02,fotodeteccion_previa,12,solicitud,,True
4,buffer15,2026-06,C35,agente,1,solicitud,,True
4,buffer15,2026-06,D02,agente,4,solicitud,,True
4,buffer15,2026-06,D04,agente,1,solicitud,,True
4,buffer15,2026-07,C02,agente,5,solicitud,,True
4,buffer15,2026-07,C02,fotodeteccion_previa,11,solicitud,,True
4,buffer15,2026-07,C24,agente,1,solicitud,,True
4,buffer15,2026-07,C35,fotodeteccion_previa,1,solicitud,,True
4,buffer15,2026-07,D01,agente,2,solicitud,,False
4,buffer15,2026-07,D07,agente,1,solicitud,,False
4,buffer15,2026-08,C02,agente,7,solicitud,,True
4,buffer15,2026-08,C02,fotodeteccion_previa,7,solicitud,,True
4,buffer15,2026-08,C24,agente,1,solicitud,,True
4,buffer15,2026-08,C35,agente,3,solicitud,,True
4,buffer15,2026-08,C35,fotodeteccion_previa,1,solicitud,,True
4,buffer15,2026-08,D01,agente,2,solicitud,,False
4,buffer15,2026-08,D02,fotodeteccion_previa,1,solicitud,,True
4,buffer15,2026-08,H03,sast,1343,solicitud,,False
4,buffer15,2026-09,B03,agente,1,solicitud,,False
4,buffer15,2026-09,C02,agente,4,solicitud,,True
4,buffer15,2026-09,C02,fotodeteccion_previa,8,solicitud,,True
4,buffer15,2026-09,C35,agente,1,solicitud,,True
4,buffer15,2026-09,D02,agente,1,solicitud,,True
4,buffer15,2026-09,D02,fotodeteccion_previa,2,solicitud,,True
4,buffer15,2026-09,D04,sast,815,solicitud,,True
4,buffer15,2026-09,H03,sast,68,solicitud,,False
4,estricto,2023-02,C02,agente,4,solicitud,,True
4,estricto,2023-03,C02,agente,5,solicitud,,True
4,estricto,2023-03,D03,agente,2,solicitud,,False
4,estricto,2023-03,H03,agente,3,solicitud,,False
4,estricto,2023-04,C02,agente,7,solicitud,,True
4,estricto,2023-04,D04,agente,2,solicitud,,True
4,estricto,2023-05,C02,agente,39,solicitud,,True
4,estricto,2023-05,C03,agente,1,solicitud,,True
4,estricto,2023-05,C24,agente,3,solicitud,,True
4,estricto,2023-05,C31,agente,1,solicitud,,False
4,estricto,2023-05,D01,agente,1,solicitud,,False
4,estricto,2023-05,D02,agente,9,solicitud,,True
4,estricto,2023-05,D03,agente,2,solicitud,,False
4,estricto,2023-05,D05,agente,1,solicitud,,True
4,estricto,2023-05,H03,agente,1,solicitud,,False
4,estricto,2023-06,C01,agente,1,solicitud,1.0,False
4,estricto,2023-06,C02,agente,58,solicitud,1.0,True
4,estricto,2023-06,C03,agente,5,solicitud,1.0,True
4,estricto,2023-06,C06,agente,1,solicitud,1.0,False
4,estricto,2023-06,C24,agente,11,solicitud,1.0,True
4,estricto,2023-06,C31,agente,4,solicitud,1.0,False
4,estricto,2023-06,C35,agente,1,solicitud,1.0,True
4,estricto,2023-06,D01,agente,3,solicitud,1.0,False
4,estricto,2023-06,D02,agente,2,solicitud,1.0,True
4,estricto,2023-06,D03,agente,8,solicitud,1.0,False
4,estricto,2023-06,D05,agente,3,solicitud,1.0,True
4,estricto,2023-07,B02,agente,1,solicitud,1.0,False
4,estricto,2023-07,C02,agente,35,solicitud,1.0,True
4,estricto,2023-07,C24,agente,2,solicitud,1.0,True
4,estricto,2023-07,C31,agente,3,solicitud,1.0,False
4,estricto,2023-07,C32,agente,3,solicitud,1.0,True
4,estricto,2023-07,C35,agente,1,solicitud,1.0,True
4,estricto,2023-07,D03,agente,2,solicitud,1.0,False
4,estricto,2023-07,D04,agente,7,solicitud,1.0,True
4,estricto,2023-07,H03,agente,1,solicitud,1.0,False
4,estricto,2023-08,B05,agente,1,solicitud,1.0,False
4,estricto,2023-08,C02,agente,45,solicitud,1.0,True
4,estricto,2023-08,C24,agente,1,solicitud,1.0,True
4,estricto,2023-08,C32,agente,2,solicitud,1.0,True
4,estricto,2023-08,D04,agente,2,solicitud,1.0,True
4,estricto,2023-08,D05,agente,1,solicitud,1.0,True
4,estricto,2023-08,H03,agente,2,solicitud,1.0,False
4,estricto,2023-09,C02,agente,32,solicitud,1.0,True
4,estricto,2023-09,C14,agente,2,solicitud,1.0,False
4,estricto,2023-09,C24,agente,2,solicitud,1.0,True
4,estricto,2023-09,C31,agente,1,solicitud,1.0,False
4,estricto,2023-09,C35,agente,1,solicitud,1.0,True
4,estricto,2023-09,D03,agente,1,solicitud,1.0,False
4,estricto,2023-09,D05,agente,1,solicitud,1.0,True
4,estricto,2023-09,H03,agente,1,solicitud,1.0,False
4,estricto,2023-10,C02,agente,80,solicitud,1.0,True
4,estricto,2023-10,C24,agente,1,solicitud,1.0,True
4,estricto,2023-10,D02,agente,2,solicitud,1.0,True
4,estricto,2023-10,D07,agente,1,solicitud,1.0,False
4,estricto,2023-11,C02,agente,16,solicitud,1.0,True
4,estricto,2023-11,C31,agente,2,solicitud,1.0,False
4,estricto,2023-12,A05,agente,1,solicitud,1.0,False
4,estricto,2023-12,C02,agente,11,solicitud,1.0,True
4,estricto,2023-12,C31,agente,1,solicitud,1.0,False
4,estricto,2023-12,D02,agente,1,solicitud,1.0,True
4,estricto,2023-12,D03,agente,2,solicitud,1.0,False
4,estricto,2023-12,H03,agente,1,solicitud,1.0,False
4,estricto,2024-01,C02,agente,4,solicitud,1.0,True
4,estricto,2024-02,C02,agente,19,solicitud,1.0,True
4,estricto,2024-02,D03,agente,1,solicitud,1.0,False
4,estricto,2024-03,C02,agente,5,solicitud,1.0,True
4,estricto,2024-03,C02,fotodeteccion_previa,38,solicitud,1.0,True
4,estricto,2024-03,C35,fotodeteccion_previa,6,solicitud,1.0,True
4,estricto,2024-03,D02,fotodeteccion_previa,8,solicitud,1.0,True
4,estricto,2024-04,A01,agente,1,solicitud,1.0,False
4,estricto,2024-04,C02,agente,52,solicitud,1.0,True
4,estricto,2024-04,C02,fotodeteccion_previa,18,solicitud,1.0,True
4,estricto,2024-04,C31,agente,1,solicitud,1.0,False
4,estricto,2024-04,C35,fotodeteccion_previa,1,solicitud,1.0,True
4,estricto,2024-04,D02,fotodeteccion_previa,2,solicitud,1.0,True
4,estricto,2024-04,D03,agente,1,solicitud,1.0,False
4,estricto,2024-04,D04,agente,2,solicitud,1.0,True
4,estricto,2024-04,D07,agente,1,solicitud,1.0,False
4,estricto,2024-05,C02,agente,31,solicitud,1.0,True
4,estricto,2024-05,C02,fotodeteccion_previa,44,solicitud,1.0,True
4,estricto,2024-05,C15,agente,1,solicitud,1.0,False
4,estricto,2024-05,C24,agente,27,solicitud,1.0,True
4,estricto,2024-05,C31,agente,3,solicitud,1.0,False
4,estricto,2024-05,D02,agente,1,solicitud,1.0,True
4,estricto,2024-05,D02,fotodeteccion_previa,1,solicitud,1.0,True
4,estricto,2024-05,D04,agente,48,solicitud,1.0,True
4,estricto,2024-05,D05,agente,9,solicitud,1.0,True
4,estricto,2024-06,C02,agente,30,solicitud,2.0,True
4,estricto,2024-06,C02,fotodeteccion_previa,53,solicitud,2.0,True
4,estricto,2024-06,C24,agente,7,solicitud,2.0,True
4,estricto,2024-06,C32,agente,2,solicitud,2.0,True
4,estricto,2024-06,C35,agente,2,solicitud,2.0,True
4,estricto,2024-06,C35,fotodeteccion_previa,4,solicitud,2.0,True
4,estricto,2024-06,D02,agente,4,solicitud,2.0,True
4,estricto,2024-06,D02,fotodeteccion_previa,4,solicitud,2.0,True
4,estricto,2024-06,D03,agente,2,solicitud,2.0,False
4,estricto,2024-06,D04,agente,2,solicitud,2.0,True
4,estricto,2024-07,C02,agente,35,solicitud,2.0,True
4,estricto,2024-07,C02,fotodeteccion_previa,47,solicitud,2.0,True
4,estricto,2024-07,C24,agente,1,solicitud,2.0,True
4,estricto,2024-07,C32,agente,4,solicitud,2.0,True
4,estricto,2024-07,C35,fotodeteccion_previa,3,solicitud,2.0,True
4,estricto,2024-07,D02,agente,1,solicitud,2.0,True
4,estricto,2024-07,D02,fotodeteccion_previa,5,solicitud,2.0,True
4,estricto,2024-07,D03,agente,4,solicitud,2.0,False
4,estricto,2024-07,D04,agente,1,solicitud,2.0,True
4,estricto,2024-08,C02,agente,13,solicitud,2.0,True
4,estricto,2024-08,C02,fotodeteccion_previa,30,solicitud,2.0,True
4,estricto,2024-08,D02,fotodeteccion_previa,1,solicitud,2.0,True
4,estricto,2024-08,D03,agente,1,solicitud,2.0,False
4,estricto,2024-09,C02,agente,6,solicitud,2.0,True
4,estricto,2024-09,C02,fotodeteccion_previa,27,solicitud,2.0,True
4,estricto,2024-09,C15,agente,1,solicitud,2.0,False
4,estricto,2024-09,C32,agente,1,solicitud,2.0,True
4,estricto,2024-09,C35,fotodeteccion_previa,1,solicitud,2.0,True
4,estricto,2024-09,C37,agente,1,solicitud,2.0,False
4,estricto,2024-09,D02,agente,7,solicitud,2.0,True
4,estricto,2024-09,D02,fotodeteccion_previa,2,solicitud,2.0,True
4,estricto,2024-09,D03,agente,1,solicitud,2.0,False
4,estricto,2024-09,D04,agente,15,solicitud,2.0,True
4,estricto,2024-09,D05,agente,1,solicitud,2.0,True
4,estricto,2024-09,H03,agente,1,solicitud,2.0,False
4,estricto,2024-10,C02,agente,12,solicitud,2.0,True
4,estricto,2024-10,C02,fotodeteccion_previa,27,solicitud,2.0,True
4,estricto,2024-10,C35,fotodeteccion_previa,3,solicitud,2.0,True
4,estricto,2024-10,D02,agente,1,solicitud,2.0,True
4,estricto,2024-10,D05,agente,1,solicitud,2.0,True
4,estricto,2024-11,C02,agente,7,solicitud,2.0,True
4,estricto,2024-11,C02,fotodeteccion_previa,21,solicitud,2.0,True
4,estricto,2024-11,C32,agente,1,solicitud,2.0,True
4,estricto,2024-11,C35,agente,1,solicitud,2.0,True
4,estricto,2024-11,C35,fotodeteccion_previa,3,solicitud,2.0,True
4,estricto,2024-11,D02,agente,2,solicitud,2.0,True
4,estricto,2024-11,D02,fotodeteccion_previa,2,solicitud,2.0,True
4,estricto,2024-12,C02,agente,10,solicitud,2.0,True
4,estricto,2024-12,C02,fotodeteccion_previa,61,solicitud,2.0,True
4,estricto,2024-12,C32,agente,2,solicitud,2.0,True
4,estricto,2024-12,C35,fotodeteccion_previa,4,solicitud,2.0,True
4,estricto,2024-12,D02,fotodeteccion_previa,2,solicitud,2.0,True
4,estricto,2024-12,D04,agente,1,solicitud,2.0,True
4,estricto,2024-12,H02,agente,1,solicitud,2.0,False
4,estricto,2025-01,C02,agente,4,solicitud,2.0,True
4,estricto,2025-01,C02,fotodeteccion_previa,71,solicitud,2.0,True
4,estricto,2025-01,C35,fotodeteccion_previa,7,solicitud,2.0,True
4,estricto,2025-01,D02,fotodeteccion_previa,6,solicitud,2.0,True
4,estricto,2025-02,C02,agente,1,solicitud,2.0,True
4,estricto,2025-02,C02,fotodeteccion_previa,42,solicitud,2.0,True
4,estricto,2025-02,C35,fotodeteccion_previa,1,solicitud,2.0,True
4,estricto,2025-02,D02,fotodeteccion_previa,2,solicitud,2.0,True
4,estricto,2025-02,D03,agente,1,solicitud,2.0,False
4,estricto,2025-03,C02,agente,20,solicitud,2.0,True
4,estricto,2025-03,C02,fotodeteccion_previa,74,solicitud,2.0,True
4,estricto,2025-03,C24,agente,1,solicitud,2.0,True
4,estricto,2025-03,C35,agente,1,solicitud,2.0,True
4,estricto,2025-03,C35,fotodeteccion_previa,7,solicitud,2.0,True
4,estricto,2025-03,D02,fotodeteccion_previa,7,solicitud,2.0,True
4,estricto,2025-03,D03,agente,1,solicitud,2.0,False
4,estricto,2025-03,D04,agente,2,solicitud,2.0,True
4,estricto,2025-04,B02,agente,1,solicitud,2.0,False
4,estricto,2025-04,C02,agente,7,solicitud,2.0,True
4,estricto,2025-04,C02,fotodeteccion_previa,37,solicitud,2.0,True
4,estricto,2025-04,C14,agente,1,solicitud,2.0,False
4,estricto,2025-04,C24,agente,1,solicitud,2.0,True
4,estricto,2025-04,C31,agente,1,solicitud,2.0,False
4,estricto,2025-04,C35,agente,2,solicitud,2.0,True
4,estricto,2025-04,C35,fotodeteccion_previa,3,solicitud,2.0,True
4,estricto,2025-04,D01,agente,1,solicitud,2.0,False
4,estricto,2025-04,D02,agente,1,solicitud,2.0,True
4,estricto,2025-04,D02,fotodeteccion_previa,4,solicitud,2.0,True
4,estricto,2025-04,D03,agente,1,solicitud,2.0,False
4,estricto,2025-04,D04,agente,3,solicitud,2.0,True
4,estricto,2025-05,C02,agente,5,solicitud,2.0,True
4,estricto,2025-05,C02,fotodeteccion_previa,51,solicitud,2.0,True
4,estricto,2025-05,C24,agente,2,solicitud,2.0,True
4,estricto,2025-05,C32,agente,1,solicitud,2.0,True
4,estricto,2025-05,C35,fotodeteccion_previa,4,solicitud,2.0,True
4,estricto,2025-05,D02,agente,2,solicitud,2.0,True
4,estricto,2025-05,D02,fotodeteccion_previa,3,solicitud,2.0,True
4,estricto,2025-05,D07,agente,1,solicitud,2.0,False
4,estricto,2025-06,B03,agente,1,solicitud,3.0,False
4,estricto,2025-06,C02,agente,2,solicitud,3.0,True
4,estricto,2025-06,C02,fotodeteccion_previa,43,solicitud,3.0,True
4,estricto,2025-06,C35,agente,2,solicitud,3.0,True
4,estricto,2025-06,C35,fotodeteccion_previa,2,solicitud,3.0,True
4,estricto,2025-06,D02,fotodeteccion_previa,2,solicitud,3.0,True
4,estricto,2025-07,C02,fotodeteccion_previa,53,solicitud,3.0,True
4,estricto,2025-07,C35,fotodeteccion_previa,5,solicitud,3.0,True
4,estricto,2025-07,D02,fotodeteccion_previa,4,solicitud,3.0,True
4,estricto,2025-08,C02,agente,4,solicitud,3.0,True
4,estricto,2025-08,C02,fotodeteccion_previa,32,solicitud,3.0,True
4,estricto,2025-08,C35,agente,1,solicitud,3.0,True
4,estricto,2025-08,C35,fotodeteccion_previa,5,solicitud,3.0,True
4,estricto,2025-08,D02,fotodeteccion_previa,4,solicitud,3.0,True
4,estricto,2025-09,C02,agente,2,solicitud,3.0,True
4,estricto,2025-09,C02,fotodeteccion_previa,36,solicitud,3.0,True
4,estricto,2025-09,C35,fotodeteccion_previa,1,solicitud,3.0,True
4,estricto,2025-09,D02,agente,1,solicitud,3.0,True
4,estricto,2025-09,D03,agente,1,solicitud,3.0,False
4,estricto,2025-09,D04,agente,1,solicitud,3.0,True
4,estricto,2025-10,C02,agente,7,solicitud,3.0,True
4,estricto,2025-10,C02,fotodeteccion_previa,29,solicitud,3.0,True
4,estricto,2025-10,C35,fotodeteccion_previa,1,solicitud,3.0,True
4,estricto,2025-10,D03,agente,2,solicitud,3.0,False
4,estricto,2025-10,D05,agente,1,solicitud,3.0,True
4,estricto,2025-11,C02,agente,4,solicitud,3.0,True
4,estricto,2025-11,C02,fotodeteccion_previa,19,solicitud,3.0,True
4,estricto,2025-12,C02,agente,2,solicitud,3.0,True
4,estricto,2025-12,C02,fotodeteccion_previa,9,solicitud,3.0,True
4,estricto,2025-12,C24,agente,1,solicitud,3.0,True
4,estricto,2025-12,C35,agente,1,solicitud,3.0,True
4,estricto,2025-12,C35,fotodeteccion_previa,2,solicitud,3.0,True
4,estricto,2025-12,D01,agente,1,solicitud,3.0,False
4,estricto,2025-12,D02,fotodeteccion_previa,1,solicitud,3.0,True
4,estricto,2025-12,D04,agente,1,solicitud,3.0,True
4,estricto,2026-01,C02,fotodeteccion_previa,21,solicitud,3.0,True
4,estricto,2026-01,C35,fotodeteccion_previa,3,solicitud,3.0,True
4,estricto,2026-01,D02,fotodeteccion_previa,3,solicitud,3.0,True
4,estricto,2026-02,C02,agente,2,solicitud,3.0,True
4,estricto,2026-02,C02,fotodeteccion_previa,10,solicitud,3.0,True
4,estricto,2026-02,C32,agente,2,solicitud,3.0,True
4,estricto,2026-03,C02,agente,1,solicitud,3.0,True
4,estricto,2026-03,C02,fotodeteccion_previa,11,solicitud,3.0,True
4,estricto,2026-04,C02,agente,1,solicitud,3.0,True
4,estricto,2026-04,C02,fotodeteccion_previa,5,solicitud,3.0,True
4,estricto,2026-04,C35,agente,1,solicitud,3.0,True
4,estricto,2026-04,D03,agente,2,solicitud,3.0,False
4,estricto,2026-04,D04,agente,1,solicitud,3.0,True
4,estricto,2026-05,C02,agente,3,solicitud,3.0,True
4,estricto,2026-05,C02,fotodeteccion_previa,6,solicitud,3.0,True
4,estricto,2026-05,C24,agente,1,solicitud,3.0,True
4,estricto,2026-05,C31,agente,2,solicitud,3.0,False
4,estricto,2026-05,C35,fotodeteccion_previa,1,solicitud,3.0,True
4,estricto,2026-05,D04,agente,6,solicitud,3.0,True
4,estricto,2026-05,D05,agente,1,solicitud,3.0,True
4,estricto,2026-06,C02,agente,3,solicitud,,True
4,estricto,2026-06,C02,fotodeteccion_previa,10,solicitud,,True
4,estricto,2026-07,C02,agente,2,solicitud,,True
4,estricto,2026-07,C02,fotodeteccion_previa,10,solicitud,,True
4,estricto,2026-07,C35,fotodeteccion_previa,1,solicitud,,True
4,estricto,2026-08,C02,agente,2,solicitud,,True
4,estricto,2026-08,C02,fotodeteccion_previa,5,solicitud,,True
4,estricto,2026-08,C35,fotodeteccion_previa,1,solicitud,,True
4,estricto,2026-08,D02,fotodeteccion_previa,1,solicitud,,True
4,estricto,2026-08,H03,sast,1343,solicitud,,False
4,estricto,2026-09,C02,agente,1,solicitud,,True
4,estricto,2026-09,C02,fotodeteccion_previa,7,solicitud,,True
4,estricto,2026-09,D02,fotodeteccion_previa,2,solicitud,,True
4,estricto,2026-09,D04,sast,815,solicitud,,True
4,estricto,2026-09,H03,sast,68,solicitud,,False
4,oficial,2023-02,C02,agente,4,solicitud,,True
4,oficial,2023-03,C02,agente,5,solicitud,,True
4,oficial,2023-03,D03,agente,2,solicitud,,False
4,oficial,2023-03,H03,agente,3,solicitud,,False
4,oficial,2023-04,C02,agente,9,solicitud,,True
4,oficial,2023-04,D04,agente,2,solicitud,,True
4,oficial,2023-05,C02,agente,45,solicitud,,True
4,oficial,2023-05,C03,agente,1,solicitud,,True
4,oficial,2023-05,C24,agente,3,solicitud,,True
4,oficial,2023-05,C31,agente,1,solicitud,,False
4,oficial,2023-05,D01,agente,1,solicitud,,False
4,oficial,2023-05,D02,agente,9,solicitud,,True
4,oficial,2023-05,D03,agente,2,solicitud,,False
4,oficial,2023-05,D05,agente,2,solicitud,,True
4,oficial,2023-05,H03,agente,1,solicitud,,False
4,oficial,2023-06,C01,agente,1,solicitud,1.0,False
4,oficial,2023-06,C02,agente,67,solicitud,1.0,True
4,oficial,2023-06,C03,agente,7,solicitud,1.0,True
4,oficial,2023-06,C06,agente,1,solicitud,1.0,False
4,oficial,2023-06,C24,agente,11,solicitud,1.0,True
4,oficial,2023-06,C31,agente,4,solicitud,1.0,False
4,oficial,2023-06,C35,agente,1,solicitud,1.0,True
4,oficial,2023-06,D01,agente,3,solicitud,1.0,False
4,oficial,2023-06,D02,agente,2,solicitud,1.0,True
4,oficial,2023-06,D03,agente,8,solicitud,1.0,False
4,oficial,2023-06,D05,agente,3,solicitud,1.0,True
4,oficial,2023-07,B02,agente,1,solicitud,1.0,False
4,oficial,2023-07,C02,agente,37,solicitud,1.0,True
4,oficial,2023-07,C24,agente,2,solicitud,1.0,True
4,oficial,2023-07,C31,agente,4,solicitud,1.0,False
4,oficial,2023-07,C32,agente,3,solicitud,1.0,True
4,oficial,2023-07,C35,agente,1,solicitud,1.0,True
4,oficial,2023-07,D03,agente,2,solicitud,1.0,False
4,oficial,2023-07,D04,agente,7,solicitud,1.0,True
4,oficial,2023-07,H03,agente,1,solicitud,1.0,False
4,oficial,2023-08,B05,agente,1,solicitud,1.0,False
4,oficial,2023-08,C02,agente,46,solicitud,1.0,True
4,oficial,2023-08,C24,agente,1,solicitud,1.0,True
4,oficial,2023-08,C32,agente,2,solicitud,1.0,True
4,oficial,2023-08,D04,agente,2,solicitud,1.0,True
4,oficial,2023-08,D05,agente,1,solicitud,1.0,True
4,oficial,2023-08,H03,agente,2,solicitud,1.0,False
4,oficial,2023-09,C02,agente,34,solicitud,1.0,True
4,oficial,2023-09,C14,agente,2,solicitud,1.0,False
4,oficial,2023-09,C24,agente,2,solicitud,1.0,True
4,oficial,2023-09,C31,agente,1,solicitud,1.0,False
4,oficial,2023-09,C35,agente,1,solicitud,1.0,True
4,oficial,2023-09,D03,agente,1,solicitud,1.0,False
4,oficial,2023-09,D05,agente,1,solicitud,1.0,True
4,oficial,2023-09,H03,agente,1,solicitud,1.0,False
4,oficial,2023-10,C02,agente,90,solicitud,1.0,True
4,oficial,2023-10,C24,agente,1,solicitud,1.0,True
4,oficial,2023-10,D02,agente,2,solicitud,1.0,True
4,oficial,2023-10,D07,agente,1,solicitud,1.0,False
4,oficial,2023-11,C02,agente,18,solicitud,1.0,True
4,oficial,2023-11,C31,agente,2,solicitud,1.0,False
4,oficial,2023-12,A05,agente,1,solicitud,1.0,False
4,oficial,2023-12,C02,agente,11,solicitud,1.0,True
4,oficial,2023-12,C31,agente,1,solicitud,1.0,False
4,oficial,2023-12,D02,agente,1,solicitud,1.0,True
4,oficial,2023-12,D03,agente,2,solicitud,1.0,False
4,oficial,2023-12,H03,agente,1,solicitud,1.0,False
4,oficial,2024-01,C02,agente,4,solicitud,1.0,True
4,oficial,2024-02,C02,agente,19,solicitud,1.0,True
4,oficial,2024-02,D03,agente,1,solicitud,1.0,False
4,oficial,2024-03,C02,agente,5,solicitud,1.0,True
4,oficial,2024-03,C02,fotodeteccion_previa,38,solicitud,1.0,True
4,oficial,2024-03,C35,fotodeteccion_previa,6,solicitud,1.0,True
4,oficial,2024-03,D02,fotodeteccion_previa,8,solicitud,1.0,True
4,oficial,2024-04,A01,agente,1,solicitud,1.0,False
4,oficial,2024-04,C02,agente,54,solicitud,1.0,True
4,oficial,2024-04,C02,fotodeteccion_previa,18,solicitud,1.0,True
4,oficial,2024-04,C31,agente,1,solicitud,1.0,False
4,oficial,2024-04,C35,fotodeteccion_previa,1,solicitud,1.0,True
4,oficial,2024-04,D02,fotodeteccion_previa,2,solicitud,1.0,True
4,oficial,2024-04,D03,agente,1,solicitud,1.0,False
4,oficial,2024-04,D04,agente,2,solicitud,1.0,True
4,oficial,2024-04,D07,agente,1,solicitud,1.0,False
4,oficial,2024-05,C02,agente,31,solicitud,1.0,True
4,oficial,2024-05,C02,fotodeteccion_previa,44,solicitud,1.0,True
4,oficial,2024-05,C15,agente,1,solicitud,1.0,False
4,oficial,2024-05,C24,agente,27,solicitud,1.0,True
4,oficial,2024-05,C31,agente,3,solicitud,1.0,False
4,oficial,2024-05,D02,agente,1,solicitud,1.0,True
4,oficial,2024-05,D02,fotodeteccion_previa,1,solicitud,1.0,True
4,oficial,2024-05,D04,agente,48,solicitud,1.0,True
4,oficial,2024-05,D05,agente,9,solicitud,1.0,True
4,oficial,2024-06,C02,agente,31,solicitud,2.0,True
4,oficial,2024-06,C02,fotodeteccion_previa,53,solicitud,2.0,True
4,oficial,2024-06,C24,agente,7,solicitud,2.0,True
4,oficial,2024-06,C32,agente,2,solicitud,2.0,True
4,oficial,2024-06,C35,agente,2,solicitud,2.0,True
4,oficial,2024-06,C35,fotodeteccion_previa,4,solicitud,2.0,True
4,oficial,2024-06,D02,agente,6,solicitud,2.0,True
4,oficial,2024-06,D02,fotodeteccion_previa,4,solicitud,2.0,True
4,oficial,2024-06,D03,agente,2,solicitud,2.0,False
4,oficial,2024-06,D04,agente,2,solicitud,2.0,True
4,oficial,2024-07,C02,agente,41,solicitud,2.0,True
4,oficial,2024-07,C02,fotodeteccion_previa,47,solicitud,2.0,True
4,oficial,2024-07,C24,agente,1,solicitud,2.0,True
4,oficial,2024-07,C32,agente,4,solicitud,2.0,True
4,oficial,2024-07,C35,fotodeteccion_previa,3,solicitud,2.0,True
4,oficial,2024-07,D02,agente,1,solicitud,2.0,True
4,oficial,2024-07,D02,fotodeteccion_previa,5,solicitud,2.0,True
4,oficial,2024-07,D03,agente,4,solicitud,2.0,False
4,oficial,2024-07,D04,agente,1,solicitud,2.0,True
4,oficial,2024-08,C02,agente,13,solicitud,2.0,True
4,oficial,2024-08,C02,fotodeteccion_previa,30,solicitud,2.0,True
4,oficial,2024-08,D02,fotodeteccion_previa,1,solicitud,2.0,True
4,oficial,2024-08,D03,agente,2,solicitud,2.0,False
4,oficial,2024-09,C02,agente,9,solicitud,2.0,True
4,oficial,2024-09,C02,fotodeteccion_previa,27,solicitud,2.0,True
4,oficial,2024-09,C15,agente,1,solicitud,2.0,False
4,oficial,2024-09,C24,agente,1,solicitud,2.0,True
4,oficial,2024-09,C32,agente,1,solicitud,2.0,True
4,oficial,2024-09,C35,agente,1,solicitud,2.0,True
4,oficial,2024-09,C35,fotodeteccion_previa,1,solicitud,2.0,True
4,oficial,2024-09,C37,agente,1,solicitud,2.0,False
4,oficial,2024-09,D02,agente,8,solicitud,2.0,True
4,oficial,2024-09,D02,fotodeteccion_previa,2,solicitud,2.0,True
4,oficial,2024-09,D03,agente,1,solicitud,2.0,False
4,oficial,2024-09,D04,agente,15,solicitud,2.0,True
4,oficial,2024-09,D05,agente,1,solicitud,2.0,True
4,oficial,2024-09,H03,agente,1,solicitud,2.0,False
4,oficial,2024-10,C02,agente,15,solicitud,2.0,True
4,oficial,2024-10,C02,fotodeteccion_previa,27,solicitud,2.0,True
4,oficial,2024-10,C35,fotodeteccion_previa,3,solicitud,2.0,True
4,oficial,2024-10,D02,agente,2,solicitud,2.0,True
4,oficial,2024-10,D03,agente,1,solicitud,2.0,False
4,oficial,2024-10,D04,agente,1,solicitud,2.0,True
4,oficial,2024-10,D05,agente,1,solicitud,2.0,True
4,oficial,2024-10,H03,agente,1,solicitud,2.0,False
4,oficial,2024-11,C02,agente,8,solicitud,2.0,True
4,oficial,2024-11,C02,fotodeteccion_previa,21,solicitud,2.0,True
4,oficial,2024-11,C32,agente,1,solicitud,2.0,True
4,oficial,2024-11,C35,agente,1,solicitud,2.0,True
4,oficial,2024-11,C35,fotodeteccion_previa,3,solicitud,2.0,True
4,oficial,2024-11,D02,agente,2,solicitud,2.0,True
4,oficial,2024-11,D02,fotodeteccion_previa,2,solicitud,2.0,True
4,oficial,2024-12,C02,agente,19,solicitud,2.0,True
4,oficial,2024-12,C02,fotodeteccion_previa,61,solicitud,2.0,True
4,oficial,2024-12,C32,agente,2,solicitud,2.0,True
4,oficial,2024-12,C35,fotodeteccion_previa,4,solicitud,2.0,True
4,oficial,2024-12,D02,fotodeteccion_previa,2,solicitud,2.0,True
4,oficial,2024-12,D04,agente,1,solicitud,2.0,True
4,oficial,2024-12,H02,agente,1,solicitud,2.0,False
4,oficial,2025-01,C02,agente,5,solicitud,2.0,True
4,oficial,2025-01,C02,fotodeteccion_previa,71,solicitud,2.0,True
4,oficial,2025-01,C35,fotodeteccion_previa,7,solicitud,2.0,True
4,oficial,2025-01,D02,fotodeteccion_previa,6,solicitud,2.0,True
4,oficial,2025-02,C02,agente,1,solicitud,2.0,True
4,oficial,2025-02,C02,fotodeteccion_previa,42,solicitud,2.0,True
4,oficial,2025-02,C35,fotodeteccion_previa,1,solicitud,2.0,True
4,oficial,2025-02,D02,fotodeteccion_previa,2,solicitud,2.0,True
4,oficial,2025-02,D03,agente,1,solicitud,2.0,False
4,oficial,2025-03,C02,agente,24,solicitud,2.0,True
4,oficial,2025-03,C02,fotodeteccion_previa,74,solicitud,2.0,True
4,oficial,2025-03,C24,agente,2,solicitud,2.0,True
4,oficial,2025-03,C35,agente,1,solicitud,2.0,True
4,oficial,2025-03,C35,fotodeteccion_previa,7,solicitud,2.0,True
4,oficial,2025-03,D02,fotodeteccion_previa,7,solicitud,2.0,True
4,oficial,2025-03,D03,agente,1,solicitud,2.0,False
4,oficial,2025-03,D04,agente,2,solicitud,2.0,True
4,oficial,2025-04,B02,agente,1,solicitud,2.0,False
4,oficial,2025-04,C02,agente,9,solicitud,2.0,True
4,oficial,2025-04,C02,fotodeteccion_previa,37,solicitud,2.0,True
4,oficial,2025-04,C14,agente,1,solicitud,2.0,False
4,oficial,2025-04,C24,agente,1,solicitud,2.0,True
4,oficial,2025-04,C31,agente,1,solicitud,2.0,False
4,oficial,2025-04,C35,agente,2,solicitud,2.0,True
4,oficial,2025-04,C35,fotodeteccion_previa,3,solicitud,2.0,True
4,oficial,2025-04,D01,agente,1,solicitud,2.0,False
4,oficial,2025-04,D02,agente,1,solicitud,2.0,True
4,oficial,2025-04,D02,fotodeteccion_previa,4,solicitud,2.0,True
4,oficial,2025-04,D03,agente,2,solicitud,2.0,False
4,oficial,2025-04,D04,agente,3,solicitud,2.0,True
4,oficial,2025-05,C02,agente,5,solicitud,2.0,True
4,oficial,2025-05,C02,fotodeteccion_previa,51,solicitud,2.0,True
4,oficial,2025-05,C24,agente,2,solicitud,2.0,True
4,oficial,2025-05,C32,agente,1,solicitud,2.0,True
4,oficial,2025-05,C35,fotodeteccion_previa,4,solicitud,2.0,True
4,oficial,2025-05,D02,agente,2,solicitud,2.0,True
4,oficial,2025-05,D02,fotodeteccion_previa,3,solicitud,2.0,True
4,oficial,2025-05,D07,agente,1,solicitud,2.0,False
4,oficial,2025-06,B03,agente,1,solicitud,3.0,False
4,oficial,2025-06,C02,agente,2,solicitud,3.0,True
4,oficial,2025-06,C02,fotodeteccion_previa,43,solicitud,3.0,True
4,oficial,2025-06,C35,agente,2,solicitud,3.0,True
4,oficial,2025-06,C35,fotodeteccion_previa,2,solicitud,3.0,True
4,oficial,2025-06,D02,agente,1,solicitud,3.0,True
4,oficial,2025-06,D02,fotodeteccion_previa,2,solicitud,3.0,True
4,oficial,2025-07,C02,fotodeteccion_previa,53,solicitud,3.0,True
4,oficial,2025-07,C35,fotodeteccion_previa,5,solicitud,3.0,True
4,oficial,2025-07,D02,fotodeteccion_previa,4,solicitud,3.0,True
4,oficial,2025-08,C02,agente,4,solicitud,3.0,True
4,oficial,2025-08,C02,fotodeteccion_previa,32,solicitud,3.0,True
4,oficial,2025-08,C35,agente,1,solicitud,3.0,True
4,oficial,2025-08,C35,fotodeteccion_previa,5,solicitud,3.0,True
4,oficial,2025-08,D02,fotodeteccion_previa,4,solicitud,3.0,True
4,oficial,2025-09,C02,agente,3,solicitud,3.0,True
4,oficial,2025-09,C02,fotodeteccion_previa,36,solicitud,3.0,True
4,oficial,2025-09,C24,agente,1,solicitud,3.0,True
4,oficial,2025-09,C35,fotodeteccion_previa,1,solicitud,3.0,True
4,oficial,2025-09,D02,agente,1,solicitud,3.0,True
4,oficial,2025-09,D03,agente,1,solicitud,3.0,False
4,oficial,2025-09,D04,agente,1,solicitud,3.0,True
4,oficial,2025-10,C02,agente,7,solicitud,3.0,True
4,oficial,2025-10,C02,fotodeteccion_previa,29,solicitud,3.0,True
4,oficial,2025-10,C35,fotodeteccion_previa,1,solicitud,3.0,True
4,oficial,2025-10,D03,agente,3,solicitud,3.0,False
4,oficial,2025-10,D05,agente,1,solicitud,3.0,True
4,oficial,2025-11,B02,agente,1,solicitud,3.0,False
4,oficial,2025-11,C02,agente,4,solicitud,3.0,True
4,oficial,2025-11,C02,fotodeteccion_previa,19,solicitud,3.0,True
4,oficial,2025-11,C06,agente,2,solicitud,3.0,False
4,oficial,2025-11,C24,agente,1,solicitud,3.0,True
4,oficial,2025-12,C02,agente,2,solicitud,3.0,True
4,oficial,2025-12,C02,fotodeteccion_previa,9,solicitud,3.0,True
4,oficial,2025-12,C24,agente,1,solicitud,3.0,True
4,oficial,2025-12,C35,agente,1,solicitud,3.0,True
4,oficial,2025-12,C35,fotodeteccion_previa,2,solicitud,3.0,True
4,oficial,2025-12,D01,agente,1,solicitud,3.0,False
4,oficial,2025-12,D02,fotodeteccion_previa,1,solicitud,3.0,True
4,oficial,2025-12,D04,agente,1,solicitud,3.0,True
4,oficial,2026-01,C02,fotodeteccion_previa,21,solicitud,3.0,True
4,oficial,2026-01,C35,fotodeteccion_previa,3,solicitud,3.0,True
4,oficial,2026-01,D02,fotodeteccion_previa,3,solicitud,3.0,True
4,oficial,2026-02,C02,agente,2,solicitud,3.0,True
4,oficial,2026-02,C02,fotodeteccion_previa,10,solicitud,3.0,True
4,oficial,2026-02,C32,agente,2,solicitud,3.0,True
4,oficial,2026-03,C02,agente,1,solicitud,3.0,True
4,oficial,2026-03,C02,fotodeteccion_previa,11,solicitud,3.0,True
4,oficial,2026-04,C02,agente,1,solicitud,3.0,True
4,oficial,2026-04,C02,fotodeteccion_previa,5,solicitud,3.0,True
4,oficial,2026-04,C35,agente,1,solicitud,3.0,True
4,oficial,2026-04,D03,agente,2,solicitud,3.0,False
4,oficial,2026-04,D04,agente,1,solicitud,3.0,True
4,oficial,2026-05,C02,agente,3,solicitud,3.0,True
4,oficial,2026-05,C02,fotodeteccion_previa,6,solicitud,3.0,True
4,oficial,2026-05,C24,agente,1,solicitud,3.0,True
4,oficial,2026-05,C31,agente,2,solicitud,3.0,False
4,oficial,2026-05,C35,agente,2,solicitud,3.0,True
4,oficial,2026-05,C35,fotodeteccion_previa,1,solicitud,3.0,True
4,oficial,2026-05,D04,agente,6,solicitud,3.0,True
4,oficial,2026-05,D05,agente,1,solicitud,3.0,True
4,oficial,2026-06,C02,agente,3,solicitud,,True
4,oficial,2026-06,C02,fotodeteccion_previa,10,solicitud,,True
4,oficial,2026-07,C02,agente,2,solicitud,,True
4,oficial,2026-07,C02,fotodeteccion_previa,10,solicitud,,True
4,oficial,2026-07,C24,agente,1,solicitud,,True
4,oficial,2026-07,C35,fotodeteccion_previa,1,solicitud,,True
4,oficial,2026-08,C02,agente,2,solicitud,,True
4,oficial,2026-08,C02,fotodeteccion_previa,5,solicitud,,True
4,oficial,2026-08,C35,fotodeteccion_previa,1,solicitud,,True
4,oficial,2026-08,D02,fotodeteccion_previa,1,solicitud,,True
4,oficial,2026-08,H03,sast,1343,solicitud,,False
4,oficial,2026-09,C02,agente,1,solicitud,,True
4,oficial,2026-09,C02,fotodeteccion_previa,7,solicitud,,True
4,oficial,2026-09,D02,fotodeteccion_previa,2,solicitud,,True
4,oficial,2026-09,D04,sast,815,solicitud,,True
4,oficial,2026-09,H03,sast,68,solicitud,,False
5,buffer15,2023-01,C02,agente,2,solicitud,,True
5,buffer15,2023-02,C02,agente,1,solicitud,,True
5,buffer15,2023-03,C02,agente,7,solicitud,,True
5,buffer15,2023-03,C14,agente,4,solicitud,,False
5,buffer15,2023-03,C24,agente,1,solicitud,,True
5,buffer15,2023-03,D02,agente,1,solicitud,,True
5,buffer15,2023-03,H03,agente,1,solicitud,,False
5,buffer15,2023-04,C02,agente,13,solicitud,,True
5,buffer15,2023-04,C14,agente,1,solicitud,,False
5,buffer15,2023-04,D02,agente,1,solicitud,,True
5,buffer15,2023-04,H03,agente,2,solicitud,,False
5,buffer15,2023-05,A02,agente,1,solicitud,,False
5,buffer15,2023-05,A03,agente,1,solicitud,,False
5,buffer15,2023-05,C02,agente,23,solicitud,,True
5,buffer15,2023-05,C24,agente,2,solicitud,,True
5,buffer15,2023-05,D02,agente,2,solicitud,,True
5,buffer15,2023-05,D03,agente,1,solicitud,,False
5,buffer15,2023-05,H05,agente,1,solicitud,,False
5,buffer15,2023-06,C02,agente,39,solicitud,,True
5,buffer15,2023-06,C31,agente,1,solicitud,,False
5,buffer15,2023-06,D02,agente,2,solicitud,,True
5,buffer15,2023-06,D03,agente,1,solicitud,,False
5,buffer15,2023-07,B02,agente,1,solicitud,,False
5,buffer15,2023-07,C02,agente,9,solicitud,,True
5,buffer15,2023-07,H03,agente,3,solicitud,,False
5,buffer15,2023-08,C02,agente,21,solicitud,1.0,True
5,buffer15,2023-08,C31,agente,1,solicitud,1.0,False
5,buffer15,2023-09,C02,agente,28,solicitud,1.0,True
5,buffer15,2023-09,C14,agente,1,solicitud,1.0,False
5,buffer15,2023-09,C24,agente,2,solicitud,1.0,True
5,buffer15,2023-09,C35,agente,3,solicitud,1.0,True
5,buffer15,2023-09,D02,agente,3,solicitud,1.0,True
5,buffer15,2023-10,C02,agente,83,solicitud,1.0,True
5,buffer15,2023-10,D03,agente,1,solicitud,1.0,False
5,buffer15,2023-10,D05,agente,3,solicitud,1.0,True
5,buffer15,2023-11,C02,agente,14,solicitud,1.0,True
5,buffer15,2023-12,A01,agente,1,solicitud,1.0,False
5,buffer15,2023-12,C02,agente,65,solicitud,1.0,True
5,buffer15,2023-12,C24,agente,1,solicitud,1.0,True
5,buffer15,2023-12,D02,agente,2,solicitud,1.0,True
5,buffer15,2023-12,D03,agente,1,solicitud,1.0,False
5,buffer15,2023-12,D04,agente,1,solicitud,1.0,True
5,buffer15,2023-12,D05,agente,1,solicitud,1.0,True
5,buffer15,2023-12,H03,agente,3,solicitud,1.0,False
5,buffer15,2024-01,C02,agente,5,solicitud,1.0,True
5,buffer15,2024-01,C35,agente,1,solicitud,1.0,True
5,buffer15,2024-02,C02,agente,16,solicitud,1.0,True
5,buffer15,2024-03,C02,agente,6,solicitud,1.0,True
5,buffer15,2024-03,C02,fotodeteccion_previa,43,solicitud,1.0,True
5,buffer15,2024-03,C35,fotodeteccion_previa,12,solicitud,1.0,True
5,buffer15,2024-03,D02,fotodeteccion_previa,7,solicitud,1.0,True
5,buffer15,2024-04,C02,agente,60,solicitud,1.0,True
5,buffer15,2024-04,C02,fotodeteccion_previa,36,solicitud,1.0,True
5,buffer15,2024-04,C24,agente,2,solicitud,1.0,True
5,buffer15,2024-04,C35,agente,1,solicitud,1.0,True
5,buffer15,2024-04,C35,fotodeteccion_previa,1,solicitud,1.0,True
5,buffer15,2024-04,D02,agente,1,solicitud,1.0,True
5,buffer15,2024-04,F07,agente,1,solicitud,1.0,False
5,buffer15,2024-05,C02,agente,34,solicitud,1.0,True
5,buffer15,2024-05,C02,fotodeteccion_previa,57,solicitud,1.0,True
5,buffer15,2024-05,C03,agente,1,solicitud,1.0,True
5,buffer15,2024-05,C35,agente,2,solicitud,1.0,True
5,buffer15,2024-05,C35,fotodeteccion_previa,4,solicitud,1.0,True
5,buffer15,2024-05,D02,agente,1,solicitud,1.0,True
5,buffer15,2024-05,D02,fotodeteccion_previa,4,solicitud,1.0,True
5,buffer15,2024-06,C02,agente,25,solicitud,1.0,True
5,buffer15,2024-06,C02,fotodeteccion_previa,76,solicitud,1.0,True
5,buffer15,2024-06,C24,agente,1,solicitud,1.0,True
5,buffer15,2024-06,C35,fotodeteccion_previa,4,solicitud,1.0,True
5,buffer15,2024-06,D02,agente,2,solicitud,1.0,True
5,buffer15,2024-06,D02,fotodeteccion_previa,3,solicitud,1.0,True
5,buffer15,2024-07,C02,agente,42,solicitud,1.0,True
5,buffer15,2024-07,C02,fotodeteccion_previa,73,solicitud,1.0,True
5,buffer15,2024-07,C35,fotodeteccion_previa,3,solicitud,1.0,True
5,buffer15,2024-07,D02,agente,3,solicitud,1.0,True
5,buffer15,2024-07,D02,fotodeteccion_previa,3,solicitud,1.0,True
5,buffer15,2024-08,C02,agente,10,solicitud,2.0,True
5,buffer15,2024-08,C02,fotodeteccion_previa,48,solicitud,2.0,True
5,buffer15,2024-08,C35,fotodeteccion_previa,5,solicitud,2.0,True
5,buffer15,2024-08,D02,fotodeteccion_previa,5,solicitud,2.0,True
5,buffer15,2024-08,D04,agente,1,solicitud,2.0,True
5,buffer15,2024-09,C02,agente,19,solicitud,2.0,True
5,buffer15,2024-09,C02,fotodeteccion_previa,52,solicitud,2.0,True
5,buffer15,2024-09,C24,agente,4,solicitud,2.0,True
5,buffer15,2024-09,C32,agente,3,solicitud,2.0,True
5,buffer15,2024-09,C33,agente,1,solicitud,2.0,False
5,buffer15,2024-09,C35,agente,3,solicitud,2.0,True
5,buffer15,2024-09,C35,fotodeteccion_previa,3,solicitud,2.0,True
5,buffer15,2024-09,D02,agente,3,solicitud,2.0,True
5,buffer15,2024-09,D02,fotodeteccion_previa,5,solicitud,2.0,True
5,buffer15,2024-09,D03,agente,1,solicitud,2.0,False
5,buffer15,2024-09,D04,agente,5,solicitud,2.0,True
5,buffer15,2024-10,C02,agente,10,solicitud,2.0,True
5,buffer15,2024-10,C02,fotodeteccion_previa,50,solicitud,2.0,True
5,buffer15,2024-10,C31,agente,1,solicitud,2.0,False
5,buffer15,2024-10,C35,fotodeteccion_previa,4,solicitud,2.0,True
5,buffer15,2024-10,D02,agente,3,solicitud,2.0,True
5,buffer15,2024-10,D02,fotodeteccion_previa,4,solicitud,2.0,True
5,buffer15,2024-10,D03,agente,1,solicitud,2.0,False
5,buffer15,2024-11,C02,agente,12,solicitud,2.0,True
5,buffer15,2024-11,C02,fotodeteccion_previa,71,solicitud,2.0,True
5,buffer15,2024-11,C32,agente,2,solicitud,2.0,True
5,buffer15,2024-11,C35,fotodeteccion_previa,6,solicitud,2.0,True
5,buffer15,2024-11,D02,agente,1,solicitud,2.0,True
5,buffer15,2024-11,D02,fotodeteccion_previa,4,solicitud,2.0,True
5,buffer15,2024-11,D04,agente,2,solicitud,2.0,True
5,buffer15,2024-12,C02,agente,43,solicitud,2.0,True
5,buffer15,2024-12,C02,fotodeteccion_previa,159,solicitud,2.0,True
5,buffer15,2024-12,C35,fotodeteccion_previa,14,solicitud,2.0,True
5,buffer15,2024-12,D02,fotodeteccion_previa,7,solicitud,2.0,True
5,buffer15,2025-01,C02,agente,8,solicitud,2.0,True
5,buffer15,2025-01,C02,fotodeteccion_previa,153,solicitud,2.0,True
5,buffer15,2025-01,C35,fotodeteccion_previa,13,solicitud,2.0,True
5,buffer15,2025-01,D02,fotodeteccion_previa,9,solicitud,2.0,True
5,buffer15,2025-02,C02,agente,2,solicitud,2.0,True
5,buffer15,2025-02,C02,fotodeteccion_previa,145,solicitud,2.0,True
5,buffer15,2025-02,C35,fotodeteccion_previa,13,solicitud,2.0,True
5,buffer15,2025-02,D02,fotodeteccion_previa,7,solicitud,2.0,True
5,buffer15,2025-03,C02,agente,9,solicitud,2.0,True
5,buffer15,2025-03,C02,fotodeteccion_previa,162,solicitud,2.0,True
5,buffer15,2025-03,C03,agente,1,solicitud,2.0,True
5,buffer15,2025-03,C35,agente,2,solicitud,2.0,True
5,buffer15,2025-03,C35,fotodeteccion_previa,11,solicitud,2.0,True
5,buffer15,2025-03,D02,agente,1,solicitud,2.0,True
5,buffer15,2025-03,D02,fotodeteccion_previa,11,solicitud,2.0,True
5,buffer15,2025-03,D03,agente,2,solicitud,2.0,False
5,buffer15,2025-03,D05,agente,1,solicitud,2.0,True
5,buffer15,2025-03,H03,agente,1,solicitud,2.0,False
5,buffer15,2025-04,C02,agente,5,solicitud,2.0,True
5,buffer15,2025-04,C02,fotodeteccion_previa,86,solicitud,2.0,True
5,buffer15,2025-04,C35,fotodeteccion_previa,9,solicitud,2.0,True
5,buffer15,2025-04,D02,fotodeteccion_previa,5,solicitud,2.0,True
5,buffer15,2025-04,D03,agente,1,solicitud,2.0,False
5,buffer15,2025-05,C02,agente,7,solicitud,2.0,True
5,buffer15,2025-05,C02,fotodeteccion_previa,146,solicitud,2.0,True
5,buffer15,2025-05,C35,fotodeteccion_previa,9,solicitud,2.0,True
5,buffer15,2025-05,D02,fotodeteccion_previa,9,solicitud,2.0,True
5,buffer15,2025-06,C02,agente,5,solicitud,2.0,True
5,buffer15,2025-06,C02,fotodeteccion_previa,131,solicitud,2.0,True
5,buffer15,2025-06,C32,agente,1,solicitud,2.0,True
5,buffer15,2025-06,C35,fotodeteccion_previa,5,solicitud,2.0,True
5,buffer15,2025-06,D02,agente,1,solicitud,2.0,True
5,buffer15,2025-06,D02,fotodeteccion_previa,5,solicitud,2.0,True
5,buffer15,2025-07,C02,agente,1,solicitud,2.0,True
5,buffer15,2025-07,C02,fotodeteccion_previa,176,solicitud,2.0,True
5,buffer15,2025-07,C35,fotodeteccion_previa,13,solicitud,2.0,True
5,buffer15,2025-07,D02,fotodeteccion_previa,9,solicitud,2.0,True
5,buffer15,2025-08,C02,agente,4,solicitud,3.0,True
5,buffer15,2025-08,C02,fotodeteccion_previa,141,solicitud,3.0,True
5,buffer15,2025-08,C35,fotodeteccion_previa,5,solicitud,3.0,True
5,buffer15,2025-08,D02,agente,2,solicitud,3.0,True
5,buffer15,2025-08,D02,fotodeteccion_previa,9,solicitud,3.0,True
5,buffer15,2025-09,B03,agente,1,solicitud,3.0,False
5,buffer15,2025-09,C02,agente,14,solicitud,3.0,True
5,buffer15,2025-09,C02,fotodeteccion_previa,169,solicitud,3.0,True
5,buffer15,2025-09,C35,fotodeteccion_previa,13,solicitud,3.0,True
5,buffer15,2025-09,D02,agente,1,solicitud,3.0,True
5,buffer15,2025-09,D02,fotodeteccion_previa,14,solicitud,3.0,True
5,buffer15,2025-10,C02,agente,2,solicitud,3.0,True
5,buffer15,2025-10,C02,fotodeteccion_previa,143,solicitud,3.0,True
5,buffer15,2025-10,C15,agente,1,solicitud,3.0,False
5,buffer15,2025-10,C32,agente,1,solicitud,3.0,True
5,buffer15,2025-10,C35,fotodeteccion_previa,8,solicitud,3.0,True
5,buffer15,2025-10,D02,fotodeteccion_previa,7,solicitud,3.0,True
5,buffer15,2025-11,C02,agente,2,solicitud,3.0,True
5,buffer15,2025-11,C02,fotodeteccion_previa,98,solicitud,3.0,True
5,buffer15,2025-11,C35,fotodeteccion_previa,10,solicitud,3.0,True
5,buffer15,2025-11,D02,fotodeteccion_previa,7,solicitud,3.0,True
5,buffer15,2025-12,C02,agente,11,solicitud,3.0,True
5,buffer15,2025-12,C02,fotodeteccion_previa,68,solicitud,3.0,True
5,buffer15,2025-12,C35,agente,1,solicitud,3.0,True
5,buffer15,2025-12,C35,fotodeteccion_previa,2,solicitud,3.0,True
5,buffer15,2025-12,D02,agente,2,solicitud,3.0,True
5,buffer15,2025-12,D02,fotodeteccion_previa,3,solicitud,3.0,True
5,buffer15,2026-01,C02,agente,1,solicitud,3.0,True
5,buffer15,2026-01,C02,fotodeteccion_previa,80,solicitud,3.0,True
5,buffer15,2026-01,C35,fotodeteccion_previa,4,solicitud,3.0,True
5,buffer15,2026-01,D02,fotodeteccion_previa,2,solicitud,3.0,True
5,buffer15,2026-02,C02,agente,3,solicitud,3.0,True
5,buffer15,2026-02,C02,fotodeteccion_previa,60,solicitud,3.0,True
5,buffer15,2026-02,C24,agente,2,solicitud,3.0,True
5,buffer15,2026-02,C32,agente,5,solicitud,3.0,True
5,buffer15,2026-02,C35,fotodeteccion_previa,3,solicitud,3.0,True
5,buffer15,2026-02,D02,fotodeteccion_previa,2,solicitud,3.0,True
5,buffer15,2026-02,D04,agente,2,solicitud,3.0,True
5,buffer15,2026-02,D05,agente,1,solicitud,3.0,True
5,buffer15,2026-03,B03,agente,2,solicitud,3.0,False
5,buffer15,2026-03,C02,agente,1,solicitud,3.0,True
5,buffer15,2026-03,C02,fotodeteccion_previa,46,solicitud,3.0,True
5,buffer15,2026-03,C35,agente,1,solicitud,3.0,True
5,buffer15,2026-03,C35,fotodeteccion_previa,4,solicitud,3.0,True
5,buffer15,2026-03,D02,fotodeteccion_previa,4,solicitud,3.0,True
5,buffer15,2026-04,C02,fotodeteccion_previa,46,solicitud,3.0,True
5,buffer15,2026-04,C35,fotodeteccion_previa,4,solicitud,3.0,True
5,buffer15,2026-04,D02,fotodeteccion_previa,4,solicitud,3.0,True
5,buffer15,2026-05,C02,agente,4,solicitud,3.0,True
5,buffer15,2026-05,C02,fotodeteccion_previa,50,solicitud,3.0,True
5,buffer15,2026-05,C35,agente,1,solicitud,3.0,True
5,buffer15,2026-05,C35,fotodeteccion_previa,2,solicitud,3.0,True
5,buffer15,2026-05,D02,agente,1,solicitud,3.0,True
5,buffer15,2026-05,D02,fotodeteccion_previa,1,solicitud,3.0,True
5,buffer15,2026-06,A04,agente,1,solicitud,3.0,False
5,buffer15,2026-06,C02,agente,2,solicitud,3.0,True
5,buffer15,2026-06,C02,fotodeteccion_previa,43,solicitud,3.0,True
5,buffer15,2026-06,C31,agente,2,solicitud,3.0,False
5,buffer15,2026-06,C32,agente,1,solicitud,3.0,True
5,buffer15,2026-06,C35,fotodeteccion_previa,3,solicitud,3.0,True
5,buffer15,2026-06,D02,fotodeteccion_previa,2,solicitud,3.0,True
5,buffer15,2026-06,D03,agente,1,solicitud,3.0,False
5,buffer15,2026-07,C02,agente,2,solicitud,3.0,True
5,buffer15,2026-07,C02,fotodeteccion_previa,47,solicitud,3.0,True
5,buffer15,2026-07,C35,agente,1,solicitud,3.0,True
5,buffer15,2026-07,C35,fotodeteccion_previa,3,solicitud,3.0,True
5,buffer15,2026-07,D02,fotodeteccion_previa,3,solicitud,3.0,True
5,buffer15,2026-08,C02,agente,6,solicitud,,True
5,buffer15,2026-08,C02,fotodeteccion_previa,34,solicitud,,True
5,buffer15,2026-08,C35,fotodeteccion_previa,1,solicitud,,True
5,buffer15,2026-08,D02,fotodeteccion_previa,1,solicitud,,True
5,buffer15,2026-09,C02,agente,1,solicitud,,True
5,buffer15,2026-09,C02,fotodeteccion_previa,42,solicitud,,True
5,buffer15,2026-09,C35,fotodeteccion_previa,1,solicitud,,True
5,buffer15,2026-09,D02,fotodeteccion_previa,1,solicitud,,True
5,buffer15,2026-09,D04,sast,992,solicitud,,True
5,buffer15,2026-09,H03,sast,26,solicitud,,False
5,estricto,2023-01,C02,agente,2,solicitud,,True
5,estricto,2023-02,C02,agente,1,solicitud,,True
5,estricto,2023-03,C02,agente,7,solicitud,,True
5,estricto,2023-03,C14,agente,1,solicitud,,False
5,estricto,2023-03,C24,agente,1,solicitud,,True
5,estricto,2023-03,H03,agente,1,solicitud,,False
5,estricto,2023-04,C02,agente,9,solicitud,,True
5,estricto,2023-04,D02,agente,1,solicitud,,True
5,estricto,2023-04,H03,agente,2,solicitud,,False
5,estricto,2023-05,A02,agente,1,solicitud,,False
5,estricto,2023-05,A03,agente,1,solicitud,,False
5,estricto,2023-05,C02,agente,19,solicitud,,True
5,estricto,2023-05,C24,agente,1,solicitud,,True
5,estricto,2023-05,D02,agente,1,solicitud,,True
5,estricto,2023-05,H05,agente,1,solicitud,,False
5,estricto,2023-06,C02,agente,33,solicitud,,True
5,estricto,2023-06,C31,agente,1,solicitud,,False
5,estricto,2023-06,D02,agente,1,solicitud,,True
5,estricto,2023-06,D03,agente,1,solicitud,,False
5,estricto,2023-07,B02,agente,1,solicitud,,False
5,estricto,2023-07,C02,agente,8,solicitud,,True
5,estricto,2023-07,H03,agente,1,solicitud,,False
5,estricto,2023-08,C02,agente,20,solicitud,1.0,True
5,estricto,2023-08,C31,agente,1,solicitud,1.0,False
5,estricto,2023-09,C02,agente,21,solicitud,1.0,True
5,estricto,2023-09,C14,agente,1,solicitud,1.0,False
5,estricto,2023-09,C24,agente,2,solicitud,1.0,True
5,estricto,2023-09,C35,agente,3,solicitud,1.0,True
5,estricto,2023-09,D02,agente,3,solicitud,1.0,True
5,estricto,2023-10,C02,agente,74,solicitud,1.0,True
5,estricto,2023-10,D03,agente,1,solicitud,1.0,False
5,estricto,2023-10,D05,agente,3,solicitud,1.0,True
5,estricto,2023-11,C02,agente,10,solicitud,1.0,True
5,estricto,2023-12,A01,agente,1,solicitud,1.0,False
5,estricto,2023-12,C02,agente,56,solicitud,1.0,True
5,estricto,2023-12,C24,agente,1,solicitud,1.0,True
5,estricto,2023-12,D02,agente,2,solicitud,1.0,True
5,estricto,2023-12,D03,agente,1,solicitud,1.0,False
5,estricto,2023-12,D04,agente,1,solicitud,1.0,True
5,estricto,2023-12,D05,agente,1,solicitud,1.0,True
5,estricto,2023-12,H03,agente,3,solicitud,1.0,False
5,estricto,2024-01,C02,agente,5,solicitud,1.0,True
5,estricto,2024-01,C35,agente,1,solicitud,1.0,True
5,estricto,2024-02,C02,agente,13,solicitud,1.0,True
5,estricto,2024-03,C02,agente,5,solicitud,1.0,True
5,estricto,2024-03,C02,fotodeteccion_previa,28,solicitud,1.0,True
5,estricto,2024-03,C35,fotodeteccion_previa,9,solicitud,1.0,True
5,estricto,2024-03,D02,fotodeteccion_previa,4,solicitud,1.0,True
5,estricto,2024-04,C02,agente,53,solicitud,1.0,True
5,estricto,2024-04,C02,fotodeteccion_previa,30,solicitud,1.0,True
5,estricto,2024-04,C24,agente,1,solicitud,1.0,True
5,estricto,2024-04,C35,agente,1,solicitud,1.0,True
5,estricto,2024-04,C35,fotodeteccion_previa,1,solicitud,1.0,True
5,estricto,2024-04,D02,agente,1,solicitud,1.0,True
5,estricto,2024-04,F07,agente,1,solicitud,1.0,False
5,estricto,2024-05,C02,agente,30,solicitud,1.0,True
5,estricto,2024-05,C02,fotodeteccion_previa,50,solicitud,1.0,True
5,estricto,2024-05,C03,agente,1,solicitud,1.0,True
5,estricto,2024-05,C35,agente,2,solicitud,1.0,True
5,estricto,2024-05,C35,fotodeteccion_previa,4,solicitud,1.0,True
5,estricto,2024-05,D02,agente,1,solicitud,1.0,True
5,estricto,2024-05,D02,fotodeteccion_previa,4,solicitud,1.0,True
5,estricto,2024-06,C02,agente,24,solicitud,1.0,True
5,estricto,2024-06,C02,fotodeteccion_previa,69,solicitud,1.0,True
5,estricto,2024-06,C24,agente,1,solicitud,1.0,True
5,estricto,2024-06,C35,fotodeteccion_previa,4,solicitud,1.0,True
5,estricto,2024-06,D02,agente,2,solicitud,1.0,True
5,estricto,2024-06,D02,fotodeteccion_previa,3,solicitud,1.0,True
5,estricto,2024-07,C02,agente,37,solicitud,1.0,True
5,estricto,2024-07,C02,fotodeteccion_previa,65,solicitud,1.0,True
5,estricto,2024-07,C35,fotodeteccion_previa,3,solicitud,1.0,True
5,estricto,2024-07,D02,agente,1,solicitud,1.0,True
5,estricto,2024-07,D02,fotodeteccion_previa,3,solicitud,1.0,True
5,estricto,2024-08,C02,agente,8,solicitud,2.0,True
5,estricto,2024-08,C02,fotodeteccion_previa,43,solicitud,2.0,True
5,estricto,2024-08,C35,fotodeteccion_previa,4,solicitud,2.0,True
5,estricto,2024-08,D02,fotodeteccion_previa,5,solicitud,2.0,True
5,estricto,2024-08,D04,agente,1,solicitud,2.0,True
5,estricto,2024-09,C02,agente,16,solicitud,2.0,True
5,estricto,2024-09,C02,fotodeteccion_previa,41,solicitud,2.0,True
5,estricto,2024-09,C24,agente,4,solicitud,2.0,True
5,estricto,2024-09,C32,agente,3,solicitud,2.0,True
5,estricto,2024-09,C33,agente,1,solicitud,2.0,False
5,estricto,2024-09,C35,agente,3,solicitud,2.0,True
5,estricto,2024-09,C35,fotodeteccion_previa,3,solicitud,2.0,True
5,estricto,2024-09,D02,agente,3,solicitud,2.0,True
5,estricto,2024-09,D02,fotodeteccion_previa,4,solicitud,2.0,True
5,estricto,2024-09,D03,agente,1,solicitud,2.0,False
5,estricto,2024-09,D04,agente,5,solicitud,2.0,True
5,estricto,2024-10,C02,agente,10,solicitud,2.0,True
5,estricto,2024-10,C02,fotodeteccion_previa,42,solicitud,2.0,True
5,estricto,2024-10,C31,agente,1,solicitud,2.0,False
5,estricto,2024-10,C35,fotodeteccion_previa,4,solicitud,2.0,True
5,estricto,2024-10,D02,agente,3,solicitud,2.0,True
5,estricto,2024-10,D02,fotodeteccion_previa,4,solicitud,2.0,True
5,estricto,2024-10,D03,agente,1,solicitud,2.0,False
5,estricto,2024-11,C02,agente,12,solicitud,2.0,True
5,estricto,2024-11,C02,fotodeteccion_previa,61,solicitud,2.0,True
5,estricto,2024-11,C32,agente,2,solicitud,2.0,True
5,estricto,2024-11,C35,fotodeteccion_previa,4,solicitud,2.0,True
5,estricto,2024-11,D02,agente,1,solicitud,2.0,True
5,estricto,2024-11,D02,fotodeteccion_previa,3,solicitud,2.0,True
5,estricto,2024-11,D04,agente,2,solicitud,2.0,True
5,estricto,2024-12,C02,agente,36,solicitud,2.0,True
5,estricto,2024-12,C02,fotodeteccion_previa,124,solicitud,2.0,True
5,estricto,2024-12,C35,fotodeteccion_previa,11,solicitud,2.0,True
5,estricto,2024-12,D02,fotodeteccion_previa,5,solicitud,2.0,True
5,estricto,2025-01,C02,agente,6,solicitud,2.0,True
5,estricto,2025-01,C02,fotodeteccion_previa,121,solicitud,2.0,True
5,estricto,2025-01,C35,fotodeteccion_previa,9,solicitud,2.0,True
5,estricto,2025-01,D02,fotodeteccion_previa,5,solicitud,2.0,True
5,estricto,2025-02,C02,agente,2,solicitud,2.0,True
5,estricto,2025-02,C02,fotodeteccion_previa,112,solicitud,2.0,True
5,estricto,2025-02,C35,fotodeteccion_previa,11,solicitud,2.0,True
5,estricto,2025-02,D02,fotodeteccion_previa,4,solicitud,2.0,True
5,estricto,2025-03,C02,agente,8,solicitud,2.0,True
5,estricto,2025-03,C02,fotodeteccion_previa,162,solicitud,2.0,True
5,estricto,2025-03,C03,agente,1,solicitud,2.0,True
5,estricto,2025-03,C35,agente,2,solicitud,2.0,True
5,estricto,2025-03,C35,fotodeteccion_previa,11,solicitud,2.0,True
5,estricto,2025-03,D02,agente,1,solicitud,2.0,True
5,estricto,2025-03,D02,fotodeteccion_previa,11,solicitud,2.0,True
5,estricto,2025-03,D03,agente,2,solicitud,2.0,False
5,estricto,2025-03,D05,agente,1,solicitud,2.0,True
5,estricto,2025-04,C02,agente,4,solicitud,2.0,True
5,estricto,2025-04,C02,fotodeteccion_previa,86,solicitud,2.0,True
5,estricto,2025-04,C35,fotodeteccion_previa,9,solicitud,2.0,True
5,estricto,2025-04,D02,fotodeteccion_previa,5,solicitud,2.0,True
5,estricto,2025-04,D03,agente,1,solicitud,2.0,False
5,estricto,2025-05,C02,agente,5,solicitud,2.0,True
5,estricto,2025-05,C02,fotodeteccion_previa,146,solicitud,2.0,True
5,estricto,2025-05,C35,fotodeteccion_previa,9,solicitud,2.0,True
5,estricto,2025-05,D02,fotodeteccion_previa,9,solicitud,2.0,True
5,estricto,2025-06,C02,agente,5,solicitud,2.0,True
5,estricto,2025-06,C02,fotodeteccion_previa,131,solicitud,2.0,True
5,estricto,2025-06,C32,agente,1,solicitud,2.0,True
5,estricto,2025-06,C35,fotodeteccion_previa,5,solicitud,2.0,True
5,estricto,2025-06,D02,agente,1,solicitud,2.0,True
5,estricto,2025-06,D02,fotodeteccion_previa,5,solicitud,2.0,True
5,estricto,2025-07,C02,agente,1,solicitud,2.0,True
5,estricto,2025-07,C02,fotodeteccion_previa,176,solicitud,2.0,True
5,estricto,2025-07,C35,fotodeteccion_previa,13,solicitud,2.0,True
5,estricto,2025-07,D02,fotodeteccion_previa,9,solicitud,2.0,True
5,estricto,2025-08,C02,agente,2,solicitud,3.0,True
5,estricto,2025-08,C02,fotodeteccion_previa,141,solicitud,3.0,True
5,estricto,2025-08,C35,fotodeteccion_previa,5,solicitud,3.0,True
5,estricto,2025-08,D02,agente,2,solicitud,3.0,True
5,estricto,2025-08,D02,fotodeteccion_previa,9,solicitud,3.0,True
5,estricto,2025-09,B03,agente,1,solicitud,3.0,False
5,estricto,2025-09,C02,agente,12,solicitud,3.0,True
5,estricto,2025-09,C02,fotodeteccion_previa,169,solicitud,3.0,True
5,estricto,2025-09,C35,fotodeteccion_previa,13,solicitud,3.0,True
5,estricto,2025-09,D02,agente,1,solicitud,3.0,True
5,estricto,2025-09,D02,fotodeteccion_previa,14,solicitud,3.0,True
5,estricto,2025-10,C02,agente,2,solicitud,3.0,True
5,estricto,2025-10,C02,fotodeteccion_previa,143,solicitud,3.0,True
5,estricto,2025-10,C15,agente,1,solicitud,3.0,False
5,estricto,2025-10,C32,agente,1,solicitud,3.0,True
5,estricto,2025-10,C35,fotodeteccion_previa,8,solicitud,3.0,True
5,estricto,2025-10,D02,fotodeteccion_previa,7,solicitud,3.0,True
5,estricto,2025-11,C02,agente,1,solicitud,3.0,True
5,estricto,2025-11,C02,fotodeteccion_previa,98,solicitud,3.0,True
5,estricto,2025-11,C35,fotodeteccion_previa,10,solicitud,3.0,True
5,estricto,2025-11,D02,fotodeteccion_previa,7,solicitud,3.0,True
5,estricto,2025-12,C02,agente,6,solicitud,3.0,True
5,estricto,2025-12,C02,fotodeteccion_previa,68,solicitud,3.0,True
5,estricto,2025-12,C35,agente,1,solicitud,3.0,True
5,estricto,2025-12,C35,fotodeteccion_previa,2,solicitud,3.0,True
5,estricto,2025-12,D02,agente,1,solicitud,3.0,True
5,estricto,2025-12,D02,fotodeteccion_previa,3,solicitud,3.0,True
5,estricto,2026-01,C02,fotodeteccion_previa,80,solicitud,3.0,True
5,estricto,2026-01,C35,fotodeteccion_previa,4,solicitud,3.0,True
5,estricto,2026-01,D02,fotodeteccion_previa,2,solicitud,3.0,True
5,estricto,2026-02,C02,agente,2,solicitud,3.0,True
5,estricto,2026-02,C02,fotodeteccion_previa,60,solicitud,3.0,True
5,estricto,2026-02,C24,agente,2,solicitud,3.0,True
5,estricto,2026-02,C32,agente,5,solicitud,3.0,True
5,estricto,2026-02,C35,fotodeteccion_previa,3,solicitud,3.0,True
5,estricto,2026-02,D02,fotodeteccion_previa,2,solicitud,3.0,True
5,estricto,2026-02,D04,agente,2,solicitud,3.0,True
5,estricto,2026-02,D05,agente,1,solicitud,3.0,True
5,estricto,2026-03,B03,agente,2,solicitud,3.0,False
5,estricto,2026-03,C02,fotodeteccion_previa,46,solicitud,3.0,True
5,estricto,2026-03,C35,agente,1,solicitud,3.0,True
5,estricto,2026-03,C35,fotodeteccion_previa,4,solicitud,3.0,True
5,estricto,2026-03,D02,fotodeteccion_previa,4,solicitud,3.0,True
5,estricto,2026-04,C02,fotodeteccion_previa,46,solicitud,3.0,True
5,estricto,2026-04,C35,fotodeteccion_previa,4,solicitud,3.0,True
5,estricto,2026-04,D02,fotodeteccion_previa,4,solicitud,3.0,True
5,estricto,2026-05,C02,agente,4,solicitud,3.0,True
5,estricto,2026-05,C02,fotodeteccion_previa,50,solicitud,3.0,True
5,estricto,2026-05,C35,agente,1,solicitud,3.0,True
5,estricto,2026-05,C35,fotodeteccion_previa,2,solicitud,3.0,True
5,estricto,2026-05,D02,agente,1,solicitud,3.0,True
5,estricto,2026-05,D02,fotodeteccion_previa,1,solicitud,3.0,True
5,estricto,2026-06,A04,agente,1,solicitud,3.0,False
5,estricto,2026-06,C02,agente,2,solicitud,3.0,True
5,estricto,2026-06,C02,fotodeteccion_previa,43,solicitud,3.0,True
5,estricto,2026-06,C31,agente,2,solicitud,3.0,False
5,estricto,2026-06,C32,agente,1,solicitud,3.0,True
5,estricto,2026-06,C35,fotodeteccion_previa,3,solicitud,3.0,True
5,estricto,2026-06,D02,fotodeteccion_previa,2,solicitud,3.0,True
5,estricto,2026-06,D03,agente,1,solicitud,3.0,False
5,estricto,2026-07,C02,agente,2,solicitud,3.0,True
5,estricto,2026-07,C02,fotodeteccion_previa,47,solicitud,3.0,True
5,estricto,2026-07,C35,agente,1,solicitud,3.0,True
5,estricto,2026-07,C35,fotodeteccion_previa,3,solicitud,3.0,True
5,estricto,2026-07,D02,fotodeteccion_previa,3,solicitud,3.0,True
5,estricto,2026-08,C02,agente,6,solicitud,,True
5,estricto,2026-08,C02,fotodeteccion_previa,34,solicitud,,True
5,estricto,2026-08,C35,fotodeteccion_previa,1,solicitud,,True
5,estricto,2026-08,D02,fotodeteccion_previa,1,solicitud,,True
5,estricto,2026-09,C02,fotodeteccion_previa,42,solicitud,,True
5,estricto,2026-09,C35,fotodeteccion_previa,1,solicitud,,True
5,estricto,2026-09,D02,fotodeteccion_previa,1,solicitud,,True
5,estricto,2026-09,D04,sast,992,solicitud,,True
5,estricto,2026-09,H03,sast,26,solicitud,,False
5,oficial,2023-01,C02,agente,2,solicitud,,True
5,oficial,2023-02,C02,agente,1,solicitud,,True
5,oficial,2023-03,C02,agente,7,solicitud,,True
5,oficial,2023-03,C14,agente,3,solicitud,,False
5,oficial,2023-03,C24,agente,1,solicitud,,True
5,oficial,2023-03,H03,agente,1,solicitud,,False
5,oficial,2023-04,C02,agente,10,solicitud,,True
5,oficial,2023-04,C14,agente,1,solicitud,,False
5,oficial,2023-04,D02,agente,1,solicitud,,True
5,oficial,2023-04,H03,agente,2,solicitud,,False
5,oficial,2023-05,A02,agente,1,solicitud,,False
5,oficial,2023-05,A03,agente,1,solicitud,,False
5,oficial,2023-05,C02,agente,19,solicitud,,True
5,oficial,2023-05,C24,agente,2,solicitud,,True
5,oficial,2023-05,D02,agente,1,solicitud,,True
5,oficial,2023-05,D03,agente,1,solicitud,,False
5,oficial,2023-05,H05,agente,1,solicitud,,False
5,oficial,2023-06,C02,agente,36,solicitud,,True
5,oficial,2023-06,C31,agente,1,solicitud,,False
5,oficial,2023-06,D02,agente,2,solicitud,,True
5,oficial,2023-06,D03,agente,1,solicitud,,False
5,oficial,2023-07,B02,agente,1,solicitud,,False
5,oficial,2023-07,C02,agente,8,solicitud,,True
5,oficial,2023-07,H03,agente,1,solicitud,,False
5,oficial,2023-08,C02,agente,20,solicitud,1.0,True
5,oficial,2023-08,C31,agente,1,solicitud,1.0,False
5,oficial,2023-09,C02,agente,22,solicitud,1.0,True
5,oficial,2023-09,C14,agente,1,solicitud,1.0,False
5,oficial,2023-09,C24,agente,2,solicitud,1.0,True
5,oficial,2023-09,C35,agente,3,solicitud,1.0,True
5,oficial,2023-09,D02,agente,3,solicitud,1.0,True
5,oficial,2023-10,C02,agente,78,solicitud,1.0,True
5,oficial,2023-10,D03,agente,1,solicitud,1.0,False
5,oficial,2023-10,D05,agente,3,solicitud,1.0,True
5,oficial,2023-11,C02,agente,11,solicitud,1.0,True
5,oficial,2023-12,A01,agente,1,solicitud,1.0,False
5,oficial,2023-12,C02,agente,59,solicitud,1.0,True
5,oficial,2023-12,C24,agente,1,solicitud,1.0,True
5,oficial,2023-12,D02,agente,2,solicitud,1.0,True
5,oficial,2023-12,D03,agente,1,solicitud,1.0,False
5,oficial,2023-12,D04,agente,1,solicitud,1.0,True
5,oficial,2023-12,D05,agente,1,solicitud,1.0,True
5,oficial,2023-12,H03,agente,3,solicitud,1.0,False
5,oficial,2024-01,C02,agente,5,solicitud,1.0,True
5,oficial,2024-01,C35,agente,1,solicitud,1.0,True
5,oficial,2024-02,C02,agente,14,solicitud,1.0,True
5,oficial,2024-03,C02,agente,5,solicitud,1.0,True
5,oficial,2024-03,C02,fotodeteccion_previa,28,solicitud,1.0,True
5,oficial,2024-03,C35,fotodeteccion_previa,9,solicitud,1.0,True
5,oficial,2024-03,D02,fotodeteccion_previa,4,solicitud,1.0,True
5,oficial,2024-04,C02,agente,59,solicitud,1.0,True
5,oficial,2024-04,C02,fotodeteccion_previa,30,solicitud,1.0,True
5,oficial,2024-04,C24,agente,2,solicitud,1.0,True
5,oficial,2024-04,C35,agente,1,solicitud,1.0,True
5,oficial,2024-04,C35,fotodeteccion_previa,1,solicitud,1.0,True
5,oficial,2024-04,D02,agente,1,solicitud,1.0,True
5,oficial,2024-04,F07,agente,1,solicitud,1.0,False
5,oficial,2024-05,C02,agente,32,solicitud,1.0,True
5,oficial,2024-05,C02,fotodeteccion_previa,50,solicitud,1.0,True
5,oficial,2024-05,C03,agente,1,solicitud,1.0,True
5,oficial,2024-05,C35,agente,2,solicitud,1.0,True
5,oficial,2024-05,C35,fotodeteccion_previa,4,solicitud,1.0,True
5,oficial,2024-05,D02,agente,1,solicitud,1.0,True
5,oficial,2024-05,D02,fotodeteccion_previa,4,solicitud,1.0,True
5,oficial,2024-06,C02,agente,24,solicitud,1.0,True
5,oficial,2024-06,C02,fotodeteccion_previa,69,solicitud,1.0,True
5,oficial,2024-06,C24,agente,1,solicitud,1.0,True
5,oficial,2024-06,C35,fotodeteccion_previa,4,solicitud,1.0,True
5,oficial,2024-06,D02,agente,2,solicitud,1.0,True
5,oficial,2024-06,D02,fotodeteccion_previa,3,solicitud,1.0,True
5,oficial,2024-07,C02,agente,40,solicitud,1.0,True
5,oficial,2024-07,C02,fotodeteccion_previa,65,solicitud,1.0,True
5,oficial,2024-07,C35,fotodeteccion_previa,3,solicitud,1.0,True
5,oficial,2024-07,D02,agente,2,solicitud,1.0,True
5,oficial,2024-07,D02,fotodeteccion_previa,3,solicitud,1.0,True
5,oficial,2024-08,C02,agente,9,solicitud,2.0,True
5,oficial,2024-08,C02,fotodeteccion_previa,43,solicitud,2.0,True
5,oficial,2024-08,C35,fotodeteccion_previa,4,solicitud,2.0,True
5,oficial,2024-08,D02,fotodeteccion_previa,5,solicitud,2.0,True
5,oficial,2024-08,D04,agente,1,solicitud,2.0,True
5,oficial,2024-09,C02,agente,16,solicitud,2.0,True
5,oficial,2024-09,C02,fotodeteccion_previa,41,solicitud,2.0,True
5,oficial,2024-09,C24,agente,4,solicitud,2.0,True
5,oficial,2024-09,C32,agente,3,solicitud,2.0,True
5,oficial,2024-09,C33,agente,1,solicitud,2.0,False
5,oficial,2024-09,C35,agente,3,solicitud,2.0,True
5,oficial,2024-09,C35,fotodeteccion_previa,3,solicitud,2.0,True
5,oficial,2024-09,D02,agente,3,solicitud,2.0,True
5,oficial,2024-09,D02,fotodeteccion_previa,4,solicitud,2.0,True
5,oficial,2024-09,D03,agente,1,solicitud,2.0,False
5,oficial,2024-09,D04,agente,5,solicitud,2.0,True
5,oficial,2024-10,C02,agente,10,solicitud,2.0,True
5,oficial,2024-10,C02,fotodeteccion_previa,42,solicitud,2.0,True
5,oficial,2024-10,C31,agente,1,solicitud,2.0,False
5,oficial,2024-10,C35,fotodeteccion_previa,4,solicitud,2.0,True
5,oficial,2024-10,D02,agente,3,solicitud,2.0,True
5,oficial,2024-10,D02,fotodeteccion_previa,4,solicitud,2.0,True
5,oficial,2024-10,D03,agente,1,solicitud,2.0,False
5,oficial,2024-11,C02,agente,12,solicitud,2.0,True
5,oficial,2024-11,C02,fotodeteccion_previa,61,solicitud,2.0,True
5,oficial,2024-11,C32,agente,2,solicitud,2.0,True
5,oficial,2024-11,C35,fotodeteccion_previa,4,solicitud,2.0,True
5,oficial,2024-11,D02,agente,1,solicitud,2.0,True
5,oficial,2024-11,D02,fotodeteccion_previa,3,solicitud,2.0,True
5,oficial,2024-11,D04,agente,2,solicitud,2.0,True
5,oficial,2024-12,C02,agente,41,solicitud,2.0,True
5,oficial,2024-12,C02,fotodeteccion_previa,124,solicitud,2.0,True
5,oficial,2024-12,C35,fotodeteccion_previa,11,solicitud,2.0,True
5,oficial,2024-12,D02,fotodeteccion_previa,5,solicitud,2.0,True
5,oficial,2025-01,C02,agente,7,solicitud,2.0,True
5,oficial,2025-01,C02,fotodeteccion_previa,121,solicitud,2.0,True
5,oficial,2025-01,C35,fotodeteccion_previa,9,solicitud,2.0,True
5,oficial,2025-01,D02,fotodeteccion_previa,5,solicitud,2.0,True
5,oficial,2025-02,C02,agente,2,solicitud,2.0,True
5,oficial,2025-02,C02,fotodeteccion_previa,112,solicitud,2.0,True
5,oficial,2025-02,C35,fotodeteccion_previa,11,solicitud,2.0,True
5,oficial,2025-02,D02,fotodeteccion_previa,4,solicitud,2.0,True
5,oficial,2025-03,C02,agente,9,solicitud,2.0,True
5,oficial,2025-03,C02,fotodeteccion_previa,162,solicitud,2.0,True
5,oficial,2025-03,C03,agente,1,solicitud,2.0,True
5,oficial,2025-03,C35,agente,2,solicitud,2.0,True
5,oficial,2025-03,C35,fotodeteccion_previa,11,solicitud,2.0,True
5,oficial,2025-03,D02,agente,1,solicitud,2.0,True
5,oficial,2025-03,D02,fotodeteccion_previa,11,solicitud,2.0,True
5,oficial,2025-03,D03,agente,2,solicitud,2.0,False
5,oficial,2025-03,D05,agente,1,solicitud,2.0,True
5,oficial,2025-03,H03,agente,1,solicitud,2.0,False
5,oficial,2025-04,C02,agente,4,solicitud,2.0,True
5,oficial,2025-04,C02,fotodeteccion_previa,86,solicitud,2.0,True
5,oficial,2025-04,C35,fotodeteccion_previa,9,solicitud,2.0,True
5,oficial,2025-04,D02,fotodeteccion_previa,5,solicitud,2.0,True
5,oficial,2025-04,D03,agente,1,solicitud,2.0,False
5,oficial,2025-05,C02,agente,6,solicitud,2.0,True
5,oficial,2025-05,C02,fotodeteccion_previa,146,solicitud,2.0,True
5,oficial,2025-05,C35,fotodeteccion_previa,9,solicitud,2.0,True
5,oficial,2025-05,D02,fotodeteccion_previa,9,solicitud,2.0,True
5,oficial,2025-06,C02,agente,5,solicitud,2.0,True
5,oficial,2025-06,C02,fotodeteccion_previa,131,solicitud,2.0,True
5,oficial,2025-06,C32,agente,1,solicitud,2.0,True
5,oficial,2025-06,C35,fotodeteccion_previa,5,solicitud,2.0,True
5,oficial,2025-06,D02,agente,1,solicitud,2.0,True
5,oficial,2025-06,D02,fotodeteccion_previa,5,solicitud,2.0,True
5,oficial,2025-07,C02,agente,1,solicitud,2.0,True
5,oficial,2025-07,C02,fotodeteccion_previa,176,solicitud,2.0,True
5,oficial,2025-07,C35,fotodeteccion_previa,13,solicitud,2.0,True
5,oficial,2025-07,D02,fotodeteccion_previa,9,solicitud,2.0,True
5,oficial,2025-08,C02,agente,4,solicitud,3.0,True
5,oficial,2025-08,C02,fotodeteccion_previa,141,solicitud,3.0,True
5,oficial,2025-08,C35,fotodeteccion_previa,5,solicitud,3.0,True
5,oficial,2025-08,D02,agente,2,solicitud,3.0,True
5,oficial,2025-08,D02,fotodeteccion_previa,9,solicitud,3.0,True
5,oficial,2025-09,B03,agente,1,solicitud,3.0,False
5,oficial,2025-09,C02,agente,13,solicitud,3.0,True
5,oficial,2025-09,C02,fotodeteccion_previa,169,solicitud,3.0,True
5,oficial,2025-09,C35,fotodeteccion_previa,13,solicitud,3.0,True
5,oficial,2025-09,D02,agente,1,solicitud,3.0,True
5,oficial,2025-09,D02,fotodeteccion_previa,14,solicitud,3.0,True
5,oficial,2025-10,C02,agente,2,solicitud,3.0,True
5,oficial,2025-10,C02,fotodeteccion_previa,143,solicitud,3.0,True
5,oficial,2025-10,C15,agente,1,solicitud,3.0,False
5,oficial,2025-10,C32,agente,1,solicitud,3.0,True
5,oficial,2025-10,C35,fotodeteccion_previa,8,solicitud,3.0,True
5,oficial,2025-10,D02,fotodeteccion_previa,7,solicitud,3.0,True
5,oficial,2025-11,C02,agente,2,solicitud,3.0,True
5,oficial,2025-11,C02,fotodeteccion_previa,98,solicitud,3.0,True
5,oficial,2025-11,C35,fotodeteccion_previa,10,solicitud,3.0,True
5,oficial,2025-11,D02,fotodeteccion_previa,7,solicitud,3.0,True
5,oficial,2025-12,C02,agente,6,solicitud,3.0,True
5,oficial,2025-12,C02,fotodeteccion_previa,68,solicitud,3.0,True
5,oficial,2025-12,C35,agente,1,solicitud,3.0,True
5,oficial,2025-12,C35,fotodeteccion_previa,2,solicitud,3.0,True
5,oficial,2025-12,D02,agente,1,solicitud,3.0,True
5,oficial,2025-12,D02,fotodeteccion_previa,3,solicitud,3.0,True
5,oficial,2026-01,C02,agente,1,solicitud,3.0,True
5,oficial,2026-01,C02,fotodeteccion_previa,80,solicitud,3.0,True
5,oficial,2026-01,C35,fotodeteccion_previa,4,solicitud,3.0,True
5,oficial,2026-01,D02,fotodeteccion_previa,2,solicitud,3.0,True
5,oficial,2026-02,C02,agente,2,solicitud,3.0,True
5,oficial,2026-02,C02,fotodeteccion_previa,60,solicitud,3.0,True
5,oficial,2026-02,C24,agente,2,solicitud,3.0,True
5,oficial,2026-02,C32,agente,5,solicitud,3.0,True
5,oficial,2026-02,C35,fotodeteccion_previa,3,solicitud,3.0,True
5,oficial,2026-02,D02,fotodeteccion_previa,2,solicitud,3.0,True
5,oficial,2026-02,D04,agente,2,solicitud,3.0,True
5,oficial,2026-02,D05,agente,1,solicitud,3.0,True
5,oficial,2026-03,B03,agente,2,solicitud,3.0,False
5,oficial,2026-03,C02,agente,1,solicitud,3.0,True
5,oficial,2026-03,C02,fotodeteccion_previa,46,solicitud,3.0,True
5,oficial,2026-03,C35,agente,1,solicitud,3.0,True
5,oficial,2026-03,C35,fotodeteccion_previa,4,solicitud,3.0,True
5,oficial,2026-03,D02,fotodeteccion_previa,4,solicitud,3.0,True
5,oficial,2026-04,C02,fotodeteccion_previa,46,solicitud,3.0,True
5,oficial,2026-04,C35,fotodeteccion_previa,4,solicitud,3.0,True
5,oficial,2026-04,D02,fotodeteccion_previa,4,solicitud,3.0,True
5,oficial,2026-05,C02,agente,4,solicitud,3.0,True
5,oficial,2026-05,C02,fotodeteccion_previa,50,solicitud,3.0,True
5,oficial,2026-05,C35,agente,1,solicitud,3.0,True
5,oficial,2026-05,C35,fotodeteccion_previa,2,solicitud,3.0,True
5,oficial,2026-05,D02,agente,1,solicitud,3.0,True
5,oficial,2026-05,D02,fotodeteccion_previa,1,solicitud,3.0,True
5,oficial,2026-06,A04,agente,1,solicitud,3.0,False
5,oficial,2026-06,C02,agente,2,solicitud,3.0,True
5,oficial,2026-06,C02,fotodeteccion_previa,43,solicitud,3.0,True
5,oficial,2026-06,C31,agente,2,solicitud,3.0,False
5,oficial,2026-06,C32,agente,1,solicitud,3.0,True
5,oficial,2026-06,C35,fotodeteccion_previa,3,solicitud,3.0,True
5,oficial,2026-06,D02,fotodeteccion_previa,2,solicitud,3.0,True
5,oficial,2026-06,D03,agente,1,solicitud,3.0,False
5,oficial,2026-07,C02,agente,2,solicitud,3.0,True
5,oficial,2026-07,C02,fotodeteccion_previa,47,solicitud,3.0,True
5,oficial,2026-07,C35,agente,1,solicitud,3.0,True
5,oficial,2026-07,C35,fotodeteccion_previa,3,solicitud,3.0,True
5,oficial,2026-07,D02,fotodeteccion_previa,3,solicitud,3.0,True
5,oficial,2026-08,C02,agente,6,solicitud,,True
5,oficial,2026-08,C02,fotodeteccion_previa,34,solicitud,,True
5,oficial,2026-08,C35,fotodeteccion_previa,1,solicitud,,True
5,oficial,2026-08,D02,fotodeteccion_previa,1,solicitud,,True
5,oficial,2026-09,C02,fotodeteccion_previa,42,solicitud,,True
5,oficial,2026-09,C35,fotodeteccion_previa,1,solicitud,,True
5,oficial,2026-09,D02,fotodeteccion_previa,1,solicitud,,True
5,oficial,2026-09,D04,sast,992,solicitud,,True
5,oficial,2026-09,H03,sast,26,solicitud,,False
7,buffer15,2023-04,C24,agente,2,solicitud,,True
7,buffer15,2023-04,C35,agente,1,solicitud,,True
7,buffer15,2023-04,D01,agente,1,solicitud,,False
7,buffer15,2023-04,D02,agente,3,solicitud,,True
7,buffer15,2023-05,C02,agente,1,solicitud,,True
7,buffer15,2023-05,C24,agente,1,solicitud,,True
7,buffer15,2023-05,C35,agente,2,solicitud,,True
7,buffer15,2023-05,D01,agente,3,solicitud,,False
7,buffer15,2023-07,D02,agente,1,solicitud,,True
7,buffer15,2023-09,C02,agente,1,solicitud,,True
7,buffer15,2023-09,C14,agente,2,solicitud,,False
7,buffer15,2023-09,C35,agente,3,solicitud,,True
7,buffer15,2023-09,D02,agente,4,solicitud,,True
7,buffer15,2023-09,D07,agente,1,solicitud,,False
7,buffer15,2023-10,B02,agente,1,solicitud,1.0,False
7,buffer15,2023-10,C24,agente,1,solicitud,1.0,True
7,buffer15,2023-10,D02,agente,1,solicitud,1.0,True
7,buffer15,2023-12,C02,agente,1,solicitud,1.0,True
7,buffer15,2023-12,C06,agente,1,solicitud,1.0,False
7,buffer15,2023-12,C24,agente,7,solicitud,1.0,True
7,buffer15,2023-12,C35,agente,4,solicitud,1.0,True
7,buffer15,2023-12,D01,agente,2,solicitud,1.0,False
7,buffer15,2024-09,C06,agente,1,solicitud,1.0,False
7,buffer15,2024-09,C24,agente,2,solicitud,1.0,True
7,buffer15,2024-09,D01,agente,1,solicitud,1.0,False
7,buffer15,2024-09,D05,agente,1,solicitud,1.0,True
7,buffer15,2025-03,C24,agente,1,solicitud,2.0,True
7,buffer15,2025-05,C32,agente,1,solicitud,2.0,True
7,buffer15,2025-06,D02,agente,1,solicitud,2.0,True
7,buffer15,2025-07,C02,agente,1,solicitud,2.0,True
7,buffer15,2025-09,C32,agente,2,solicitud,2.0,True
7,buffer15,2025-09,C35,agente,2,solicitud,2.0,True
7,buffer15,2025-09,D02,agente,1,solicitud,2.0,True
7,buffer15,2025-12,C02,agente,1,solicitud,3.0,True
7,buffer15,2026-01,D02,agente,1,solicitud,3.0,True
7,estricto,2023-04,C24,agente,2,solicitud,,True
7,estricto,2023-04,C35,agente,1,solicitud,,True
7,estricto,2023-04,D01,agente,1,solicitud,,False
7,estricto,2023-04,D02,agente,3,solicitud,,True
7,estricto,2023-05,C02,agente,1,solicitud,,True
7,estricto,2023-05,C24,agente,1,solicitud,,True
7,estricto,2023-05,C35,agente,2,solicitud,,True
7,estricto,2023-05,D01,agente,3,solicitud,,False
7,estricto,2023-07,D02,agente,1,solicitud,,True
7,estricto,2023-09,C02,agente,1,solicitud,,True
7,estricto,2023-09,C14,agente,2,solicitud,,False
7,estricto,2023-09,C35,agente,3,solicitud,,True
7,estricto,2023-09,D02,agente,4,solicitud,,True
7,estricto,2023-09,D07,agente,1,solicitud,,False
7,estricto,2023-10,B02,agente,1,solicitud,1.0,False
7,estricto,2023-10,D02,agente,1,solicitud,1.0,True
7,estricto,2023-12,C06,agente,1,solicitud,1.0,False
7,estricto,2023-12,C24,agente,7,solicitud,1.0,True
7,estricto,2023-12,C35,agente,4,solicitud,1.0,True
7,estricto,2023-12,D01,agente,2,solicitud,1.0,False
7,estricto,2024-09,C06,agente,1,solicitud,1.0,False
7,estricto,2024-09,C24,agente,2,solicitud,1.0,True
7,estricto,2024-09,D01,agente,1,solicitud,1.0,False
7,estricto,2024-09,D05,agente,1,solicitud,1.0,True
7,estricto,2025-03,C24,agente,1,solicitud,2.0,True
7,estricto,2025-05,C32,agente,1,solicitud,2.0,True
7,estricto,2025-07,C02,agente,1,solicitud,2.0,True
7,estricto,2025-09,C32,agente,2,solicitud,2.0,True
7,estricto,2025-09,C35,agente,1,solicitud,2.0,True
7,estricto,2025-09,D02,agente,1,solicitud,2.0,True
7,estricto,2026-01,D02,agente,1,solicitud,3.0,True
7,oficial,2023-04,C24,agente,2,solicitud,,True
7,oficial,2023-04,C35,agente,1,solicitud,,True
7,oficial,2023-04,D01,agente,1,solicitud,,False
7,oficial,2023-04,D02,agente,3,solicitud,,True
7,oficial,2023-05,C02,agente,1,solicitud,,True
7,oficial,2023-05,C24,agente,1,solicitud,,True
7,oficial,2023-05,C35,agente,2,solicitud,,True
7,oficial,2023-05,D01,agente,3,solicitud,,False
7,oficial,2023-07,D02,agente,1,solicitud,,True
7,oficial,2023-09,C02,agente,1,solicitud,,True
7,oficial,2023-09,C14,agente,2,solicitud,,False
7,oficial,2023-09,C35,agente,3,solicitud,,True
7,oficial,2023-09,D02,agente,4,solicitud,,True
7,oficial,2023-09,D07,agente,1,solicitud,,False
7,oficial,2023-10,B02,agente,1,solicitud,1.0,False
7,oficial,2023-10,C24,agente,1,solicitud,1.0,True
7,oficial,2023-10,D02,agente,1,solicitud,1.0,True
7,oficial,2023-12,C02,agente,1,solicitud,1.0,True
7,oficial,2023-12,C06,agente,1,solicitud,1.0,False
7,oficial,2023-12,C24,agente,7,solicitud,1.0,True
7,oficial,2023-12,C35,agente,4,solicitud,1.0,True
7,oficial,2023-12,D01,agente,2,solicitud,1.0,False
7,oficial,2024-09,C06,agente,1,solicitud,1.0,False
7,oficial,2024-09,C24,agente,2,solicitud,1.0,True
7,oficial,2024-09,D01,agente,1,solicitud,1.0,False
7,oficial,2024-09,D05,agente,1,solicitud,1.0,True
7,oficial,2025-03,C24,agente,1,solicitud,2.0,True
7,oficial,2025-05,C32,agente,1,solicitud,2.0,True
7,oficial,2025-06,D02,agente,1,solicitud,2.0,True
7,oficial,2025-07,C02,agente,1,solicitud,2.0,True
7,oficial,2025-09,C32,agente,2,solicitud,2.0,True
7,oficial,2025-09,C35,agente,1,solicitud,2.0,True
7,oficial,2025-09,D02,agente,1,solicitud,2.0,True
7,oficial,2025-12,C02,agente,1,solicitud,3.0,True
7,oficial,2026-01,D02,agente,1,solicitud,3.0,True
2,buffer15,2023-08,Fallecidos,portal,1,solicitud,,True
2,oficial,2023-08,Fallecidos,portal,1,solicitud,,True
3,buffer15,2024-01,Fallecidos,portal,1,solicitud,1.0,True
3,buffer15,2025-01,Fallecidos,portal,1,solicitud,2.0,True
3,buffer15,2025-06,Fallecidos,portal,1,solicitud,2.0,True
3,buffer15,2026-06,Fallecidos,portal,0,solicitud,3.0,True
3,buffer15,2026-07,Fallecidos,portal,0,solicitud,3.0,True
3,estricto,2024-01,Fallecidos,portal,1,solicitud,1.0,True
3,estricto,2025-01,Fallecidos,portal,1,solicitud,2.0,True
3,estricto,2025-06,Fallecidos,portal,1,solicitud,2.0,True
3,estricto,2026-06,Fallecidos,portal,0,solicitud,3.0,True
3,oficial,2024-01,Fallecidos,portal,1,solicitud,1.0,True
3,oficial,2025-01,Fallecidos,portal,1,solicitud,2.0,True
3,oficial,2025-06,Fallecidos,portal,1,solicitud,2.0,True
3,oficial,2026-06,Fallecidos,portal,0,solicitud,3.0,True
3,oficial,2026-07,Fallecidos,portal,0,solicitud,3.0,True
4,buffer15,2026-08,Fallecidos,portal,0,solicitud,,True
4,oficial,2026-08,Fallecidos,portal,0,solicitud,,True
5,buffer15,2025-11,Fallecidos,portal,0,solicitud,3.0,True
5,estricto,2025-11,Fallecidos,portal,0,solicitud,3.0,True
5,oficial,2025-11,Fallecidos,portal,0,solicitud,3.0,True
7,buffer15,2024-09,Fallecidos,portal,0,solicitud,1.0,True
7,oficial,2024-09,Fallecidos,portal,0,solicitud,1.0,True
2,buffer15,2023-08,Lesionados,portal,0,solicitud,,True
2,oficial,2023-08,Lesionados,portal,0,solicitud,,True
3,buffer15,2024-01,Lesionados,portal,0,solicitud,1.0,True
3,buffer15,2025-01,Lesionados,portal,0,solicitud,2.0,True
3,buffer15,2025-06,Lesionados,portal,1,solicitud,2.0,True
3,buffer15,2026-06,Lesionados,portal,3,solicitud,3.0,True
3,buffer15,2026-07,Lesionados,portal,1,solicitud,3.0,True
3,estricto,2024-01,Lesionados,portal,0,solicitud,1.0,True
3,estricto,2025-01,Lesionados,portal,0,solicitud,2.0,True
3,estricto,2025-06,Lesionados,portal,1,solicitud,2.0,True
3,estricto,2026-06,Lesionados,portal,2,solicitud,3.0,True
3,oficial,2024-01,Lesionados,portal,0,solicitud,1.0,True
3,oficial,2025-01,Lesionados,portal,0,solicitud,2.0,True
3,oficial,2025-06,Lesionados,portal,1,solicitud,2.0,True
3,oficial,2026-06,Lesionados,portal,3,solicitud,3.0,True
3,oficial,2026-07,Lesionados,portal,1,solicitud,3.0,True
4,buffer15,2026-08,Lesionados,portal,1,solicitud,,True
4,oficial,2026-08,Lesionados,portal,1,solicitud,,True
5,buffer15,2025-11,Lesionados,portal,3,solicitud,3.0,True
5,estricto,2025-11,Lesionados,portal,3,solicitud,3.0,True
5,oficial,2025-11,Lesionados,portal,3,solicitud,3.0,True
7,buffer15,2024-09,Lesionados,portal,1,solicitud,1.0,True
7,oficial,2024-09,Lesionados,portal,1,solicitud,1.0,True
