direccion,equipos,comparendos,codigos,medios,ubicacion,metodo_dir,vias,alias,detalle,lon,lat,mediana_dist_gps_m,desde,hasta,revision_ok,revision_nota
CL 17 CR 9,"EQUIPO051, EQUIPO052",560,"C02:506, C35:30, D02:24",fotodeteccion_previa:560,direccion,cruce,CL 17 × CR 9,,intersección,-73.245458,10.473097,,2025-04-01,2026-09-30,,
CL 18 CR 9,EQUIPO051,486,"C02:432, C35:30, D02:24",fotodeteccion_previa:486,direccion,cruce,CL 18 × CR 9,,intersección,-73.244929,10.472415,,2025-04-04,2026-09-30,,
CR 9 CL 18,EQUIPO051,231,"C02:204, C35:14, D02:13",fotodeteccion_previa:231,direccion,cruce,CR 9 × CL 18,,intersección,-73.244929,10.472415,,2025-04-02,2026-09-19,,
CR 8 CL 17,EQUIPO052,214,"C02:188, D02:13, C35:13",fotodeteccion_previa:214,direccion,cruce,CR 8 × CL 17,,intersección,-73.244878,10.473465,,2025-04-01,2026-09-25,,
CR 9 CL 17,"EQUIPO051, EQUIPO052",194,"C02:173, D02:11, C35:10",fotodeteccion_previa:194,direccion,cruce,CR 9 × CL 17,,intersección,-73.245458,10.473097,,2025-04-07,2026-09-21,,
CR 16 CL 21,"EQUIPO031, EQUIPO032",134,"C02:123, C35:6, D02:5",fotodeteccion_previa:134,direccion,cruce,CR 16 × CL 21,,intersección,-73.246992,10.464007,,2025-04-11,2026-09-30,,
CL 21 CR 15,EQUIPO031,134,"C02:124, D02:5, C35:5",fotodeteccion_previa:134,direccion,cruce_aproximado,CL 21 × CR 15,,2 cruces a 106 m: se toma el centro,-73.246668,10.464053,,2025-04-03,2026-08-08,,
CR 12 CL 15,EQUIPO042,128,"C02:122, C35:4, D02:2",fotodeteccion_previa:128,direccion,cruce,CR 12 × CL 15,,intersección,-73.250206,10.474247,,2025-04-04,2026-09-14,,
CL 16 CR 12,"EQUIPO041, EQUIPO042",127,"C02:109, D02:9, C35:9",fotodeteccion_previa:127,direccion,cruce,CL 16 × CR 12,,intersección,-73.249689,10.473496,,2025-04-02,2026-09-22,,
CARRERA 8 # 17-1 VALLEDUPAR,EQUIPO052,119,"C02:114, D02:2, H03:1, A01:1, D04:1",agente:119,direccion,domiciliaria,CR 8 × CL 17,,placa 1 m hacia CL 18 (cuadra de 90 m); intersección,-73.244873,10.473458,39.0,2023-01-26,2026-07-14,,
CL 17 CR 8,EQUIPO052,108,"C02:103, D02:3, C35:2",fotodeteccion_previa:108,direccion,cruce,CL 17 × CR 8,,intersección,-73.244878,10.473465,,2025-04-25,2026-09-05,,
CARRERA 12 # 15-06 VALLEDUPAR,EQUIPO042,101,"C02:70, D03:8, D02:6, C03:4, D05:3, H03:2, C35:2, C31:2, C24:2, B02:1, D01:1",agente:101,direccion,domiciliaria,CR 12 × CL 15,,placa 6 m hacia CL 16 (cuadra de 100 m); intersección,-73.250175,10.474202,14.0,2023-05-04,2025-08-05,,
CARRERA 9 16B-72,EQUIPO051,86,"C02:77, C35:5, D02:4",fotodeteccion_previa:86,direccion,domiciliaria,CR 9 × CL 16 B,,placa 72 m hacia CL 17 (cuadra de 113 m); intersección,-73.245696,10.473381,,2024-03-15,2024-09-12,,
CL 15 CR 12,EQUIPO042,75,"C02:66, C35:5, D02:4",fotodeteccion_previa:75,direccion,cruce,CL 15 × CR 12,,intersección,-73.250206,10.474247,,2025-04-01,2026-07-17,,
CR 12 CL 16,"EQUIPO041, EQUIPO042",54,"C02:47, C35:4, D02:3",fotodeteccion_previa:54,direccion,cruce,CR 12 × CL 16,,intersección,-73.249689,10.473496,,2025-04-02,2026-09-30,,
CARRERA 12 15-37,EQUIPO042,40,"C02:35, C35:3, D02:2",fotodeteccion_previa:40,direccion,domiciliaria,CR 12 × CL 15,,placa 37 m hacia CL 16 (cuadra de 100 m); intersección,-73.250016,10.47397,,2024-03-15,2024-09-10,,
CRA 9 CALLE 17,"EQUIPO051, EQUIPO052",38,"C02:34, C35:4",fotodeteccion_previa:38,direccion,cruce,CR 9 × CL 17,,intersección,-73.245458,10.473097,,2024-04-11,2025-03-28,,
CARRERA 9 #16B-48,EQUIPO051,37,"C02:32, C35:3, D02:2",fotodeteccion_previa:37,direccion,domiciliaria,CR 9 × CL 16 B,,placa 48 m hacia CL 17 (cuadra de 113 m); intersección,-73.245836,10.473549,,2024-10-29,2025-02-08,,
CL 16A CR 12,EQUIPO042,36,"C02:28, D02:4, C35:4",fotodeteccion_previa:36,direccion,cruce,CL 16 A × CR 12,,intersección,-73.249103,10.4726,,2025-04-04,2026-09-11,,
CARRERA 9 16B-85,EQUIPO051,32,"C02:25, D02:4, C35:3",fotodeteccion_previa:32,direccion,domiciliaria,CR 9 × CL 16 B,,placa 85 m hacia CL 17 (cuadra de 113 m); intersección,-73.245621,10.473291,,2024-03-19,2024-08-30,,
CRA 9 CALLE 18,EQUIPO051,30,"C02:25, D02:3, C35:2",fotodeteccion_previa:30,direccion,cruce,CR 9 × CL 18,,intersección,-73.244929,10.472415,,2024-04-20,2025-03-28,,
CALLE 16CON12 SEMAFORO VALLEDUPAR,"EQUIPO041, EQUIPO042",29,"D04:27, D05:2",agente:29,direccion,cruce,CL 16 × CR 12,,intersección,-73.249689,10.473496,1451.0,2024-05-14,2024-05-14,,
CRA 8 CALLE 17,EQUIPO052,28,"C02:23, D02:3, C35:2",fotodeteccion_previa:28,direccion,cruce,CR 8 × CL 17,,intersección,-73.244878,10.473465,,2024-04-20,2025-03-29,,
CALLE 16 # 1235 VALLEDUPAR,EQUIPO041,28,"C02:23, C24:2, D05:2, C03:1",agente:28,gps,sin_punto,CL 16,,dirección de tipo via_sola,-73.250111,10.473083,,2023-03-31,2024-07-19,,
CALLE 18 CRA 9,EQUIPO051,27,"C02:23, D02:3, C35:1",fotodeteccion_previa:27,direccion,cruce,CL 18 × CR 9,,intersección,-73.244929,10.472415,,2025-03-01,2025-03-27,,
CALLE 6 # 23-40 VALLEDUPAR,EQUIPO071,27,"C24:8, C35:7, D01:4, D02:4, C06:2, D07:1, B02:1",agente:27,direccion,domiciliaria,CL 6 × CR 23,,placa 40 m hacia CR 24 (cuadra de 84 m); intersección,-73.272732,10.48106,15.0,2023-05-18,2024-09-13,,
CALLE 17 #NO 928 VALLEDUPAR,"EQUIPO051, EQUIPO052",25,"C02:23, D02:2",agente:25,gps,sin_punto,CL 17,,dirección de tipo via_sola,-73.245545,10.473047,,2023-05-16,2024-07-03,,
CARRERA 12 CON16 SEMAFORO VALLEDUPAR,"EQUIPO041, EQUIPO042",22,"D04:16, D05:6",agente:22,direccion,cruce,CR 12 × CL 16,,intersección,-73.249689,10.473496,3050.0,2024-05-14,2024-05-14,,
CARRERA 12 # 15 60 VALLEDUPAR,EQUIPO042,22,"C02:13, C24:3, C31:2, D01:1, C35:1, C32:1, D02:1",agente:22,direccion,domiciliaria,CR 12 × CL 15,,placa 60 m hacia CL 16 (cuadra de 100 m); intersección,-73.249897,10.473798,29.0,2023-06-20,2025-03-25,,
CARRERA 12 16-20,"EQUIPO041, EQUIPO042",22,"C02:19, D02:2, C35:1",fotodeteccion_previa:22,direccion,domiciliaria_cuadra,CR 12 × CL 16,,placa 20; sin cruce con CL 17 a ≤ 250 m; intersección,-73.249689,10.473496,,2024-03-15,2024-09-03,,
DIAGONAL 21 # 19 - 91 VALLEDUPAR,EQUIPO021,21,"D04:7, C02:2, D02:2, A05:2, C35:2, C03:1, C32:1, D01:1, C24:1, D05:1, F:1",agente:21,direccion,domiciliaria,DG 21 × CR 19,,placa 91 m hacia CR 20 (cuadra de 104 m); intersección,-73.254259,10.460952,141.0,2024-04-05,2026-08-29,,
CARRERA 9 # 17-80 VALLEDUPAR,EQUIPO051,21,"C02:17, D05:1, H03:1, B03:1, A04:1",agente:21,direccion,domiciliaria,CR 9 × CL 17,,placa 80 m hacia CL 18 (cuadra de 95 m); intersección,-73.245013,10.472523,35.0,2023-05-26,2026-06-12,,
CALLE 17 CRA 9,"EQUIPO051, EQUIPO052",21,C02:21,fotodeteccion_previa:21,direccion,cruce,CL 17 × CR 9,,intersección,-73.245458,10.473097,,2025-03-03,2025-03-29,,
CARRERA 9 17-61,EQUIPO051,20,"C02:19, C35:1",fotodeteccion_previa:20,direccion,domiciliaria,CR 9 × CL 17,,placa 61 m hacia CL 18 (cuadra de 95 m); intersección,-73.245118,10.472659,,2024-03-18,2024-09-16,,
CARRERA 9 # 16B - 48 VALLEDUPAR,EQUIPO051,20,"C02:16, H05:1, A03:1, D05:1, C24:1",agente:20,direccion,domiciliaria,CR 9 × CL 16 B,,placa 48 m hacia CL 17 (cuadra de 113 m); intersección,-73.245836,10.473549,29.0,2023-04-12,2026-06-26,,
CARRERA 16 21-84,EQUIPO032,19,"C02:17, D02:1, C35:1",fotodeteccion_previa:19,direccion,domiciliaria,CR 16 × CL 21,,placa 84 m hacia CL 22 (cuadra de 126 m); intersección,-73.246943,10.463248,,2024-03-23,2024-09-12,,
CRA 12 CALLE 16,"EQUIPO041, EQUIPO042",19,"C02:16, C35:2, D02:1",fotodeteccion_previa:19,direccion,cruce,CR 12 × CL 16,,intersección,-73.249689,10.473496,,2024-04-11,2025-03-27,,
CARRERA 13 # 1654 VALLEDUPAR,EQUIPO041,18,"C02:17, C24:1",agente:18,gps,sin_punto,CR 13,,dirección de tipo via_sola,-73.25038,10.472468,,2023-05-31,2024-12-03,,
CARRERA 9 # 16B-51 VALLEDUPAR,EQUIPO051,18,"C02:16, D02:1, D03:1",agente:18,direccion,domiciliaria,CR 9 × CL 16 B,,placa 51 m hacia CL 17 (cuadra de 113 m); intersección,-73.245819,10.473528,26.0,2023-04-12,2026-07-21,,
CRA 12 CALLE 15,EQUIPO042,17,"C02:16, D02:1",fotodeteccion_previa:17,direccion,cruce,CR 12 × CL 15,,intersección,-73.250206,10.474247,,2025-03-03,2025-03-28,,
CR 12 CL 16A,EQUIPO042,17,"C02:14, C35:2, D02:1",fotodeteccion_previa:17,direccion,cruce,CR 12 × CL 16 A,,intersección,-73.249103,10.4726,,2025-04-30,2026-09-03,,
CALLE 17 #9-20,EQUIPO052,17,"C02:12, C35:3, D02:2",fotodeteccion_previa:17,direccion,domiciliaria,CL 17 × CR 9,,placa 20 m hacia CR 10 (cuadra de 130 m); intersección,-73.24561,10.472996,,2024-10-04,2025-01-28,,
CALLE 17 #NO 928 VALLEDUPAR,EQUIPO052,17,"C02:15, C03:1, C35:1",agente:17,gps,sin_punto,CL 17,,dirección de tipo via_sola,-73.245732,10.472855,,2023-09-29,2024-07-23,,
CARRERA 12#15-06 VALLEDUPAR,EQUIPO042,16,C02:16,agente:16,direccion,domiciliaria,CR 12 × CL 15,,placa 6 m hacia CL 16 (cuadra de 100 m); intersección,-73.250175,10.474202,10.0,2023-07-27,2025-03-06,,
CALLE 17 #9-24,EQUIPO052,16,C02:16,fotodeteccion_previa:16,direccion,domiciliaria,CL 17 × CR 9,,placa 24 m hacia CR 10 (cuadra de 130 m); intersección,-73.245641,10.472976,,2024-12-23,2025-02-15,,
CALLE 16 #11-75 VALLEDUPAR,EQUIPO041,16,"C02:14, C14:1, C32:1",agente:16,direccion,domiciliaria,CL 16 × CR 11,,placa 75 m hacia CR 12 (cuadra de 164 m); intersección,-73.249009,10.473944,65.0,2023-09-25,2026-06-21,,
CARRERA 12 # 16A2 VALLEDUPAR,EQUIPO042,16,"C24:8, C02:5, C31:1, C37:1, C15:1",agente:16,direccion,domiciliaria,CR 12 × CL 16 A,,placa 2 m hacia CL 17 (cuadra de 174 m); intersección,-73.249092,10.472585,69.0,2024-04-25,2026-05-30,,
CALLE 15 CRA 12,EQUIPO042,15,"C02:9, D02:3, C35:3",fotodeteccion_previa:15,direccion,cruce,CL 15 × CR 12,,intersección,-73.250206,10.474247,,2025-03-03,2025-03-26,,
CARRERA 12 #15-27,EQUIPO042,15,"C02:9, D02:3, C35:3",fotodeteccion_previa:15,direccion,domiciliaria,CR 12 × CL 15,,placa 27 m hacia CL 16 (cuadra de 100 m); intersección,-73.250067,10.474045,,2024-10-12,2025-02-14,,
CARRERA 9 CON 18 VALLEDUPAR,EQUIPO051,15,C02:15,agente:15,direccion,cruce,CR 9 × CL 18,,intersección,-73.244929,10.472415,3253.0,2024-05-29,2025-03-22,,
CARRERA 16 #20B-95,EQUIPO032,15,"C02:13, D02:1, C35:1",fotodeteccion_previa:15,direccion,domiciliaria,CR 16 × CL 20 B,,placa 95 m hacia CL 21 (cuadra de 244 m); hueco de 11 m,-73.246621,10.465301,,2024-12-09,2025-02-08,,
CARRERA 9 #16B-56,EQUIPO051,15,"C02:14, D02:1",fotodeteccion_previa:15,direccion,domiciliaria,CR 9 × CL 16 B,,placa 56 m hacia CL 17 (cuadra de 113 m); intersección,-73.24579,10.473493,,2024-09-19,2025-02-04,,
DIAGONAL 21 # 19-43 SEMAFORO DE LOS MANGUITOS VALLEDUPAR,"EQUIPO021, EQUIPO022",14,D05:14,agente:14,direccion,domiciliaria,DG 21 × CR 19,,placa 43 m hacia CR 20 (cuadra de 104 m); intersección,-73.254074,10.461345,2277.0,2024-11-01,2024-11-27,,
DIAGONAL 21 #19-27 VALLEDUPAR,"EQUIPO021, EQUIPO022",14,"D05:12, C31:1, D02:1",agente:14,direccion,domiciliaria,DG 21 × CR 19,,placa 27 m hacia CR 20 (cuadra de 104 m); intersección,-73.254012,10.461477,1552.0,2023-03-30,2023-05-29,,
CARRERA 9 #17-76,EQUIPO051,14,C02:14,fotodeteccion_previa:14,direccion,domiciliaria,CR 9 × CL 17,,placa 76 m hacia CL 18 (cuadra de 95 m); intersección,-73.245035,10.472551,,2024-10-07,2025-02-20,,
CALLE 17 CON 9 VALLEDUPAR,"EQUIPO051, EQUIPO052",14,"C02:8, C32:4, D04:2",agente:14,direccion,cruce,CL 17 × CR 9,,intersección,-73.245458,10.473097,2043.0,2024-04-27,2026-02-25,,
CALLE 16 # 12-20 VALLEDUPAR,EQUIPO041,14,"C02:7, C24:4, C31:2, A01:1",agente:14,direccion,domiciliaria,CL 16 × CR 12,,placa 20 m hacia CR 13 (cuadra de 167 m); intersección,-73.249788,10.473344,27.0,2023-06-27,2026-05-26,,
CARRERA 12 CALLE 16 VALLEDUPAR,"EQUIPO041, EQUIPO042",14,"D04:9, C32:4, D05:1",agente:14,direccion,cruce,CR 12 × CL 16,,intersección,-73.249689,10.473496,17.0,2024-06-20,2026-05-15,,
CALLE 17 # 8-51 VALLEDUPAR,EQUIPO052,14,"C02:11, H03:1, A02:1, D02:1",agente:14,direccion,domiciliaria,CL 17 × CR 8,,placa 51 m hacia CR 9 (cuadra de 75 m); intersección,-73.24527,10.473216,41.0,2023-04-27,2023-12-21,,
CARRERA 12 #15-44,EQUIPO042,13,"C02:12, D02:1",fotodeteccion_previa:13,direccion,domiciliaria,CR 12 × CL 15,,placa 44 m hacia CL 16 (cuadra de 100 m); intersección,-73.24998,10.473918,,2024-10-31,2025-01-31,,
CARRERA 9 #16B-42,EQUIPO051,13,"C02:12, C35:1",fotodeteccion_previa:13,direccion,domiciliaria,CR 9 × CL 16 B,,placa 42 m hacia CL 17 (cuadra de 113 m); intersección,-73.245871,10.47359,,2024-10-26,2025-02-22,,
CARRERA 9 CON 17 VALLEDUPAR,"EQUIPO051, EQUIPO052",13,"C02:11, D04:2",agente:13,direccion,cruce,CR 9 × CL 17,,intersección,-73.245458,10.473097,3273.0,2024-04-27,2025-05-16,,
CALLE 15 12-52,EQUIPO042,13,"C02:12, D02:1",fotodeteccion_previa:13,direccion,domiciliaria_cuadra,CL 15 × CR 12,,placa 52; sin cruce con CR 13 a ≤ 250 m; intersección,-73.250206,10.474247,,2024-03-19,2024-09-06,,
CARRERA 12 #16-20,"EQUIPO041, EQUIPO042",13,C02:13,fotodeteccion_previa:13,direccion,domiciliaria_cuadra,CR 12 × CL 16,,placa 20; sin cruce con CL 17 a ≤ 250 m; intersección,-73.249689,10.473496,,2024-11-20,2025-02-20,,
CALLE 15 # 12-29 VALLEDUPAR,EQUIPO042,12,"C02:7, D03:3, D01:1, D02:1",agente:12,direccion,domiciliaria_cuadra,CL 15 × CR 12,,placa 29; sin cruce con CR 13 a ≤ 250 m; intersección,-73.250206,10.474247,23.0,2023-03-04,2026-07-16,,
CARRERA 9 #17-43,EQUIPO051,12,"C02:10, D02:1, C35:1",fotodeteccion_previa:12,direccion,domiciliaria,CR 9 × CL 17,,placa 43 m hacia CL 18 (cuadra de 95 m); intersección,-73.245219,10.472788,,2024-10-31,2025-02-11,,
CARRERA 9 17-76,EQUIPO051,12,C02:12,fotodeteccion_previa:12,direccion,domiciliaria,CR 9 × CL 17,,placa 76 m hacia CL 18 (cuadra de 95 m); intersección,-73.245035,10.472551,,2024-03-15,2024-08-17,,
CARRERA 12 16A-33,EQUIPO042,12,"C02:11, D02:1",fotodeteccion_previa:12,direccion,domiciliaria,CR 12 × CL 16 A,,placa 33 m hacia CL 17 (cuadra de 174 m); intersección,-73.248936,10.472352,,2024-03-15,2024-09-16,,
CARRERA 12 #15-37,EQUIPO042,12,"C02:10, C35:1, D02:1",fotodeteccion_previa:12,direccion,domiciliaria,CR 12 × CL 15,,placa 37 m hacia CL 16 (cuadra de 100 m); intersección,-73.250016,10.47397,,2024-12-13,2025-02-17,,
CALLE 21 # 19-27 VALLEDUPAR,"EQUIPO021, EQUIPO022",12,"C31:6, D04:5, C14:1",agente:12,direccion,domiciliaria_cuadra,CL 21 × CR 19,,placa 27; sin cruce con CR 20 a ≤ 250 m; hueco de 8 m,-73.253796,10.461979,17.0,2025-04-22,2026-01-25,,
CALLE 17 9-01,"EQUIPO051, EQUIPO052",12,"C02:11, C35:1",fotodeteccion_previa:12,direccion,domiciliaria,CL 17 × CR 9,,placa 1 m hacia CR 10 (cuadra de 130 m); intersección,-73.245466,10.473092,,2024-04-27,2024-07-23,,
CALLE 17 9-07,"EQUIPO051, EQUIPO052",12,C02:12,fotodeteccion_previa:12,direccion,domiciliaria,CL 17 × CR 9,,placa 7 m hacia CR 10 (cuadra de 130 m); intersección,-73.245511,10.473062,,2024-03-27,2024-09-13,,
CALLE 16 CRA 12,"EQUIPO041, EQUIPO042",12,C02:12,fotodeteccion_previa:12,direccion,cruce,CL 16 × CR 12,,intersección,-73.249689,10.473496,,2025-03-03,2025-03-25,,
CALLE 21 #15-39,EQUIPO031,11,"C02:9, D02:2",fotodeteccion_previa:11,direccion,cruce_aproximado,CL 21 × CR 15,,2 cruces a 106 m: se toma el centro,-73.246668,10.464053,,2024-10-28,2025-02-26,,
CALLE 17 CRA 8,EQUIPO052,11,C02:11,fotodeteccion_previa:11,direccion,cruce,CL 17 × CR 8,,intersección,-73.244878,10.473465,,2025-03-03,2025-03-28,,
CARRERA 16 21-49,EQUIPO032,11,C02:11,fotodeteccion_previa:11,direccion,domiciliaria,CR 16 × CL 21,,placa 49 m hacia CL 22 (cuadra de 126 m); intersección,-73.246964,10.463565,,2024-03-23,2024-07-25,,
CALLE 17 # 9-28 VALLEDUPAR,EQUIPO052,11,"C02:4, D02:2, C35:2, C32:1, C24:1, B03:1",agente:11,direccion,domiciliaria,CL 17 × CR 9,,placa 28 m hacia CR 10 (cuadra de 130 m); intersección,-73.245671,10.472956,114.0,2025-12-09,2026-05-11,,
CARRERA 9 #16B-52,EQUIPO051,11,"C02:10, D02:1",fotodeteccion_previa:11,direccion,domiciliaria,CR 9 × CL 16 B,,placa 52 m hacia CL 17 (cuadra de 113 m); intersección,-73.245813,10.473521,,2024-11-02,2025-02-12,,
CARRERA 9 #16B-38,EQUIPO051,11,"C02:9, C35:2",fotodeteccion_previa:11,direccion,domiciliaria,CR 9 × CL 16 B,,placa 38 m hacia CL 17 (cuadra de 113 m); intersección,-73.245895,10.473618,,2024-11-27,2025-02-22,,
CARRERA 9 18-06,EQUIPO051,11,"C02:7, C35:2, D02:2",fotodeteccion_previa:11,direccion,domiciliaria,CR 9 × CL 18,,placa 6 m hacia CL 19 (cuadra de 106 m); intersección,-73.244896,10.472371,,2024-03-17,2024-09-10,,
CARRERA 16 #20B-93,EQUIPO032,11,"C02:9, C35:1, D02:1",fotodeteccion_previa:11,direccion,domiciliaria,CR 16 × CL 20 B,,placa 93 m hacia CL 21 (cuadra de 244 m); hueco de 11 m,-73.246616,10.465319,,2024-10-03,2025-02-08,,
CARRERA 9 # 16B103 VALLEDUPAR,EQUIPO051,11,"C02:5, C24:3, D02:2, C35:1",agente:11,direccion,domiciliaria,CR 9 × CL 16 B,,placa 103 m hacia CL 17 (cuadra de 113 m); intersección,-73.245516,10.473165,32.0,2024-09-11,2025-06-14,,
CARRERA 12 # BARRIO LOPERENA VALLEDUPAR,EQUIPO042,10,"C02:4, C24:2, C06:2, B02:1, D03:1",agente:10,gps,sin_punto,CR 12,,dirección de tipo via_sola,-73.250318,10.474293,,2025-09-17,2026-07-29,,
CARRERA 12 # 16-30 VALLEDUPAR,"EQUIPO041, EQUIPO042",10,"C02:9, C24:1",agente:10,direccion,domiciliaria_cuadra,CR 12 × CL 16,,placa 30; sin cruce con CL 17 a ≤ 250 m; intersección,-73.249689,10.473496,75.0,2023-06-26,2024-06-12,,
CARRERA 8 CON 17 VALLEDUPAR,EQUIPO052,10,C02:10,agente:10,direccion,cruce,CR 8 × CL 17,,intersección,-73.244878,10.473465,433.0,2024-04-30,2025-04-09,,
CALLE 21 #15-51 VALLEDUPAR,EQUIPO031,10,"D02:3, D04:2, C02:2, C24:2, D03:1",agente:10,direccion,cruce_aproximado,CL 21 × CR 15,,2 cruces a 106 m: se toma el centro,-73.246668,10.464053,51.0,2023-06-14,2024-09-17,,
CARRERA 12 # 15-37 VALLEDUPAR,EQUIPO042,10,"C02:9, D02:1",agente:10,direccion,domiciliaria,CR 12 × CL 15,,placa 37 m hacia CL 16 (cuadra de 100 m); intersección,-73.250016,10.47397,21.0,2023-05-16,2024-08-26,,
CARRERA 9 #17-70,EQUIPO051,10,"C02:8, C35:1, D02:1",fotodeteccion_previa:10,direccion,domiciliaria,CR 9 × CL 17,,placa 70 m hacia CL 18 (cuadra de 95 m); intersección,-73.245068,10.472594,,2024-12-04,2025-02-28,,
CALLE 16A # 1236 VALLEDUPAR,EQUIPO042,9,"C24:4, C02:3, D03:1, C35:1",agente:9,gps,sin_punto,CL 16 A,,dirección de tipo via_sola,-73.248797,10.472082,,2023-05-26,2025-06-02,,
CALLE 17 # 928 VALLEDUPAR,EQUIPO052,9,"C02:4, D03:2, C31:2, C35:1",agente:9,gps,sin_punto,CL 17 × CR 928,,vía no está en la referencia: CR 928,-73.244955,10.473431,,2024-09-17,2026-06-09,,
CARRERA 12 # 15 - 37 VALLEDUPAR,EQUIPO042,9,"C02:8, H03:1",agente:9,direccion,domiciliaria,CR 12 × CL 15,,placa 37 m hacia CL 16 (cuadra de 100 m); intersección,-73.250016,10.47397,23.0,2023-06-20,2026-06-04,,
CALLE 16 CON 12 VALLEDUPAR,"EQUIPO041, EQUIPO042",9,C02:9,agente:9,direccion,cruce,CL 16 × CR 12,,intersección,-73.249689,10.473496,1633.0,2023-07-17,2025-05-16,,
CALLE CALLE 16 CRA 12 VALLEDUPAR,"EQUIPO041, EQUIPO042",9,C02:9,agente:9,direccion,cruce,CL 16 × CR 12,,intersección,-73.249689,10.473496,99.0,2023-08-02,2023-09-12,,
CALLE 16 11A-10,EQUIPO041,9,"C02:8, D02:1",fotodeteccion_previa:9,direccion,domiciliaria,CL 16 × CR 11 A,,placa 10 m hacia CR 12 (cuadra de 84 m); intersección,-73.24914,10.473891,,2024-03-15,2024-07-08,,
CALLE 21 # 17-12 VALLEDUPAR,EQUIPO031,9,"C24:8, C11:1",agente:9,direccion,domiciliaria_cuadra,CL 21 × CR 17,,placa 12; sin cruce con CR 18 a ≤ 250 m; intersección,-73.248439,10.463905,30.0,2024-03-28,2024-04-03,,
CALLE 15 12-120,EQUIPO042,9,"C02:4, D02:3, C35:2",fotodeteccion_previa:9,direccion,domiciliaria_cuadra,CL 15 × CR 12,,placa 120; sin cruce con CR 13 a ≤ 250 m; intersección,-73.250206,10.474247,,2024-03-15,2024-07-17,,
CRA 9 CON CALLE 17,"EQUIPO051, EQUIPO052",9,C02:9,fotodeteccion_previa:9,direccion,cruce,CR 9 × CL 17,,intersección,-73.245458,10.473097,,2025-03-06,2025-03-29,,
CRA 16 CALLE 21,"EQUIPO031, EQUIPO032",8,"C02:7, C35:1",fotodeteccion_previa:8,direccion,cruce,CR 16 × CL 21,,intersección,-73.246992,10.464007,,2025-03-04,2025-03-20,,
CALLE 17 CON CRA 8,EQUIPO052,8,"C02:6, D02:1, C35:1",fotodeteccion_previa:8,direccion,cruce,CL 17 × CR 8,,intersección,-73.244878,10.473465,,2025-03-04,2025-03-28,,
CALLE 17 9-11,EQUIPO052,8,"C02:7, D02:1",fotodeteccion_previa:8,direccion,domiciliaria,CL 17 × CR 9,,placa 11 m hacia CR 10 (cuadra de 130 m); intersección,-73.245542,10.473041,,2024-05-24,2024-07-24,,
CARRERA 9 #16B-46,EQUIPO051,8,"C02:7, C35:1",fotodeteccion_previa:8,direccion,domiciliaria,CR 9 × CL 16 B,,placa 46 m hacia CL 17 (cuadra de 113 m); intersección,-73.245848,10.473562,,2024-11-26,2025-01-02,,
CARRERA 9 #16B-36,EQUIPO051,8,"C02:5, C35:2, D02:1",fotodeteccion_previa:8,direccion,domiciliaria,CR 9 × CL 16 B,,placa 36 m hacia CL 17 (cuadra de 113 m); intersección,-73.245906,10.473632,,2024-10-29,2025-01-16,,
CARRERA CRA 12 CALLE 15 VALLEDUPAR,EQUIPO042,8,C02:8,agente:8,direccion,cruce,CR 12 × CL 15,,intersección,-73.250206,10.474247,16.0,2023-07-18,2023-09-05,,
CALLE 17 CON CRA 9,"EQUIPO051, EQUIPO052",8,C02:8,fotodeteccion_previa:8,direccion,cruce,CL 17 × CR 9,,intersección,-73.245458,10.473097,,2025-03-17,2025-03-29,,
CALLE 15 CON 12 VALLEDUPAR,EQUIPO042,8,C02:8,agente:8,direccion,cruce,CL 15 × CR 12,,intersección,-73.250206,10.474247,1072.0,2024-05-27,2026-08-26,,
CARRERA 12 # 16A39 VALLEDUPAR,EQUIPO042,8,C02:8,agente:8,direccion,domiciliaria,CR 12 × CL 16 A,,placa 39 m hacia CL 17 (cuadra de 174 m); intersección,-73.248905,10.472306,40.0,2023-10-09,2023-11-08,,
CARRERA 12 ##15-20 VALLEDUPAR,EQUIPO042,8,"C02:6, D02:1, C03:1",agente:8,gps,sin_punto,CR 12,,dirección de tipo via_sola,-73.250211,10.474168,,2023-05-16,2023-06-28,,
CALLE 16CON12 VALLEDUPAR,"EQUIPO041, EQUIPO042",8,"C02:5, C32:2, H03:1",agente:8,direccion,cruce,CL 16 × CR 12,,intersección,-73.249689,10.473496,1650.0,2023-08-31,2024-10-08,,
CARRERA 9 #16B-64,EQUIPO051,8,C02:8,fotodeteccion_previa:8,direccion,domiciliaria,CR 9 × CL 16 B,,placa 64 m hacia CL 17 (cuadra de 113 m); intersección,-73.245743,10.473437,,2024-12-26,2025-02-12,,
CARRERA 9 #16B-62,EQUIPO051,8,C02:8,fotodeteccion_previa:8,direccion,domiciliaria,CR 9 × CL 16 B,,placa 62 m hacia CL 17 (cuadra de 113 m); intersección,-73.245755,10.473451,,2024-11-18,2025-02-22,,
CARRERA 9 16B-48,EQUIPO051,8,C02:8,fotodeteccion_previa:8,direccion,domiciliaria,CR 9 × CL 16 B,,placa 48 m hacia CL 17 (cuadra de 113 m); intersección,-73.245836,10.473549,,2024-03-19,2024-08-22,,
CALLE 16A CRA 12,EQUIPO042,8,C02:8,fotodeteccion_previa:8,direccion,cruce,CL 16 A × CR 12,,intersección,-73.249103,10.4726,,2025-03-04,2025-03-28,,
CALLE 16A # 1206 VALLEDUPAR,EQUIPO042,7,C02:7,agente:7,gps,sin_punto,CL 16 A,,dirección de tipo via_sola,-73.248947,10.472412,,2023-10-09,2023-11-03,,
CALLE 17 # 8-45 VALLEDUPAR,EQUIPO052,7,"C02:6, C15:1",agente:7,direccion,domiciliaria,CL 17 × CR 8,,placa 45 m hacia CR 9 (cuadra de 75 m); intersección,-73.245224,10.473245,9.0,2023-05-03,2025-10-06,,
CARRERA 9 16B-63,EQUIPO051,7,C02:7,fotodeteccion_previa:7,direccion,domiciliaria,CR 9 × CL 16 B,,placa 63 m hacia CL 17 (cuadra de 113 m); intersección,-73.245749,10.473444,,2024-05-29,2024-09-09,,
CARRERA 16#21-49 VALLEDUPAR,EQUIPO032,7,"D02:4, C35:3",agente:7,direccion,domiciliaria,CR 16 × CL 21,,placa 49 m hacia CL 22 (cuadra de 126 m); intersección,-73.246964,10.463565,10.0,2023-08-31,2023-08-31,,
CARRERA 12 16-30,"EQUIPO041, EQUIPO042",7,C02:7,fotodeteccion_previa:7,direccion,domiciliaria_cuadra,CR 12 × CL 16,,placa 30; sin cruce con CL 17 a ≤ 250 m; intersección,-73.249689,10.473496,,2024-05-31,2024-09-05,,
CARRERA 12 15-20,EQUIPO042,7,C02:7,fotodeteccion_previa:7,direccion,domiciliaria,CR 12 × CL 15,,placa 20 m hacia CL 16 (cuadra de 100 m); intersección,-73.250103,10.474097,,2024-03-26,2024-09-13,,
CALLE 16 # 12-20 SEM DEL COLEGIO LOPERENA VALLEDUPAR,EQUIPO041,7,C24:7,agente:7,direccion,domiciliaria,CL 16 × CR 12,,placa 20 m hacia CR 13 (cuadra de 167 m); intersección,-73.249788,10.473344,29.0,2024-05-20,2024-05-20,,
CARRERA 12 CON 16 SEMAFORO VALLEDUPAR,"EQUIPO041, EQUIPO042",7,"D04:6, D05:1",agente:7,direccion,cruce,CR 12 × CL 16,,intersección,-73.249689,10.473496,3045.0,2024-09-27,2024-09-27,,
CALLE 17 # 8-12 VALLEDUPAR,EQUIPO052,7,"C02:5, C14:1, D02:1",agente:7,direccion,domiciliaria,CL 17 × CR 8,,placa 12 m hacia CR 9 (cuadra de 75 m); intersección,-73.24497,10.473406,27.0,2023-02-27,2023-06-16,,
CALLE 17 #9-38,EQUIPO052,7,"C02:4, C35:2, D02:1",fotodeteccion_previa:7,direccion,domiciliaria,CL 17 × CR 9,,placa 38 m hacia CR 10 (cuadra de 130 m); intersección,-73.245747,10.472906,,2024-11-08,2025-02-03,,
CARRERA 16 #20B-133,EQUIPO032,7,C02:7,fotodeteccion_previa:7,direccion,domiciliaria,CR 16 × CL 20 B,,placa 133 m hacia CL 21 (cuadra de 244 m); hueco de 11 m,-73.246716,10.464971,,2024-09-20,2025-02-27,,
CRA 9 CON CALLE 18,EQUIPO051,7,"C02:5, D02:1, C35:1",fotodeteccion_previa:7,direccion,cruce,CR 9 × CL 18,,intersección,-73.244929,10.472415,,2025-03-17,2025-03-29,,
CL 16 CR 11A,EQUIPO041,7,"C02:5, C35:1, D02:1",fotodeteccion_previa:7,direccion,cruce,CL 16 × CR 11 A,,intersección,-73.249066,10.473944,,2025-09-15,2026-08-18,,
CALLE 17 CON 8 VALLEDUPAR,EQUIPO052,7,"C02:5, D04:2",agente:7,direccion,cruce,CL 17 × CR 8,,intersección,-73.244878,10.473465,1961.0,2024-04-23,2024-12-07,,
CALLE 17#9-13 VALLEDUPAR,EQUIPO052,7,"C35:2, D02:2, C02:2, C24:1",agente:7,direccion,domiciliaria,CL 17 × CR 9,,placa 13 m hacia CR 10 (cuadra de 130 m); intersección,-73.245557,10.473031,10.0,2023-09-05,2024-04-24,,
CRA 12 CON CALLE 15,EQUIPO042,7,"C02:5, D02:1, C35:1",fotodeteccion_previa:7,direccion,cruce,CR 12 × CL 15,,intersección,-73.250206,10.474247,,2025-03-04,2025-03-18,,
CALLE 17 9-17,EQUIPO052,6,"C02:4, D02:1, C35:1",fotodeteccion_previa:6,direccion,domiciliaria,CL 17 × CR 9,,placa 17 m hacia CR 10 (cuadra de 130 m); intersección,-73.245587,10.473011,,2024-05-31,2024-07-22,,
CALLE 17 9-23,EQUIPO052,6,"C02:5, C35:1",fotodeteccion_previa:6,direccion,domiciliaria,CL 17 × CR 9,,placa 23 m hacia CR 10 (cuadra de 130 m); intersección,-73.245633,10.472981,,2024-05-23,2024-07-09,,
CARRERA 15 ##20B-41 VALLEDUPAR,"EQUIPO031, EQUIPO032",6,"D03:1, D02:1, C35:1, C24:1, C14:1, D01:1",agente:6,gps,sin_punto,CR 15,,dirección de tipo via_sola,-73.24716,10.464006,,2024-10-01,2026-02-13,,
CARRERA 12#15-37 VALLEDUPAR,EQUIPO042,6,C02:6,agente:6,direccion,domiciliaria,CR 12 × CL 15,,placa 37 m hacia CL 16 (cuadra de 100 m); intersección,-73.250016,10.47397,21.0,2023-10-24,2025-10-01,,
CARRERA 8CON17 SEMAFORO VALLEDUPAR,EQUIPO052,6,"C32:3, D04:2, C33:1",agente:6,direccion,cruce,CR 8 × CL 17,,intersección,-73.244878,10.473465,1961.0,2024-09-18,2024-09-18,,
CARRERA 9 #16B-54,EQUIPO051,6,C02:6,fotodeteccion_previa:6,direccion,domiciliaria,CR 9 × CL 16 B,,placa 54 m hacia CL 17 (cuadra de 113 m); intersección,-73.245801,10.473507,,2024-12-16,2025-01-25,,
CARRERA 9 #18-10,EQUIPO051,6,C02:6,fotodeteccion_previa:6,direccion,domiciliaria,CR 9 × CL 18,,placa 10 m hacia CL 19 (cuadra de 106 m); intersección,-73.244874,10.472342,,2024-12-13,2025-02-17,,
CALLE 17 #9-60,EQUIPO052,6,C02:6,fotodeteccion_previa:6,direccion,domiciliaria,CL 17 × CR 9,,placa 60 m hacia CR 10 (cuadra de 130 m); intersección,-73.245915,10.472796,,2024-12-24,2025-01-27,,
CALLE 16A 12-07,EQUIPO042,6,C02:6,fotodeteccion_previa:6,direccion,domiciliaria,CL 16 A × CR 12,,placa 7 m hacia CR 13 (cuadra de 124 m); intersección,-73.249156,10.472565,,2024-03-19,2024-06-21,,
CARRERA 12 # 16-8 VALLEDUPAR,"EQUIPO041, EQUIPO042",6,C02:6,agente:6,direccion,domiciliaria_cuadra,CR 12 × CL 16,,placa 8; sin cruce con CL 17 a ≤ 250 m; intersección,-73.249689,10.473496,2483.0,2023-10-24,2023-10-24,,
CRA. 9 #17-33,EQUIPO051,6,"C02:4, C35:1, D02:1",fotodeteccion_previa:6,direccion,domiciliaria,CR 9 × CL 17,,placa 33 m hacia CL 18 (cuadra de 95 m); intersección,-73.245274,10.47286,,2024-09-26,2025-01-29,,
CARRERA 12 # 168 VALLEDUPAR,EQUIPO042,6,"C02:4, C24:1, B03:1",agente:6,gps,sin_punto,CR 12 × CL 168,,vía no está en la referencia: CL 168,-73.249475,10.473106,,2023-05-15,2025-06-02,,
CALLE 21 CRA 15,EQUIPO031,6,"C02:5, C35:1",fotodeteccion_previa:6,direccion,cruce_aproximado,CL 21 × CR 15,,2 cruces a 106 m: se toma el centro,-73.246668,10.464053,,2025-03-03,2025-03-12,,
CALLE 16 #11-64,EQUIPO041,6,C02:6,fotodeteccion_previa:6,direccion,domiciliaria,CL 16 × CR 11,,placa 64 m hacia CR 12 (cuadra de 164 m); intersección,-73.248925,10.473999,,2024-09-30,2024-12-26,,
CARRERA 12 16-54,"EQUIPO041, EQUIPO042",6,"C02:5, C35:1",fotodeteccion_previa:6,direccion,domiciliaria_cuadra,CR 12 × CL 16,,placa 54; sin cruce con CL 17 a ≤ 250 m; intersección,-73.249689,10.473496,,2024-03-19,2024-08-26,,
CARRERA 12 16A-51,EQUIPO042,6,C02:6,fotodeteccion_previa:6,direccion,domiciliaria,CR 12 × CL 16 A,,placa 51 m hacia CL 17 (cuadra de 174 m); intersección,-73.248845,10.472216,,2024-06-05,2024-07-24,,
CARRERA 9 17-16,EQUIPO051,6,"C02:3, C35:2, D02:1",fotodeteccion_previa:6,direccion,domiciliaria,CR 9 × CL 17,,placa 16 m hacia CL 18 (cuadra de 95 m); intersección,-73.245369,10.472982,,2024-03-17,2024-06-22,,
CARRERA 9 16B-75,EQUIPO051,6,"C02:3, C35:2, D02:1",fotodeteccion_previa:6,direccion,domiciliaria,CR 9 × CL 16 B,,placa 75 m hacia CL 17 (cuadra de 113 m); intersección,-73.245679,10.47336,,2024-03-17,2024-09-11,,
CALLE 16 CON CRA 12 VALLEDUPAR,"EQUIPO041, EQUIPO042",6,"D04:5, C02:1",agente:6,direccion,cruce,CL 16 × CR 12,,intersección,-73.249689,10.473496,18.0,2024-05-14,2026-04-23,,
CARRERA 16 #21-67,EQUIPO032,6,C02:6,fotodeteccion_previa:6,direccion,domiciliaria,CR 16 × CL 21,,placa 67 m hacia CL 22 (cuadra de 126 m); intersección,-73.246953,10.463402,,2024-11-15,2025-02-28,,
CARRERA 12 # 15-06 NOTARIA 3 VALLEDUPAR,EQUIPO042,6,C02:6,agente:6,direccion,domiciliaria,CR 12 × CL 15,,placa 6 m hacia CL 16 (cuadra de 100 m); intersección,-73.250175,10.474202,10.0,2023-08-03,2024-12-03,,
CARRERA 12 16-42,"EQUIPO041, EQUIPO042",6,C02:6,fotodeteccion_previa:6,direccion,domiciliaria_cuadra,CR 12 × CL 16,,placa 42; sin cruce con CL 17 a ≤ 250 m; intersección,-73.249689,10.473496,,2024-03-23,2024-08-20,,
CARRERA 12 16A-02,EQUIPO042,6,"C02:4, D02:1, C35:1",fotodeteccion_previa:6,direccion,domiciliaria,CR 12 × CL 16 A,,placa 2 m hacia CL 17 (cuadra de 174 m); intersección,-73.249092,10.472585,,2024-05-18,2024-08-24,,
CARRERA 12 #15-06,EQUIPO042,6,"C02:4, D02:1, C35:1",fotodeteccion_previa:6,direccion,domiciliaria,CR 12 × CL 15,,placa 6 m hacia CL 16 (cuadra de 100 m); intersección,-73.250175,10.474202,,2024-12-17,2025-01-21,,
CARRERA 12 # 15-44 VALLEDUPAR,EQUIPO042,5,"C02:3, D02:1, C24:1",agente:5,direccion,domiciliaria,CR 12 × CL 15,,placa 44 m hacia CL 16 (cuadra de 100 m); intersección,-73.24998,10.473918,15.0,2023-05-16,2024-02-29,,
CALLE 17CON9 VALLEDUPAR,"EQUIPO051, EQUIPO052",5,C02:5,agente:5,direccion,cruce,CL 17 × CR 9,,intersección,-73.245458,10.473097,1894.0,2024-07-15,2024-09-10,,
CARRERA 12 CON 16 SEMAFORO SUR NORTE VALLEDUPAR,"EQUIPO041, EQUIPO042",5,D04:5,agente:5,direccion,cruce,CR 12 × CL 16,,intersección,-73.249689,10.473496,3051.0,2024-09-27,2024-09-27,,
CARRERA 12 CON 16 AVEVILLA VALLEDUPAR,"EQUIPO041, EQUIPO042",5,"C02:4, D04:1",agente:5,direccion,cruce,CR 12 × CL 16,,intersección,-73.249689,10.473496,3045.0,2025-04-04,2025-04-04,,
CRA 12 CALLE 16A,EQUIPO042,5,"C02:3, D02:1, C35:1",fotodeteccion_previa:5,direccion,cruce,CR 12 × CL 16 A,,intersección,-73.249103,10.4726,,2025-03-06,2025-03-14,,
CALLE 21 # 1539 MERCADO PUBLICO VALLEDUPAR,EQUIPO032,5,"C02:4, C14:1",agente:5,gps,sin_punto,CL 21,,dirección de tipo via_sola,-73.246777,10.465093,,2024-05-07,2024-05-18,,
CARRERA 12 15-06,EQUIPO042,5,C02:5,fotodeteccion_previa:5,direccion,domiciliaria,CR 12 × CL 15,,placa 6 m hacia CL 16 (cuadra de 100 m); intersección,-73.250175,10.474202,,2024-03-15,2024-07-19,,
CALLE CALLE 16 FRENTE A AUDIFARMA VALLEDUPAR,EQUIPO041,5,C02:5,agente:5,gps,sin_punto,CL 16,,dirección de tipo via_sola,-73.2502,10.472867,,2023-05-29,2023-05-30,,
CALLE 16 # 12B1 VALLEDUPAR,EQUIPO041,5,"C02:4, C03:1",agente:5,gps,sin_punto,CL 16 × CR 12 B,,vía no está en la referencia: CR 12 B,-73.250222,10.472805,,2023-06-20,2024-07-31,,
CARRERA 12 # BARRIO LOPERENA VALLEDUPAR,EQUIPO041,5,"D01:1, C35:1, C24:1, D04:1, C02:1",agente:5,gps,sin_punto,CR 12,,dirección de tipo via_sola,-73.249203,10.47382,,2025-12-17,2026-03-08,,
CARRERA 12 #15-06 VALLEDUPAR,EQUIPO042,5,C02:5,agente:5,direccion,domiciliaria,CR 12 × CL 15,,placa 6 m hacia CL 16 (cuadra de 100 m); intersección,-73.250175,10.474202,11.0,2023-09-07,2024-06-05,,
CALLE 21 15-52,EQUIPO031,5,"C02:4, D02:1",fotodeteccion_previa:5,direccion,cruce_aproximado,CL 21 × CR 15,,2 cruces a 106 m: se toma el centro,-73.246668,10.464053,,2024-06-07,2024-08-09,,
CARRERA 16 # 20B95 VALLEDUPAR,EQUIPO032,5,C02:5,agente:5,direccion,domiciliaria,CR 16 × CL 20 B,,placa 95 m hacia CL 21 (cuadra de 244 m); hueco de 11 m,-73.246621,10.465301,93.0,2023-04-12,2023-06-03,,
CARRERA 13 # 1654 DAVIVIENDA VALLEDUPAR,EQUIPO041,5,C02:5,agente:5,gps,sin_punto,CR 13,,dirección de tipo via_sola,-73.250337,10.472776,,2023-09-29,2024-12-04,,
CALLE 16 11A-56,EQUIPO041,5,"C02:4, C35:1",fotodeteccion_previa:5,direccion,domiciliaria,CL 16 × CR 11 A,,placa 56 m hacia CR 12 (cuadra de 84 m); intersección,-73.24948,10.473646,,2024-03-25,2024-08-12,,
CARRERA 12 VALLEDUPAR,EQUIPO042,5,"C24:2, C31:2, H03:1",agente:5,gps,sin_punto,CR 12,,dirección de tipo via_sola,-73.249923,10.473727,,2023-03-22,2023-06-27,,
CARRERA 12#15 60 VALLEDUPAR,EQUIPO042,5,"C02:4, C32:1",agente:5,direccion,domiciliaria,CR 12 × CL 15,,placa 60 m hacia CL 16 (cuadra de 100 m); intersección,-73.249897,10.473798,19.0,2023-07-26,2024-03-01,,
CARRERA 9 # 16B-75 VALLEDUPAR,EQUIPO051,5,"C02:4, C32:1",agente:5,direccion,domiciliaria,CR 9 × CL 16 B,,placa 75 m hacia CL 17 (cuadra de 113 m); intersección,-73.245679,10.47336,120.0,2025-09-25,2026-06-26,,
CARRERA 8 CON CALLE 17,EQUIPO052,5,"C02:4, C35:1",fotodeteccion_previa:5,direccion,cruce,CR 8 × CL 17,,intersección,-73.244878,10.473465,,2024-03-20,2024-03-20,,
CALLE 17 #8-36,EQUIPO052,5,C02:5,fotodeteccion_previa:5,direccion,domiciliaria,CL 17 × CR 8,,placa 36 m hacia CR 9 (cuadra de 75 m); intersección,-73.245155,10.473289,,2024-10-17,2025-02-17,,
CALLE 17 8-20,EQUIPO052,5,C02:5,fotodeteccion_previa:5,direccion,domiciliaria,CL 17 × CR 8,,placa 20 m hacia CR 9 (cuadra de 75 m); intersección,-73.245032,10.473367,,2024-05-24,2024-08-15,,
CARRERA 16 #21-31,EQUIPO032,5,"C02:3, D02:1, C35:1",fotodeteccion_previa:5,direccion,domiciliaria,CR 16 × CL 21,,placa 31 m hacia CL 22 (cuadra de 126 m); intersección,-73.246974,10.463727,,2025-01-08,2025-02-17,,
CALLE 17 #9-42,EQUIPO052,5,"C02:4, C35:1",fotodeteccion_previa:5,direccion,domiciliaria,CL 17 × CR 9,,placa 42 m hacia CR 10 (cuadra de 130 m); intersección,-73.245778,10.472886,,2024-10-08,2025-01-09,,
CALLE 17 # 928 VALLEDUPAR,"EQUIPO051, EQUIPO052",5,"C02:3, C24:1, C31:1",agente:5,gps,sin_punto,CL 17 × CR 928,,vía no está en la referencia: CR 928,-73.245387,10.47312,,2024-09-17,2025-09-20,,
CARRERA 9 # 16B51 VALLEDUPAR,EQUIPO051,5,C02:5,agente:5,direccion,domiciliaria,CR 9 × CL 16 B,,placa 51 m hacia CL 17 (cuadra de 113 m); intersección,-73.245819,10.473528,22.0,2024-07-24,2024-12-30,,
CALLE 17 #9-46,EQUIPO052,5,"C02:3, D02:1, C35:1",fotodeteccion_previa:5,direccion,domiciliaria,CL 17 × CR 9,,placa 46 m hacia CR 10 (cuadra de 130 m); intersección,-73.245808,10.472866,,2025-01-09,2025-02-10,,
CALLE 17 #9-56,EQUIPO052,5,C02:5,fotodeteccion_previa:5,direccion,domiciliaria,CL 17 × CR 9,,placa 56 m hacia CR 10 (cuadra de 130 m); intersección,-73.245884,10.472816,,2025-01-02,2025-02-10,,
CARRERA 16B CON 7 TURCO VALLEDUPAR,EQUIPO051,5,C02:5,agente:5,gps,sin_punto,CR 16 B × CL 7,,vía no está en la referencia: CR 16 B,-73.245787,10.473528,,2026-08-15,2026-08-15,,
CARRERA 9 17-33,EQUIPO051,5,"C02:3, D02:1, C35:1",fotodeteccion_previa:5,direccion,domiciliaria,CR 9 × CL 17,,placa 33 m hacia CL 18 (cuadra de 95 m); intersección,-73.245274,10.47286,,2024-05-11,2024-08-01,,
CALLE 17 # 764 VALLEDUPAR,EQUIPO052,5,"C14:2, C02:2, D02:1",agente:5,gps,sin_punto,CL 17 × CR 764,,vía no está en la referencia: CR 764,-73.244453,10.473809,,2023-03-10,2023-06-14,,
CARRERA 9 #16B-44,EQUIPO051,5,"C02:3, C35:1, D02:1",fotodeteccion_previa:5,direccion,domiciliaria,CR 9 × CL 16 B,,placa 44 m hacia CL 17 (cuadra de 113 m); intersección,-73.24586,10.473576,,2025-01-31,2025-02-20,,
CARRERA 9 #16B-51,EQUIPO051,5,"C02:4, C35:1",fotodeteccion_previa:5,direccion,domiciliaria,CR 9 × CL 16 B,,placa 51 m hacia CL 17 (cuadra de 113 m); intersección,-73.245819,10.473528,,2024-10-09,2025-02-24,,
CARRERA 9 #16B-50,EQUIPO051,5,"C02:3, C35:1, D02:1",fotodeteccion_previa:5,direccion,domiciliaria,CR 9 × CL 16 B,,placa 50 m hacia CL 17 (cuadra de 113 m); intersección,-73.245825,10.473535,,2025-02-17,2025-02-22,,
CARRERA 9 #16B-47,EQUIPO051,5,C02:5,fotodeteccion_previa:5,direccion,domiciliaria,CR 9 × CL 16 B,,placa 47 m hacia CL 17 (cuadra de 113 m); intersección,-73.245842,10.473556,,2024-09-25,2025-02-25,,
CALLE 15 12-06,EQUIPO042,5,C02:5,fotodeteccion_previa:5,direccion,domiciliaria_cuadra,CL 15 × CR 12,,placa 6; sin cruce con CR 13 a ≤ 250 m; intersección,-73.250206,10.474247,,2024-06-17,2024-07-26,,
CARRERA 9 #17-46,EQUIPO051,5,"C02:3, D02:1, C35:1",fotodeteccion_previa:5,direccion,domiciliaria,CR 9 × CL 17,,placa 46 m hacia CL 18 (cuadra de 95 m); intersección,-73.245202,10.472767,,2024-10-12,2025-02-17,,
CARRERA 9 #17-33,EQUIPO051,5,"C02:4, C35:1",fotodeteccion_previa:5,direccion,domiciliaria,CR 9 × CL 17,,placa 33 m hacia CL 18 (cuadra de 95 m); intersección,-73.245274,10.47286,,2024-11-30,2025-02-15,,
CALLE 16A 12-12,EQUIPO042,5,C02:5,fotodeteccion_previa:5,direccion,domiciliaria,CL 16 A × CR 12,,placa 12 m hacia CR 13 (cuadra de 124 m); intersección,-73.249194,10.47254,,2024-03-27,2024-06-20,,
CALLE 16A CARRERA 12,EQUIPO042,5,C02:5,"fotodeteccion_previa:3, agente:2",direccion,cruce,CL 16 A × CR 12,,intersección,-73.249103,10.4726,,2023-02-14,2024-07-11,,
CARRERA 9 #17-28,EQUIPO051,5,"C02:4, C35:1",fotodeteccion_previa:5,direccion,domiciliaria,CR 9 × CL 17,,placa 28 m hacia CL 18 (cuadra de 95 m); intersección,-73.245302,10.472896,,2024-12-21,2025-02-14,,
CARRERA 9 #17-61,EQUIPO051,5,C02:5,fotodeteccion_previa:5,direccion,domiciliaria,CR 9 × CL 17,,placa 61 m hacia CL 18 (cuadra de 95 m); intersección,-73.245118,10.472659,,2024-10-09,2025-02-25,,
CALLE 15 # 12-120 VALLEDUPAR,EQUIPO042,5,"C02:2, D03:2, C35:1",agente:5,direccion,domiciliaria_cuadra,CL 15 × CR 12,,placa 120; sin cruce con CR 13 a ≤ 250 m; intersección,-73.250206,10.474247,57.0,2025-08-05,2026-04-30,,
DIAGONAL 21 LOS MANGUITOS VALLEDUPAR,"EQUIPO021, EQUIPO022",5,C24:5,agente:5,gps,sin_punto,DG 21,,dirección de tipo via_sola,-73.253775,10.462298,,2023-05-12,2023-05-12,,
DIAGONAL 21 # 18E-18 VALLEDUPAR,EQUIPO022,5,"D05:2, C35:1, D02:1, D04:1",agente:5,direccion,domiciliaria,DG 21 × CR 18 E,,placa 18 m hacia CR 19 (cuadra de 161 m); intersección,-73.25347,10.462921,77.0,2024-09-30,2024-09-30,,
¿CARRERA 12 15-37,EQUIPO042,4,"D02:2, C02:1, C35:1",fotodeteccion_previa:4,direccion,domiciliaria,CR 12 × CL 15,,placa 37 m hacia CL 16 (cuadra de 100 m); intersección,-73.250016,10.47397,,2024-04-02,2024-07-16,,
CARRERA 9 #17-67,EQUIPO051,4,C02:4,fotodeteccion_previa:4,direccion,domiciliaria,CR 9 × CL 17,,placa 67 m hacia CL 18 (cuadra de 95 m); intersección,-73.245085,10.472616,,2025-01-11,2025-02-11,,
CARRERA 9 #17-80,EQUIPO051,4,"C02:3, C35:1",fotodeteccion_previa:4,direccion,domiciliaria,CR 9 × CL 17,,placa 80 m hacia CL 18 (cuadra de 95 m); intersección,-73.245013,10.472523,,2024-12-12,2024-12-31,,
CRA. 12 #15-27,EQUIPO042,4,C02:4,fotodeteccion_previa:4,direccion,domiciliaria,CR 12 × CL 15,,placa 27 m hacia CL 16 (cuadra de 100 m); intersección,-73.250067,10.474045,,2025-01-20,2025-02-17,,
CARRERA 12 #15-20,EQUIPO042,4,C02:4,fotodeteccion_previa:4,direccion,domiciliaria,CR 12 × CL 15,,placa 20 m hacia CL 16 (cuadra de 100 m); intersección,-73.250103,10.474097,,2024-11-07,2025-02-12,,
CALLE 6 #24-149 VALLEDUPAR,EQUIPO071,4,"D02:2, D01:1, C24:1",agente:4,direccion,domiciliaria_cuadra,CL 6 × CR 24,,placa 149; sin cruce con CR 25 a ≤ 250 m; intersección,-73.273111,10.480923,99.0,2023-04-20,2023-04-20,,
CALLE CALLE 15 CRA 12 VALLEDUPAR,EQUIPO042,4,"C02:3, D03:1",agente:4,direccion,cruce,CL 15 × CR 12,,intersección,-73.250206,10.474247,34.0,2023-08-31,2023-12-07,,
CARRERA 12 CON 15 VALLEDUPAR,EQUIPO042,4,"C02:3, C24:1",agente:4,direccion,cruce,CR 12 × CL 15,,intersección,-73.250206,10.474247,1404.0,2024-12-05,2025-05-27,,
CARRERA 12 #16A-51,EQUIPO042,4,"C02:3, C35:1",fotodeteccion_previa:4,direccion,domiciliaria,CR 12 × CL 16 A,,placa 51 m hacia CL 17 (cuadra de 174 m); intersección,-73.248845,10.472216,,2024-10-10,2025-01-28,,
CARRERA 9 #17-26,EQUIPO051,4,C02:4,fotodeteccion_previa:4,direccion,domiciliaria,CR 9 × CL 17,,placa 26 m hacia CL 18 (cuadra de 95 m); intersección,-73.245313,10.47291,,2024-12-06,2025-02-28,,
CALLE 16CON 12 VALLEDUPAR,"EQUIPO041, EQUIPO042",4,"C02:3, H03:1",agente:4,direccion,cruce,CL 16 × CR 12,,intersección,-73.249689,10.473496,87.0,2023-03-21,2024-08-27,,
CARRERA 9 #17-52,EQUIPO051,4,C02:4,fotodeteccion_previa:4,direccion,domiciliaria,CR 9 × CL 17,,placa 52 m hacia CL 18 (cuadra de 95 m); intersección,-73.245169,10.472724,,2024-10-16,2025-01-13,,
CARRERA 9 #17-42,EQUIPO051,4,C02:4,fotodeteccion_previa:4,direccion,domiciliaria,CR 9 × CL 17,,placa 42 m hacia CL 18 (cuadra de 95 m); intersección,-73.245224,10.472795,,2024-10-29,2025-02-03,,
CARRERA 12 #16-8 VALLEDUPAR,"EQUIPO041, EQUIPO042",4,C02:4,agente:4,direccion,domiciliaria_cuadra,CR 12 × CL 16,,placa 8; sin cruce con CL 17 a ≤ 250 m; intersección,-73.249689,10.473496,4855.0,2023-10-24,2023-10-24,,
CALLE 21 15-23,EQUIPO031,4,C02:4,fotodeteccion_previa:4,direccion,cruce_aproximado,CL 21 × CR 15,,2 cruces a 106 m: se toma el centro,-73.246668,10.464053,,2024-06-25,2024-07-31,,
CARRERA 9 #17-16,EQUIPO051,4,C02:4,fotodeteccion_previa:4,direccion,domiciliaria,CR 9 × CL 17,,placa 16 m hacia CL 18 (cuadra de 95 m); intersección,-73.245369,10.472982,,2024-12-09,2025-01-25,,
CARRERA 12 #16-41,"EQUIPO041, EQUIPO042",4,C02:4,fotodeteccion_previa:4,direccion,domiciliaria_cuadra,CR 12 × CL 16,,placa 41; sin cruce con CL 17 a ≤ 250 m; intersección,-73.249689,10.473496,,2024-11-14,2025-02-04,,
CRA 9 CLLE 17,"EQUIPO051, EQUIPO052",4,"C02:3, C35:1",fotodeteccion_previa:4,direccion,cruce,CR 9 × CL 17,,intersección,-73.245458,10.473097,,2024-04-17,2024-04-19,,
CRA. 12 # 15-60,EQUIPO042,4,"C02:2, C35:1, D02:1",fotodeteccion_previa:4,direccion,domiciliaria,CR 12 × CL 15,,placa 60 m hacia CL 16 (cuadra de 100 m); intersección,-73.249897,10.473798,,2025-01-20,2025-01-29,,
CALLE 17 #9-10,EQUIPO052,4,C02:4,fotodeteccion_previa:4,direccion,domiciliaria,CL 17 × CR 9,,placa 10 m hacia CR 10 (cuadra de 130 m); intersección,-73.245534,10.473046,,2024-11-20,2025-02-12,,
CALLE 17 #9-28,EQUIPO052,4,C02:4,fotodeteccion_previa:4,direccion,domiciliaria,CL 17 × CR 9,,placa 28 m hacia CR 10 (cuadra de 130 m); intersección,-73.245671,10.472956,,2024-12-09,2025-02-18,,
CARRERA 9 # 16B-51FRENE A CANE COL VALLEDUPAR,EQUIPO051,4,C02:4,agente:4,direccion,domiciliaria,CR 9 × CL 16 B,,placa 51 m hacia CL 17 (cuadra de 113 m); intersección,-73.245819,10.473528,872.0,2024-04-16,2024-04-16,,
CALLE 17 #9-48,EQUIPO052,4,C02:4,fotodeteccion_previa:4,direccion,domiciliaria,CL 17 × CR 9,,placa 48 m hacia CR 10 (cuadra de 130 m); intersección,-73.245823,10.472856,,2024-12-05,2025-02-17,,
CALLE 17 #9-60 VALLEDUPAR,EQUIPO052,4,C02:4,agente:4,direccion,domiciliaria,CL 17 × CR 9,,placa 60 m hacia CR 10 (cuadra de 130 m); intersección,-73.245915,10.472796,15.0,2023-06-06,2023-10-21,,
CARRERA 16 #21-25,EQUIPO032,4,C02:4,fotodeteccion_previa:4,direccion,domiciliaria,CR 16 × CL 21,,placa 25 m hacia CL 22 (cuadra de 126 m); intersección,-73.246977,10.463781,,2025-01-08,2025-01-24,,
CALLE 16 11-79,EQUIPO041,4,C02:4,fotodeteccion_previa:4,direccion,domiciliaria,CL 16 × CR 11,,placa 79 m hacia CR 12 (cuadra de 164 m); intersección,-73.249039,10.473924,,2024-06-17,2024-09-04,,
CALLE 15 #12-23,EQUIPO042,4,"C02:3, D02:1",fotodeteccion_previa:4,direccion,domiciliaria_cuadra,CL 15 × CR 12,,placa 23; sin cruce con CR 13 a ≤ 250 m; intersección,-73.250206,10.474247,,2025-02-03,2025-02-27,,
DIAGONAL 21 VALLEDUPAR,"EQUIPO021, EQUIPO022",4,"D05:2, C24:1, C35:1",agente:4,gps,sin_punto,DG 21,,dirección de tipo via_sola,-73.253977,10.461332,,2023-03-28,2023-03-28,,
¿CARRERA 9 16B-72,EQUIPO051,4,"D02:3, C35:1",fotodeteccion_previa:4,direccion,domiciliaria,CR 9 × CL 16 B,,placa 72 m hacia CL 17 (cuadra de 113 m); intersección,-73.245696,10.473381,,2024-05-20,2024-07-06,,
CARRERA CRA 12 CALLE15 VALLEDUPAR,EQUIPO042,4,C02:4,agente:4,direccion,cruce,CR 12 × CL 15,,intersección,-73.250206,10.474247,15.0,2023-08-02,2023-09-05,,
CALLE 15CON12 VALLEDUPAR,EQUIPO042,4,D03:4,agente:4,direccion,cruce,CL 15 × CR 12,,intersección,-73.250206,10.474247,71.0,2024-02-16,2024-06-21,,
CARRERA 9 #16B-58,EQUIPO051,4,C02:4,fotodeteccion_previa:4,direccion,domiciliaria,CR 9 × CL 16 B,,placa 58 m hacia CL 17 (cuadra de 113 m); intersección,-73.245778,10.473479,,2024-10-01,2024-12-30,,
CARRERA 9 #16B-68,EQUIPO051,4,C02:4,fotodeteccion_previa:4,direccion,domiciliaria,CR 9 × CL 16 B,,placa 68 m hacia CL 17 (cuadra de 113 m); intersección,-73.24572,10.473409,,2025-01-07,2025-02-12,,
CARRERA 12 15-21,EQUIPO042,4,C02:4,fotodeteccion_previa:4,direccion,domiciliaria,CR 12 × CL 15,,placa 21 m hacia CL 16 (cuadra de 100 m); intersección,-73.250098,10.47409,,2024-04-23,2024-05-30,,
CARRERA 12 15-96,"EQUIPO041, EQUIPO042",4,"C02:2, C35:1, D02:1",fotodeteccion_previa:4,direccion,domiciliaria,CR 12 × CL 15,,placa 96 m hacia CL 16 (cuadra de 100 m); intersección,-73.249712,10.473529,,2024-08-29,2024-09-02,,
CALLE 15 #12-21,EQUIPO042,4,"C02:3, D02:1",fotodeteccion_previa:4,direccion,domiciliaria_cuadra,CL 15 × CR 12,,placa 21; sin cruce con CR 13 a ≤ 250 m; intersección,-73.250206,10.474247,,2024-12-10,2025-02-17,,
CARRERA 12#15-19 VALLEDUPAR,EQUIPO042,4,"C02:3, C24:1",agente:4,direccion,domiciliaria,CR 12 × CL 15,,placa 19 m hacia CL 16 (cuadra de 100 m); intersección,-73.250108,10.474105,5.0,2023-08-01,2024-11-07,,
CALLE 16 CON CARRERA 12 VALLEDUPAR,"EQUIPO041, EQUIPO042",4,C02:4,agente:4,direccion,cruce,CL 16 × CR 12,,intersección,-73.249689,10.473496,1269.0,2023-08-08,2025-12-05,,
CARRERA 12 CON CALLE 16A,EQUIPO042,4,"C02:3, D02:1",fotodeteccion_previa:4,direccion,cruce,CR 12 × CL 16 A,,intersección,-73.249103,10.4726,,2024-03-20,2024-03-22,,
CARRERA 12 16A-44,EQUIPO042,4,"C02:2, D02:1, C35:1",fotodeteccion_previa:4,direccion,domiciliaria,CR 12 × CL 16 A,,placa 44 m hacia CL 17 (cuadra de 174 m); intersección,-73.24888,10.472269,,2024-06-11,2024-07-11,,
CALLE 17 # 8-45 CENTRO VALLEDUPAR,EQUIPO052,4,C02:4,agente:4,direccion,domiciliaria,CL 17 × CR 8,,placa 45 m hacia CR 9 (cuadra de 75 m); intersección,-73.245224,10.473245,35.0,2023-11-30,2024-10-23,,
CARRERA 9 # 17-52 VALLEDUPAR,EQUIPO051,4,C02:4,agente:4,direccion,domiciliaria,CR 9 × CL 17,,placa 52 m hacia CL 18 (cuadra de 95 m); intersección,-73.245169,10.472724,153.0,2023-05-08,2024-02-28,,
CARRERA 9 CON CALLE 18 VALLEDUPAR,EQUIPO051,4,"C02:3, B03:1",agente:4,direccion,cruce,CR 9 × CL 18,,intersección,-73.244929,10.472415,190.0,2024-04-05,2025-09-01,,
CARRERA 12#15-16 VALLEDUPAR,EQUIPO042,4,C02:4,agente:4,direccion,domiciliaria,CR 12 × CL 15,,placa 16 m hacia CL 16 (cuadra de 100 m); intersección,-73.250124,10.474127,29.0,2024-04-23,2024-04-23,,
CARRERA 12 CON CALLE 15,EQUIPO042,4,C02:4,fotodeteccion_previa:4,direccion,cruce,CR 12 × CL 15,,intersección,-73.250206,10.474247,,2024-03-20,2024-03-21,,
CARRERA 12 CON CALLE 16 VALLEDUPAR,"EQUIPO041, EQUIPO042",4,"C31:2, C14:1, C35:1",agente:4,direccion,cruce,CR 12 × CL 16,,intersección,-73.249689,10.473496,637.0,2025-04-08,2026-05-23,,
CALLE 16 #11A-56,EQUIPO041,4,"C02:3, D02:1",fotodeteccion_previa:4,direccion,domiciliaria,CL 16 × CR 11 A,,placa 56 m hacia CR 12 (cuadra de 84 m); intersección,-73.24948,10.473646,,2024-12-05,2025-01-31,,
CARRERA 9 # 18-06 VALLEDUPAR,EQUIPO051,4,"C02:2, C24:1, H03:1",agente:4,direccion,domiciliaria,CR 9 × CL 18,,placa 6 m hacia CL 19 (cuadra de 106 m); intersección,-73.244896,10.472371,9.0,2023-05-23,2023-12-26,,
CALLE 17 # 9-48 VALLEDUPAR,EQUIPO052,4,"C02:3, B02:1",agente:4,direccion,domiciliaria,CL 17 × CR 9,,placa 48 m hacia CR 10 (cuadra de 130 m); intersección,-73.245823,10.472856,17.0,2023-05-26,2023-07-06,,
CALLE 15 # 1210 VALLEDUPAR,EQUIPO042,4,"C02:2, D03:2",agente:4,gps,sin_punto,CL 15,,dirección de tipo via_sola,-73.250278,10.474179,,2025-08-05,2025-10-19,,
CARRERA 15 ##20B-41 VALLEDUPAR,EQUIPO031,4,"C02:2, C03:1, A01:1",agente:4,gps,sin_punto,CR 15,,dirección de tipo via_sola,-73.247293,10.464079,,2023-03-16,2025-10-03,,
CALLE 16 11A-24,EQUIPO041,4,C02:4,fotodeteccion_previa:4,direccion,domiciliaria,CL 16 × CR 11 A,,placa 24 m hacia CR 12 (cuadra de 84 m); intersección,-73.249243,10.473816,,2024-04-25,2024-08-12,,
CALLE 16 11A-46,EQUIPO041,4,C02:4,fotodeteccion_previa:4,direccion,domiciliaria,CL 16 × CR 11 A,,placa 46 m hacia CR 12 (cuadra de 84 m); intersección,-73.249406,10.473699,,2024-04-02,2024-08-29,,
CARRERA 9 CALLE 17 VALLEDUPAR,"EQUIPO051, EQUIPO052",4,"C02:3, D05:1",agente:4,direccion,cruce,CR 9 × CL 17,,intersección,-73.245458,10.473097,2313.0,2025-06-26,2026-02-25,,
CARRERA 9 18-24,EQUIPO051,4,C02:4,fotodeteccion_previa:4,direccion,domiciliaria,CR 9 × CL 18,,placa 24 m hacia CL 19 (cuadra de 106 m); intersección,-73.244797,10.472241,,2024-06-25,2024-08-30,,
CALLE 17 #9-12,EQUIPO052,4,C02:4,fotodeteccion_previa:4,direccion,domiciliaria,CL 17 × CR 9,,placa 12 m hacia CR 10 (cuadra de 130 m); intersección,-73.245549,10.473036,,2024-11-08,2025-02-12,,
CARRERA CRA 8 CALLE 17 VALLEDUPAR,EQUIPO052,4,"C02:3, C35:1",agente:4,direccion,cruce,CR 8 × CL 17,,intersección,-73.244878,10.473465,36.0,2023-08-15,2024-01-15,,
CRA. 16 #20B-93,EQUIPO032,4,C02:4,fotodeteccion_previa:4,direccion,domiciliaria,CR 16 × CL 20 B,,placa 93 m hacia CL 21 (cuadra de 244 m); hueco de 11 m,-73.246616,10.465319,,2024-12-17,2025-01-29,,
CRA. 16 #21 - 67,EQUIPO032,4,"C02:3, D02:1",fotodeteccion_previa:4,direccion,domiciliaria,CR 16 × CL 21,,placa 67 m hacia CL 22 (cuadra de 126 m); intersección,-73.246953,10.463402,,2024-09-27,2025-02-05,,
CRA. 9 #16B-52,EQUIPO051,3,"C02:2, C35:1",fotodeteccion_previa:3,direccion,domiciliaria,CR 9 × CL 16 B,,placa 52 m hacia CL 17 (cuadra de 113 m); intersección,-73.245813,10.473521,,2025-01-22,2025-02-05,,
CARRERA 11A CON 16 VALLEDUPAR,EQUIPO041,3,C02:3,agente:3,direccion,cruce,CR 11 A × CL 16,,intersección,-73.249066,10.473944,218.0,2024-05-15,2024-11-05,,
DIAGONAL 21 # 19- 40 VALLEDUPAR,"EQUIPO021, EQUIPO022",3,"D05:2, C02:1",agente:3,direccion,domiciliaria,DG 21 × CR 19,,placa 40 m hacia CR 20 (cuadra de 104 m); intersección,-73.254062,10.46137,18.0,2023-03-03,2023-06-05,,
CRA. 9 #17-76,EQUIPO051,3,C02:3,fotodeteccion_previa:3,direccion,domiciliaria,CR 9 × CL 17,,placa 76 m hacia CL 18 (cuadra de 95 m); intersección,-73.245035,10.472551,,2025-01-18,2025-02-05,,
CARRERA 9 #17-86,EQUIPO051,3,C02:3,fotodeteccion_previa:3,direccion,domiciliaria,CR 9 × CL 17,,placa 86 m hacia CL 18 (cuadra de 95 m); intersección,-73.244979,10.47248,,2025-02-18,2025-02-28,,
CARRERA 9 #18-06,EQUIPO051,3,C02:3,fotodeteccion_previa:3,direccion,domiciliaria,CR 9 × CL 18,,placa 6 m hacia CL 19 (cuadra de 106 m); intersección,-73.244896,10.472371,,2024-12-03,2025-01-02,,
DIAGONAL 21 # 19-27 SEMAFORO DE LOS MANGUITOS VALLEDUPAR,"EQUIPO021, EQUIPO022",3,"C14:2, D05:1",agente:3,direccion,domiciliaria,DG 21 × CR 19,,placa 27 m hacia CR 20 (cuadra de 104 m); intersección,-73.254012,10.461477,2296.0,2025-01-20,2025-01-20,,
CALLE 15 12-96,EQUIPO042,3,C02:3,fotodeteccion_previa:3,direccion,domiciliaria_cuadra,CL 15 × CR 12,,placa 96; sin cruce con CR 13 a ≤ 250 m; intersección,-73.250206,10.474247,,2024-05-27,2024-07-05,,
CALLE 16 # 12A28 VALLEDUPAR,EQUIPO041,3,"C06:1, D01:1, D02:1",agente:3,direccion,domiciliaria,CL 16 × CR 12 A,,placa 28 m hacia CR 13 (cuadra de 126 m); hueco de 19 m,-73.250145,10.473039,73.0,2023-06-21,2023-06-21,,
CR 11A CL 16,EQUIPO041,3,C02:3,fotodeteccion_previa:3,direccion,cruce,CR 11 A × CL 16,,intersección,-73.249066,10.473944,,2025-04-25,2025-05-12,,
CARRERA 12 #15-53,EQUIPO042,3,"C02:2, C35:1",fotodeteccion_previa:3,direccion,domiciliaria,CR 12 × CL 15,,placa 53 m hacia CL 16 (cuadra de 100 m); intersección,-73.249933,10.473851,,2024-10-26,2024-12-02,,
CALLE 15 12-57,EQUIPO042,3,C02:3,fotodeteccion_previa:3,direccion,domiciliaria_cuadra,CL 15 × CR 12,,placa 57; sin cruce con CR 13 a ≤ 250 m; intersección,-73.250206,10.474247,,2024-06-14,2024-08-14,,
CARRERA 9 17-52,EQUIPO051,3,C02:3,fotodeteccion_previa:3,direccion,domiciliaria,CR 9 × CL 17,,placa 52 m hacia CL 18 (cuadra de 95 m); intersección,-73.245169,10.472724,,2024-03-26,2024-08-16,,
CARRERA 9 17-56,EQUIPO051,3,"C02:2, C35:1",fotodeteccion_previa:3,direccion,domiciliaria,CR 9 × CL 17,,placa 56 m hacia CL 18 (cuadra de 95 m); intersección,-73.245146,10.472695,,2024-03-23,2024-07-08,,
CARRERA 9 17-28,EQUIPO051,3,C02:3,fotodeteccion_previa:3,direccion,domiciliaria,CR 9 × CL 17,,placa 28 m hacia CL 18 (cuadra de 95 m); intersección,-73.245302,10.472896,,2024-03-23,2024-06-22,,
CALLE 21 #15-43,EQUIPO031,3,C02:3,fotodeteccion_previa:3,direccion,cruce_aproximado,CL 21 × CR 15,,2 cruces a 106 m: se toma el centro,-73.246668,10.464053,,2025-01-21,2025-01-27,,
CALLE 15 #12-19,EQUIPO042,3,C02:3,fotodeteccion_previa:3,direccion,domiciliaria_cuadra,CL 15 × CR 12,,placa 19; sin cruce con CR 13 a ≤ 250 m; intersección,-73.250206,10.474247,,2025-01-31,2025-02-17,,
CARRERA 12 16A-20,EQUIPO042,3,C02:3,fotodeteccion_previa:3,direccion,domiciliaria,CR 12 × CL 16 A,,placa 20 m hacia CL 17 (cuadra de 174 m); intersección,-73.249001,10.47245,,2024-05-21,2024-07-12,,
CARRERA 12 16A-30¿,EQUIPO042,3,"C02:1, D02:1, C35:1",fotodeteccion_previa:3,direccion,domiciliaria,CR 12 × CL 16 A,,placa 30 m hacia CL 17 (cuadra de 174 m); intersección,-73.248951,10.472374,,2024-03-25,2024-03-25,,
CARRERA 9 17-49,EQUIPO051,3,C02:3,fotodeteccion_previa:3,direccion,domiciliaria,CR 9 × CL 17,,placa 49 m hacia CL 18 (cuadra de 95 m); intersección,-73.245185,10.472745,,2024-06-19,2024-09-09,,
CARRERA 12 #15-42,EQUIPO042,3,C02:3,fotodeteccion_previa:3,direccion,domiciliaria,CR 12 × CL 15,,placa 42 m hacia CL 16 (cuadra de 100 m); intersección,-73.24999,10.473933,,2024-10-03,2024-12-03,,
CALLE 16A # 1236 VALLEDUPAR,"EQUIPO041, EQUIPO042",3,"C24:2, C02:1",agente:3,gps,sin_punto,CL 16 A,,dirección de tipo via_sola,-73.249783,10.473367,,2023-06-27,2023-06-27,,
CALLE 16A CON 12 VALLEDUPAR,EQUIPO042,3,C02:3,agente:3,direccion,cruce,CL 16 A × CR 12,,intersección,-73.249103,10.4726,146.0,2023-10-24,2024-06-13,,
CARRERA 9 #17-39,EQUIPO051,3,"C02:2, D02:1",fotodeteccion_previa:3,direccion,domiciliaria,CR 9 × CL 17,,placa 39 m hacia CL 18 (cuadra de 95 m); intersección,-73.245241,10.472817,,2024-10-23,2024-12-03,,
CALLE 17 CON CRA 9 VALLEDUPAR,"EQUIPO051, EQUIPO052",3,C02:3,agente:3,direccion,cruce,CL 17 × CR 9,,intersección,-73.245458,10.473097,3059.0,2024-04-27,2024-04-27,,
CALLE 17 FRENTE A TIERRA SANTA VALLEDUPAR,EQUIPO052,3,C02:3,agente:3,gps,sin_punto,CL 17,,dirección de tipo via_sola,-73.244545,10.473777,,2024-04-24,2024-04-24,,
CARRERA 12CON15 VALLEDUPAR,EQUIPO042,3,"C02:2, D03:1",agente:3,direccion,cruce,CR 12 × CL 15,,intersección,-73.250206,10.474247,77.0,2024-07-12,2024-08-27,,
CALLE 15 #12-26,EQUIPO042,3,C02:3,fotodeteccion_previa:3,direccion,domiciliaria_cuadra,CL 15 × CR 12,,placa 26; sin cruce con CR 13 a ≤ 250 m; intersección,-73.250206,10.474247,,2024-11-22,2024-12-30,,
CARRERA 9 # 17-16 VALLEDUPAR,EQUIPO051,3,"C02:2, C31:1",agente:3,direccion,domiciliaria,CR 9 × CL 17,,placa 16 m hacia CL 18 (cuadra de 95 m); intersección,-73.245369,10.472982,29.0,2023-06-01,2025-03-05,,
CARRERA 12#15 06 VALLEDUPAR,EQUIPO042,3,C02:3,agente:3,direccion,domiciliaria,CR 12 × CL 15,,placa 6 m hacia CL 16 (cuadra de 100 m); intersección,-73.250175,10.474202,8.0,2023-08-30,2023-09-01,,
CARRERA 13 # 1654 AFUERA BANCO DAVIVIENDA VALLEDUPAR,EQUIPO041,3,"D02:2, C02:1",agente:3,gps,sin_punto,CR 13,,dirección de tipo via_sola,-73.25031,10.472473,,2024-06-21,2024-10-16,,
CARRERA 9 17-61¿,EQUIPO051,3,"C02:1, D02:1, C35:1",fotodeteccion_previa:3,direccion,domiciliaria,CR 9 × CL 17,,placa 61 m hacia CL 18 (cuadra de 95 m); intersección,-73.245118,10.472659,,2024-03-19,2024-03-19,,
CARRERA 12#15-20 VALLEDUPAR,EQUIPO042,3,C02:3,agente:3,direccion,domiciliaria,CR 12 × CL 15,,placa 20 m hacia CL 16 (cuadra de 100 m); intersección,-73.250103,10.474097,23.0,2023-05-04,2025-01-22,,
CARRERA 12# 15-06 VALLEDUPAR,EQUIPO042,3,C02:3,agente:3,direccion,domiciliaria,CR 12 × CL 15,,placa 6 m hacia CL 16 (cuadra de 100 m); intersección,-73.250175,10.474202,10.0,2023-08-03,2023-12-14,,
CARRERA 9 16B-37,EQUIPO051,3,C02:3,fotodeteccion_previa:3,direccion,domiciliaria,CR 9 × CL 16 B,,placa 37 m hacia CL 17 (cuadra de 113 m); intersección,-73.245901,10.473625,,2024-07-29,2024-09-09,,
CARRERA 9 #17-56,EQUIPO051,3,C02:3,fotodeteccion_previa:3,direccion,domiciliaria,CR 9 × CL 17,,placa 56 m hacia CL 18 (cuadra de 95 m); intersección,-73.245146,10.472695,,2024-11-14,2025-01-16,,
CALLE 18 CON CRA 9,EQUIPO051,3,C02:3,fotodeteccion_previa:3,direccion,cruce,CL 18 × CR 9,,intersección,-73.244929,10.472415,,2025-03-18,2025-03-26,,
CARRERA 12 CALLE 15 VALLEDUPAR,EQUIPO042,3,C02:3,agente:3,direccion,cruce,CR 12 × CL 15,,intersección,-73.250206,10.474247,16.0,2024-04-02,2024-06-21,,
CARRERA 12 CALLE 16,"EQUIPO041, EQUIPO042",3,C02:3,fotodeteccion_previa:3,direccion,cruce,CR 12 × CL 16,,intersección,-73.249689,10.473496,,2024-07-08,2024-09-13,,
CARRERA 12 CON 16A VALLEDUPAR,EQUIPO042,3,C02:3,agente:3,direccion,cruce,CR 12 × CL 16 A,,intersección,-73.249103,10.4726,271.0,2024-05-10,2025-01-30,,
CARRERA 9 #16B-41,EQUIPO051,3,C02:3,fotodeteccion_previa:3,direccion,domiciliaria,CR 9 × CL 16 B,,placa 41 m hacia CL 17 (cuadra de 113 m); intersección,-73.245877,10.473597,,2024-10-18,2024-12-16,,
CALLE 15 12-10,EQUIPO042,3,"C02:2, D02:1",fotodeteccion_previa:3,direccion,domiciliaria_cuadra,CL 15 × CR 12,,placa 10; sin cruce con CR 13 a ≤ 250 m; intersección,-73.250206,10.474247,,2024-08-22,2024-08-26,,
CALLE 15 #12-17,EQUIPO042,3,"C02:2, D02:1",fotodeteccion_previa:3,direccion,domiciliaria_cuadra,CL 15 × CR 12,,placa 17; sin cruce con CR 13 a ≤ 250 m; intersección,-73.250206,10.474247,,2025-01-28,2025-02-27,,
CL 21 CR 16,"EQUIPO031, EQUIPO032",3,C02:3,fotodeteccion_previa:3,direccion,cruce,CL 21 × CR 16,,intersección,-73.246992,10.464007,,2025-05-14,2026-04-22,,
CL. 16 #12-21,EQUIPO041,3,"C02:2, C35:1",fotodeteccion_previa:3,direccion,domiciliaria,CL 16 × CR 12,,placa 21 m hacia CR 13 (cuadra de 167 m); intersección,-73.249793,10.473336,,2025-01-22,2025-01-29,,
CRA 9 CLLE 18,EQUIPO051,3,C02:3,fotodeteccion_previa:3,direccion,cruce,CR 9 × CL 18,,intersección,-73.244929,10.472415,,2024-04-15,2024-04-18,,
CARRERA 12 #16-43,"EQUIPO041, EQUIPO042",3,"D02:1, C35:1, C02:1",fotodeteccion_previa:3,direccion,domiciliaria_cuadra,CR 12 × CL 16,,placa 43; sin cruce con CL 17 a ≤ 250 m; intersección,-73.249689,10.473496,,2025-01-02,2025-01-02,,
CARRERA 12 #15-41,EQUIPO042,3,C02:3,fotodeteccion_previa:3,direccion,domiciliaria,CR 12 × CL 15,,placa 41 m hacia CL 16 (cuadra de 100 m); intersección,-73.249995,10.47394,,2024-10-07,2025-01-02,,
CARRERA 16 #20B- 185,EQUIPO032,3,"C35:1, C02:1, D02:1",fotodeteccion_previa:3,direccion,domiciliaria,CR 16 × CL 20 B,,placa 185 m hacia CL 21 (cuadra de 244 m); hueco de 11 m,-73.246845,10.464518,,2024-12-26,2024-12-26,,
CARRERA 16 # 21-49 VALLEDUPAR,EQUIPO032,3,"D02:1, C35:1, C24:1",agente:3,direccion,domiciliaria,CR 16 × CL 21,,placa 49 m hacia CL 22 (cuadra de 126 m); intersección,-73.246964,10.463565,11.0,2023-08-31,2023-08-31,,
CALLE 17 9-13,EQUIPO052,3,C02:3,fotodeteccion_previa:3,direccion,domiciliaria,CL 17 × CR 9,,placa 13 m hacia CR 10 (cuadra de 130 m); intersección,-73.245557,10.473031,,2024-05-10,2024-08-24,,
CALLE 15 #12-22,EQUIPO042,3,"C02:2, C35:1",fotodeteccion_previa:3,direccion,domiciliaria_cuadra,CL 15 × CR 12,,placa 22; sin cruce con CR 13 a ≤ 250 m; intersección,-73.250206,10.474247,,2024-10-28,2024-11-07,,
CARRERA 16 #21 - 67,EQUIPO032,3,C02:3,fotodeteccion_previa:3,direccion,domiciliaria,CR 16 × CL 21,,placa 67 m hacia CL 22 (cuadra de 126 m); intersección,-73.246953,10.463402,,2024-10-08,2024-10-11,,
CARRERA 8 # A 17-95 VALLEDUPAR,EQUIPO052,3,C02:3,agente:3,gps,sin_punto,CR 8,,dirección de tipo via_sola,-73.245002,10.473587,,2025-11-01,2026-03-02,,
CARRERA 9 # 16B-77 VALLEDUPAR,EQUIPO051,3,"C24:1, D02:1, C02:1",agente:3,direccion,domiciliaria,CR 9 × CL 16 B,,placa 77 m hacia CL 17 (cuadra de 113 m); intersección,-73.245667,10.473347,7.0,2023-09-05,2024-04-25,,
CARRRERA 9 #16B-47,EQUIPO051,3,"D02:1, C35:1, C02:1",fotodeteccion_previa:3,direccion,domiciliaria,CR 9 × CL 16 B,,placa 47 m hacia CL 17 (cuadra de 113 m); intersección,-73.245842,10.473556,,2024-12-05,2024-12-05,,
CALLE 17 #9-45,EQUIPO052,3,C02:3,fotodeteccion_previa:3,direccion,domiciliaria,CL 17 × CR 9,,placa 45 m hacia CR 10 (cuadra de 130 m); intersección,-73.245801,10.472871,,2024-10-11,2024-12-30,,
CALLE 17 #9-52,EQUIPO052,3,C02:3,fotodeteccion_previa:3,direccion,domiciliaria,CL 17 × CR 9,,placa 52 m hacia CR 10 (cuadra de 130 m); intersección,-73.245854,10.472836,,2024-12-09,2025-02-17,,
CARRERA 9 # 16B-64,EQUIPO051,3,C02:3,fotodeteccion_previa:3,direccion,domiciliaria,CR 9 × CL 16 B,,placa 64 m hacia CL 17 (cuadra de 113 m); intersección,-73.245743,10.473437,,2025-02-13,2025-02-15,,
CARRERA 9 # 16B-56,EQUIPO051,3,"C02:2, C35:1",fotodeteccion_previa:3,direccion,domiciliaria,CR 9 × CL 16 B,,placa 56 m hacia CL 17 (cuadra de 113 m); intersección,-73.24579,10.473493,,2025-01-23,2025-02-07,,
CALLE 17 #8-31,EQUIPO052,3,C02:3,fotodeteccion_previa:3,direccion,domiciliaria,CL 17 × CR 8,,placa 31 m hacia CR 9 (cuadra de 75 m); intersección,-73.245117,10.473314,,2025-01-07,2025-02-06,,
CALLE 17 #8-38,EQUIPO052,3,"C02:2, C35:1",fotodeteccion_previa:3,direccion,domiciliaria,CL 17 × CR 8,,placa 38 m hacia CR 9 (cuadra de 75 m); intersección,-73.24517,10.473279,,2024-12-24,2025-02-04,,
CARRERA 8CON17 VALLEDUPAR,EQUIPO052,3,"C02:2, D02:1",agente:3,direccion,cruce,CR 8 × CL 17,,intersección,-73.244878,10.473465,74.0,2023-08-15,2024-07-09,,
CARRERA 8 CON CALLE 17 VALLEDUPAR,EQUIPO052,3,C02:3,agente:3,direccion,cruce,CR 8 × CL 17,,intersección,-73.244878,10.473465,180.0,2024-04-23,2024-06-20,,
CARRERA 16 #21-37,EQUIPO032,3,C02:3,fotodeteccion_previa:3,direccion,domiciliaria,CR 16 × CL 21,,placa 37 m hacia CL 22 (cuadra de 126 m); intersección,-73.24697,10.463673,,2024-10-18,2025-01-21,,
CALLE 17 8-05,EQUIPO052,3,C02:3,fotodeteccion_previa:3,direccion,domiciliaria,CL 17 × CR 8,,placa 5 m hacia CR 9 (cuadra de 75 m); intersección,-73.244917,10.473441,,2024-05-16,2024-08-06,,
CALLE 17 #8-75,"EQUIPO051, EQUIPO052",3,"C35:1, D02:1, C02:1",fotodeteccion_previa:3,direccion,domiciliaria,CL 17 × CR 8,,placa 75 m hacia CR 9 (cuadra de 75 m); intersección,-73.245455,10.473099,,2025-01-14,2025-01-14,,
CALLE 17 #8-10,EQUIPO052,3,"C02:1, C35:1, D02:1",fotodeteccion_previa:3,direccion,domiciliaria,CL 17 × CR 8,,placa 10 m hacia CR 9 (cuadra de 75 m); intersección,-73.244955,10.473416,,2024-11-09,2024-11-09,,
CALLE 16 CON CARRERA 12,"EQUIPO041, EQUIPO042",3,C02:3,fotodeteccion_previa:3,direccion,cruce,CL 16 × CR 12,,intersección,-73.249689,10.473496,,2024-03-20,2024-03-22,,
CARRERA 8 17-05,EQUIPO052,3,C02:3,fotodeteccion_previa:3,direccion,domiciliaria,CR 8 × CL 17,,placa 5 m hacia CL 18 (cuadra de 90 m); intersección,-73.244852,10.473428,,2024-05-21,2024-09-02,,
CARRERA 8 # 17-1 CENTRO VALLEDUPAR,EQUIPO052,3,C02:3,agente:3,direccion,domiciliaria,CR 8 × CL 17,,placa 1 m hacia CL 18 (cuadra de 90 m); intersección,-73.244873,10.473458,70.0,2023-12-29,2024-09-23,,
CARRERA 16 21-27,EQUIPO032,3,"C02:1, D02:1, C35:1",fotodeteccion_previa:3,direccion,domiciliaria,CR 16 × CL 21,,placa 27 m hacia CL 22 (cuadra de 126 m); intersección,-73.246976,10.463763,,2024-06-17,2024-06-17,,
CARRERA 12 # 15 60BANCO AVECILLAS VALLEDUPAR,EQUIPO042,3,C24:3,agente:3,direccion,domiciliaria,CR 12 × CL 15,,placa 60 m hacia CL 16 (cuadra de 100 m); intersección,-73.249897,10.473798,16.0,2024-06-21,2024-06-21,,
CALLE 16 # 11-64 VALLEDUPAR,EQUIPO041,3,C02:3,agente:3,direccion,domiciliaria,CL 16 × CR 11,,placa 64 m hacia CR 12 (cuadra de 164 m); intersección,-73.248925,10.473999,12.0,2023-05-24,2023-05-27,,
CALLE 17 #9-26,EQUIPO052,3,C02:3,fotodeteccion_previa:3,direccion,domiciliaria,CL 17 × CR 9,,placa 26 m hacia CR 10 (cuadra de 130 m); intersección,-73.245656,10.472966,,2024-12-26,2025-01-16,,
CARRERA 23 # 6-40 VALLEDUPAR,EQUIPO071,3,"C32:2, C35:1",agente:3,direccion,domiciliaria_cuadra,CR 23 × CL 6,,placa 40; sin cruce con CL 7 a ≤ 250 m; intersección,-73.272389,10.481185,12.0,2025-09-08,2025-09-21,,
CARRERA 12 # 1560 VALLEDUPAR,"EQUIPO041, EQUIPO042",3,C02:3,agente:3,gps,sin_punto,CR 12,,dirección de tipo via_sola,-73.249848,10.473663,,2023-05-23,2023-10-09,,
CRA. 16 #20B - 133,EQUIPO032,3,"C35:1, C02:1, D02:1",fotodeteccion_previa:3,direccion,domiciliaria,CR 16 × CL 20 B,,placa 133 m hacia CL 21 (cuadra de 244 m); hueco de 11 m,-73.246716,10.464971,,2025-01-22,2025-01-22,,
CARRERA 12 # 1560 VALLEDUPAR,EQUIPO042,3,"C02:2, D01:1",agente:3,gps,sin_punto,CR 12,,dirección de tipo via_sola,-73.249907,10.473693,,2023-05-29,2023-10-09,,
CARRERA 12 # 15 60 POR EL BANCO AVEVILLAS.SEMAFORO VALLEDUPAR,EQUIPO042,3,C24:3,agente:3,direccion,domiciliaria,CR 12 × CL 15,,placa 60 m hacia CL 16 (cuadra de 100 m); intersección,-73.249897,10.473798,22.0,2024-06-21,2024-06-21,,
CARRERA 12 # 15 60 BANCO AVE VILLAS VALLEDUPAR,EQUIPO042,3,C24:3,agente:3,direccion,domiciliaria,CR 12 × CL 15,,placa 60 m hacia CL 16 (cuadra de 100 m); intersección,-73.249897,10.473798,14.0,2024-05-20,2024-05-20,,
CRA. 12 #16A-2,EQUIPO042,3,C02:3,fotodeteccion_previa:3,direccion,domiciliaria,CR 12 × CL 16 A,,placa 2 m hacia CL 17 (cuadra de 174 m); intersección,-73.249092,10.472585,,2025-01-18,2025-01-29,,
CRA. 9 # 17-71,EQUIPO051,3,"C02:1, D02:1, C35:1",fotodeteccion_previa:3,direccion,domiciliaria,CR 9 × CL 17,,placa 71 m hacia CL 18 (cuadra de 95 m); intersección,-73.245063,10.472587,,2025-02-19,2025-02-19,,
CRA. 9 # 16B-75,EQUIPO051,3,"C02:2, C35:1",fotodeteccion_previa:3,direccion,domiciliaria,CR 9 × CL 16 B,,placa 75 m hacia CL 17 (cuadra de 113 m); intersección,-73.245679,10.47336,,2025-02-19,2025-02-24,,
DG 21 CON TRV. 18E,EQUIPO022,3,"C02:2, C35:1",fotodeteccion_previa:3,direccion,cruce,DG 21 × TV 18 E,,intersección,-73.253455,10.463221,,2025-03-17,2025-03-17,,
CALLE 15 # 12-120 BIBLIOTECA DEPARTAMENTAL VALLEDUPAR,EQUIPO042,3,D03:3,agente:3,direccion,domiciliaria_cuadra,CL 15 × CR 12,,placa 120; sin cruce con CR 13 a ≤ 250 m; intersección,-73.250206,10.474247,3765.0,2024-07-11,2024-07-11,,
DIAGONAL DIAG 21 19-27 VALLEDUPAR,"EQUIPO021, EQUIPO022",3,"D04:2, D03:1",agente:3,direccion,domiciliaria,DG 21 × CR 19,,placa 27 m hacia CR 20 (cuadra de 104 m); intersección,-73.254012,10.461477,10.0,2023-03-28,2023-03-28,,
CALLE 16 # 11A-24 VALLEDUPAR,EQUIPO041,3,C02:3,agente:3,direccion,domiciliaria,CL 16 × CR 11 A,,placa 24 m hacia CR 12 (cuadra de 84 m); intersección,-73.249243,10.473816,19.0,2023-08-15,2024-04-10,,
DIAGONAL 21 # 19 - 91 LOS MANGUITO VALLEDUPAR,EQUIPO021,2,"C24:1, D04:1",agente:2,direccion,domiciliaria,DG 21 × CR 19,,placa 91 m hacia CR 20 (cuadra de 104 m); intersección,-73.254259,10.460952,145.0,2025-03-26,2025-04-23,,
DIAGONAL 21 # LOS CACIQUES VALLEDUPAR,"EQUIPO021, EQUIPO022",2,"C02:1, D02:1",agente:2,gps,sin_punto,DG 21,,dirección de tipo via_sola,-73.254208,10.46121,,2025-09-16,2025-09-16,,
DIAGONAL 21 #13-48,EQUIPO041,2,"C35:1, C02:1",fotodeteccion_previa:2,direccion,domiciliaria,DG 21 × CR 13,,placa 48 m hacia CR 14 (cuadra de 121 m); intersección,-73.250624,10.472202,,2024-10-02,2024-10-02,,
DIAGONAL 10 N CAI PEDREGOSA VALLEDUPAR,EQUIPO051,2,"D02:1, C35:1",agente:2,gps,sin_punto,DG 10 N,,dirección de tipo via_sola,-73.244872,10.472282,,2024-09-12,2024-09-12,,
CARRERA 11A# CON 13C VALLEDUPAR,EQUIPO041,2,"D03:1, H03:1",agente:2,gps,sin_punto,CR 11 A,,dirección de tipo via_sola,-73.249187,10.474105,,2024-10-04,2024-10-06,,
CARRERA 12 # 15 -90,"EQUIPO041, EQUIPO042",2,"C35:1, C02:1",fotodeteccion_previa:2,direccion,domiciliaria,CR 12 × CL 15,,placa 90 m hacia CL 16 (cuadra de 100 m); intersección,-73.249743,10.473574,,2025-01-29,2025-01-29,,
CALLE CALLE 17 CRA 8 VALLEDUPAR,EQUIPO052,2,C02:2,agente:2,direccion,cruce,CL 17 × CR 8,,intersección,-73.244878,10.473465,40.0,2023-10-02,2023-12-26,,
CRA. 16 # 20B - 133,EQUIPO032,2,C02:2,fotodeteccion_previa:2,direccion,domiciliaria,CR 16 × CL 20 B,,placa 133 m hacia CL 21 (cuadra de 244 m); hueco de 11 m,-73.246716,10.464971,,2025-01-20,2025-01-20,,
CRA. 16 # 20B- 133,EQUIPO032,2,"C02:1, D02:1",fotodeteccion_previa:2,direccion,domiciliaria,CR 16 × CL 20 B,,placa 133 m hacia CL 21 (cuadra de 244 m); hueco de 11 m,-73.246716,10.464971,,2025-02-18,2025-02-18,,
CRA 16 CON CALLE 21,"EQUIPO031, EQUIPO032",2,C02:2,fotodeteccion_previa:2,direccion,cruce,CR 16 × CL 21,,intersección,-73.246992,10.464007,,2025-03-06,2025-03-18,,
CARRERA 12 # 15-60,EQUIPO042,2,C02:2,fotodeteccion_previa:2,direccion,domiciliaria,CR 12 × CL 15,,placa 60 m hacia CL 16 (cuadra de 100 m); intersección,-73.249897,10.473798,,2024-12-03,2024-12-17,,
CARRERA 12 # 15-60 VALLEDUPAR,EQUIPO042,2,"C24:1, C02:1",agente:2,direccion,domiciliaria,CR 12 × CL 15,,placa 60 m hacia CL 16 (cuadra de 100 m); intersección,-73.249897,10.473798,10.0,2023-05-16,2024-06-05,,
CALLE CALLE 16-12#67 VALLEDUPAR,"EQUIPO041, EQUIPO042",2,"C02:1, D02:1",agente:2,direccion,domiciliaria,CL 16 × CR 12,,placa 7 m hacia CR 13 (cuadra de 167 m); intersección,-73.249724,10.473443,66.0,2024-05-22,2024-05-22,,
CALLE CALLE 16A CRA12 VALLEDUPAR,EQUIPO042,2,C02:2,agente:2,direccion,cruce,CL 16 A × CR 12,,intersección,-73.249103,10.4726,1514.0,2023-08-10,2023-08-24,,
CARRERA 12 # 15-06NOTARIA 3 VALLEDUPAR,EQUIPO042,2,"C02:1, D02:1",agente:2,direccion,domiciliaria,CR 12 × CL 15,,placa 6 m hacia CL 16 (cuadra de 100 m); intersección,-73.250175,10.474202,23.0,2024-05-23,2024-06-21,,
CARRERA 19 #21-07 VALLEDUPAR,"EQUIPO021, EQUIPO022",2,D02:2,agente:2,direccion,domiciliaria,CR 19 × CL 21,,placa 7 m hacia CL 22 (cuadra de 91 m); hueco de 8 m,-73.253764,10.461924,34.0,2023-05-12,2023-05-12,,
CARRERA 19 CON 18B VALLEDUPAR,"EQUIPO021, EQUIPO022",2,"H03:1, C24:1",agente:2,gps,sin_punto,CR 19 × CL 18 B,,no se cruzan (más cerca: 590 m),-73.254114,10.461913,,2023-03-27,2023-03-27,,
CALLE 17 #9-16,EQUIPO052,2,C02:2,fotodeteccion_previa:2,direccion,domiciliaria,CL 17 × CR 9,,placa 16 m hacia CR 10 (cuadra de 130 m); intersección,-73.24558,10.473016,,2024-12-24,2025-02-22,,
CALLE 17 #9-22,EQUIPO052,2,C02:2,fotodeteccion_previa:2,direccion,domiciliaria,CL 17 × CR 9,,placa 22 m hacia CR 10 (cuadra de 130 m); intersección,-73.245626,10.472986,,2025-01-11,2025-01-15,,
CALLE 17 #8-46,EQUIPO052,2,C02:2,fotodeteccion_previa:2,direccion,domiciliaria,CL 17 × CR 8,,placa 46 m hacia CR 9 (cuadra de 75 m); intersección,-73.245232,10.47324,,2025-01-31,2025-02-10,,
CARRERA CRA 12 CON CALLE 16A VALLEDUPAR,EQUIPO042,2,D04:2,agente:2,direccion,cruce,CR 12 × CL 16 A,,intersección,-73.249103,10.4726,130.0,2023-04-21,2023-04-21,,
CALLE 16 CARRERA 11A,EQUIPO041,2,C02:2,"agente:1, fotodeteccion_previa:1",direccion,cruce,CL 16 × CR 11 A,,intersección,-73.249066,10.473944,,2023-03-16,2024-07-11,,
CALLE 16 CARRERA 12,"EQUIPO041, EQUIPO042",2,C02:2,"agente:1, fotodeteccion_previa:1",direccion,cruce,CL 16 × CR 12,,intersección,-73.249689,10.473496,,2023-04-21,2024-07-16,,
CARRERA 8 CALLE 17 LE3339,EQUIPO052,2,C02:2,fotodeteccion_previa:2,direccion,cruce,CR 8 × CL 17,,intersección,-73.244878,10.473465,,2024-08-28,2024-08-28,,
CALLE 15 CRA 12 ESQUINA VALLEDUPAR,EQUIPO042,2,C02:2,agente:2,direccion,cruce,CL 15 × CR 12,,intersección,-73.250206,10.474247,104.0,2024-03-20,2024-07-10,,
CARRERA 4 # CARRERA 4 VALLEDUPAR,EQUIPO042,2,C35:2,agente:2,gps,sin_punto,CR 4 × CR 4,,dirección de tipo paralelas,-73.250317,10.474325,,2026-05-09,2026-05-09,,
CARRERA 7 # NO 16B-50 VALLEDUPAR,EQUIPO052,2,C02:2,agente:2,gps,sin_punto,CR 7,,dirección de tipo via_sola,-73.244498,10.473742,,2023-10-08,2024-12-03,,
CARRERA 19 CON 21 LOS MANGUITOS VALLEDUPAR,"EQUIPO021, EQUIPO022",2,D04:2,agente:2,direccion,cruce,CR 19 × CL 21,,hueco de 8 m,-73.253796,10.461979,1404.0,2026-05-11,2026-05-11,,
CARRERA 23 CON CALLE 6 VALLEDUPAR,EQUIPO071,2,"D02:1, C32:1",agente:2,direccion,cruce,CR 23 × CL 6,,intersección,-73.272389,10.481185,1252.0,2023-07-14,2025-05-27,,
CARRERA 24 # 515 VALLEDUPAR,EQUIPO071,2,"C02:1, C35:1",agente:2,gps,sin_punto,CR 24 × CL 515,,vía no está en la referencia: CL 515,-73.272923,10.481035,,2023-12-18,2023-12-18,,
CARRERA 16CON 21 DEL DEL MERCADO VALLEDUPAR,"EQUIPO031, EQUIPO032",2,C32:2,agente:2,direccion,cruce,CR 16 × CL 21,,intersección,-73.246992,10.464007,1889.0,2024-07-28,2024-07-28,,
CARRERA 18 E 1 # 48-5 VALLEDUPAR,"EQUIPO031, EQUIPO032",2,C02:2,agente:2,gps,sin_punto,CR 18 E,,dirección de tipo via_sola,-73.247192,10.464098,,2026-07-31,2026-07-31,,
CARRERA 19 # 21 VALLEDUPAR,"EQUIPO021, EQUIPO022",2,"D02:1, C35:1",agente:2,direccion,domiciliaria,CR 19 × CL 21,,placa 1 m hacia CL 22 (cuadra de 91 m); hueco de 8 m,-73.253791,10.461971,4027.0,2026-05-06,2026-05-06,,
CARRERA CARRERA 12 CON CALLE 16 VALLEDUPAR,"EQUIPO041, EQUIPO042",2,"C31:1, D04:1",agente:2,direccion,cruce,CR 12 × CL 16,,intersección,-73.249689,10.473496,23.0,2024-05-14,2024-05-14,,
CARRERA 9#17-16 VALLEDUPAR,EQUIPO051,2,C02:2,agente:2,direccion,domiciliaria,CR 9 × CL 17,,placa 16 m hacia CL 18 (cuadra de 95 m); intersección,-73.245369,10.472982,10.0,2024-02-12,2025-12-30,,
CARRERA 9#18-06 VALLEDUPAR,EQUIPO051,2,C02:2,agente:2,direccion,domiciliaria,CR 9 × CL 18,,placa 6 m hacia CL 19 (cuadra de 106 m); intersección,-73.244896,10.472371,32.0,2024-02-21,2024-09-17,,
CARRERA 9#16B-58 VALLEDUPAR,EQUIPO051,2,"C02:1, C24:1",agente:2,direccion,domiciliaria,CR 9 × CL 16 B,,placa 58 m hacia CL 17 (cuadra de 113 m); intersección,-73.245778,10.473479,10.0,2023-10-18,2024-06-05,,
CARRERA 9#16B-72 VALLEDUPAR,EQUIPO051,2,C02:2,agente:2,direccion,domiciliaria,CR 9 × CL 16 B,,placa 72 m hacia CL 17 (cuadra de 113 m); intersección,-73.245696,10.473381,6.0,2023-10-06,2024-05-21,,
CARRERA 9#16B58 VALLEDUPAR,EQUIPO051,2,C02:2,agente:2,direccion,domiciliaria,CR 9 × CL 16 B,,placa 58 m hacia CL 17 (cuadra de 113 m); intersección,-73.245778,10.473479,9.0,2023-08-08,2024-03-05,,
CARRERA 9 CON 17 -8-56 VALLEDUPAR,"EQUIPO051, EQUIPO052",2,C02:2,agente:2,direccion,cruce,CR 9 × CL 17,,intersección,-73.245458,10.473097,3284.0,2024-07-16,2024-07-16,,
CARRERA 9 CON 17 ESQUINA VALLEDUPAR,"EQUIPO051, EQUIPO052",2,C02:2,agente:2,direccion,cruce,CR 9 × CL 17,,intersección,-73.245458,10.473097,3279.0,2025-03-22,2025-03-22,,
CARRERA 16 21-31,EQUIPO032,2,C02:2,fotodeteccion_previa:2,direccion,domiciliaria,CR 16 × CL 21,,placa 31 m hacia CL 22 (cuadra de 126 m); intersección,-73.246974,10.463727,,2024-06-07,2024-09-17,,
CALLE 17 #9-35,EQUIPO052,2,C02:2,fotodeteccion_previa:2,direccion,domiciliaria,CL 17 × CR 9,,placa 35 m hacia CR 10 (cuadra de 130 m); intersección,-73.245724,10.472921,,2024-10-05,2024-12-07,,
CALLE 17 #9-36,EQUIPO052,2,C02:2,fotodeteccion_previa:2,direccion,domiciliaria,CL 17 × CR 9,,placa 36 m hacia CR 10 (cuadra de 130 m); intersección,-73.245732,10.472916,,2024-10-26,2025-01-17,,
CALLE 17 #9-44,EQUIPO052,2,C02:2,fotodeteccion_previa:2,direccion,domiciliaria,CL 17 × CR 9,,placa 44 m hacia CR 10 (cuadra de 130 m); intersección,-73.245793,10.472876,,2025-01-02,2025-01-08,,
CARRERA 9 # 17- 52 VALLEDUPAR,EQUIPO051,2,"C24:1, C35:1",agente:2,direccion,domiciliaria,CR 9 × CL 17,,placa 52 m hacia CL 18 (cuadra de 95 m); intersección,-73.245169,10.472724,1911.0,2024-04-27,2024-04-27,,
CARRERA 9 # 16B-51 CARNECOL VALLEDUPAR,EQUIPO051,2,C02:2,agente:2,direccion,domiciliaria,CR 9 × CL 16 B,,placa 51 m hacia CL 17 (cuadra de 113 m); intersección,-73.245819,10.473528,29.0,2023-10-11,2023-10-11,,
CARRERA 9 # 16B-58 VALLEDUPAR,EQUIPO051,2,C02:2,agente:2,direccion,domiciliaria,CR 9 × CL 16 B,,placa 58 m hacia CL 17 (cuadra de 113 m); intersección,-73.245778,10.473479,27.0,2024-01-15,2025-07-09,,
CARRERA 9 # 16B-63 VALLEDUPAR,EQUIPO051,2,"C02:1, D05:1",agente:2,direccion,domiciliaria,CR 9 × CL 16 B,,placa 63 m hacia CL 17 (cuadra de 113 m); intersección,-73.245749,10.473444,48.0,2024-04-17,2025-03-05,,
CARRERA 9 # 16B-72 VALLEDUPAR,EQUIPO051,2,C02:2,agente:2,direccion,domiciliaria,CR 9 × CL 16 B,,placa 72 m hacia CL 17 (cuadra de 113 m); intersección,-73.245696,10.473381,6.0,2023-10-03,2025-03-11,,
CALLE 17 #8-20,EQUIPO052,2,C02:2,fotodeteccion_previa:2,direccion,domiciliaria,CL 17 × CR 8,,placa 20 m hacia CR 9 (cuadra de 75 m); intersección,-73.245032,10.473367,,2025-02-06,2025-02-14,,
CARRERA 8#17-06 VALLEDUPAR,EQUIPO052,2,C02:2,agente:2,direccion,domiciliaria,CR 8 × CL 17,,placa 6 m hacia CL 18 (cuadra de 90 m); intersección,-73.244847,10.47342,179.0,2024-04-11,2024-04-11,,
CARRERA 8 # 17-1CENTRO VALLEDUPAR,EQUIPO052,2,C02:2,agente:2,direccion,domiciliaria,CR 8 × CL 17,,placa 1 m hacia CL 18 (cuadra de 90 m); intersección,-73.244873,10.473458,14.0,2023-12-21,2024-05-01,,
CALLE 17 #9-58,EQUIPO052,2,C02:2,fotodeteccion_previa:2,direccion,domiciliaria,CL 17 × CR 9,,placa 58 m hacia CR 10 (cuadra de 130 m); intersección,-73.245899,10.472806,,2025-01-03,2025-02-15,,
CALLE 17 #9-60ALCOSER VALLEDUPAR,EQUIPO052,2,C02:2,agente:2,direccion,domiciliaria,CL 17 × CR 9,,placa 60 m hacia CR 10 (cuadra de 130 m); intersección,-73.245915,10.472796,15.0,2024-06-05,2024-06-05,,
CARRERA 16 #20B-125,EQUIPO032,2,C02:2,fotodeteccion_previa:2,direccion,domiciliaria,CR 16 × CL 20 B,,placa 125 m hacia CL 21 (cuadra de 244 m); hueco de 11 m,-73.246696,10.46504,,2025-02-08,2025-02-28,,
CARRERA 16 #20B-135,EQUIPO032,2,C02:2,fotodeteccion_previa:2,direccion,domiciliaria,CR 16 × CL 20 B,,placa 135 m hacia CL 21 (cuadra de 244 m); hueco de 11 m,-73.246721,10.464953,,2024-11-26,2025-02-26,,
CARRERA 16 # 21-72 VALLEDUPAR,EQUIPO032,2,"D02:1, C35:1",agente:2,direccion,domiciliaria,CR 16 × CL 21,,placa 72 m hacia CL 22 (cuadra de 126 m); intersección,-73.24695,10.463357,22.0,2024-11-25,2024-11-25,,
CARRERA 16 # DAVIVIENDA VALLEDUPAR,EQUIPO041,2,C02:2,agente:2,gps,sin_punto,CR 16,,dirección de tipo via_sola,-73.250395,10.472488,,2025-03-25,2025-03-25,,
CARRERA 16 # LA GRANJA VALLEDUPAR,EQUIPO032,2,C02:2,agente:2,gps,sin_punto,CR 16,,dirección de tipo via_sola,-73.246703,10.465068,,2025-04-30,2026-08-06,,
CARRERA 16 #20A-133,"EQUIPO031, EQUIPO032",2,"C35:1, C02:1",fotodeteccion_previa:2,direccion,domiciliaria,CR 16 × CL 20 A,,placa 133 m hacia CL 21 (cuadra de 74 m); hueco de 87 m,-73.246992,10.464007,,2025-02-28,2025-02-28,,
CALLE 17 9-20,EQUIPO052,2,C02:2,fotodeteccion_previa:2,direccion,domiciliaria,CL 17 × CR 9,,placa 20 m hacia CR 10 (cuadra de 130 m); intersección,-73.24561,10.472996,,2024-07-10,2024-07-10,,
CALLE 17 9-27,EQUIPO052,2,C02:2,fotodeteccion_previa:2,direccion,domiciliaria,CL 17 × CR 9,,placa 27 m hacia CR 10 (cuadra de 130 m); intersección,-73.245664,10.472961,,2024-06-08,2024-09-04,,
CALLE 17 9-35,EQUIPO052,2,C02:2,fotodeteccion_previa:2,direccion,domiciliaria,CL 17 × CR 9,,placa 35 m hacia CR 10 (cuadra de 130 m); intersección,-73.245724,10.472921,,2024-05-27,2024-06-29,,
CALLE 17 CARRERA 9,"EQUIPO051, EQUIPO052",2,C02:2,"agente:1, fotodeteccion_previa:1",direccion,cruce,CL 17 × CR 9,,intersección,-73.245458,10.473097,,2023-07-10,2024-09-02,,
CALLE 17 #9-59,EQUIPO052,2,"C02:1, D02:1",fotodeteccion_previa:2,direccion,domiciliaria,CL 17 × CR 9,,placa 59 m hacia CR 10 (cuadra de 130 m); intersección,-73.245907,10.472801,,2024-09-25,2024-09-25,,
CARRERA 16 # 190 VALLEDUPAR,EQUIPO032,2,C02:2,agente:2,gps,sin_punto,CR 16 × CL 190,,vía no está en la referencia: CL 190,-73.24674,10.464648,,2025-01-15,2025-01-22,,
CARRERA 16 # 20B- 185 VALLEDUPAR,EQUIPO032,2,"C24:1, C02:1",agente:2,direccion,domiciliaria,CR 16 × CL 20 B,,placa 185 m hacia CL 21 (cuadra de 244 m); hueco de 11 m,-73.246845,10.464518,11.0,2024-04-09,2024-04-13,,
CARRERA 16 # 20B-91MERCADO PUBLICO VALLEDUPAR,EQUIPO032,2,C02:2,agente:2,direccion,domiciliaria,CR 16 × CL 20 B,,placa 91 m hacia CL 21 (cuadra de 244 m); hueco de 11 m,-73.246611,10.465336,33.0,2025-03-19,2025-05-07,,
CALLE 15 #12-24,EQUIPO042,2,"C02:1, C35:1",fotodeteccion_previa:2,direccion,domiciliaria_cuadra,CL 15 × CR 12,,placa 24; sin cruce con CR 13 a ≤ 250 m; intersección,-73.250206,10.474247,,2024-12-20,2024-12-20,,
CALLE 16 12-20,EQUIPO041,2,C02:2,fotodeteccion_previa:2,direccion,domiciliaria,CL 16 × CR 12,,placa 20 m hacia CR 13 (cuadra de 167 m); intersección,-73.249788,10.473344,,2024-07-26,2024-08-09,,
CARRERA 9 17-70,EQUIPO051,2,C02:2,fotodeteccion_previa:2,direccion,domiciliaria,CR 9 × CL 17,,placa 70 m hacia CL 18 (cuadra de 95 m); intersección,-73.245068,10.472594,,2024-04-05,2024-06-22,,
CARRERA 9 18-13,EQUIPO051,2,C02:2,fotodeteccion_previa:2,direccion,domiciliaria,CR 9 × CL 18,,placa 13 m hacia CL 19 (cuadra de 106 m); intersección,-73.244857,10.47232,,2024-03-22,2024-09-06,,
CARRERA 9 CALLE 18,EQUIPO051,2,C02:2,fotodeteccion_previa:2,direccion,cruce,CR 9 × CL 18,,intersección,-73.244929,10.472415,,2024-06-24,2024-08-10,,
CARRERA 9 16B-58,EQUIPO051,2,C02:2,fotodeteccion_previa:2,direccion,domiciliaria,CR 9 × CL 16 B,,placa 58 m hacia CL 17 (cuadra de 113 m); intersección,-73.245778,10.473479,,2024-05-29,2024-07-17,,
CARRERA 9 17-03,"EQUIPO051, EQUIPO052",2,C02:2,fotodeteccion_previa:2,direccion,domiciliaria,CR 9 × CL 17,,placa 3 m hacia CL 18 (cuadra de 95 m); intersección,-73.245441,10.473075,,2024-06-13,2024-06-15,,
CALLE 17 # 9-48,EQUIPO052,2,C02:2,fotodeteccion_previa:2,direccion,domiciliaria,CL 17 × CR 9,,placa 48 m hacia CR 10 (cuadra de 130 m); intersección,-73.245823,10.472856,,2024-12-10,2024-12-24,,
CALLE 17 # 943 VALLEDUPAR,EQUIPO052,2,C02:2,agente:2,gps,sin_punto,CL 17 × CR 943,,vía no está en la referencia: CR 943,-73.245789,10.472823,,2023-04-24,2023-06-26,,
CALLE 17 # CON 9 VALLEDUPAR,EQUIPO052,2,C02:2,agente:2,gps,sin_punto,CL 17,,dirección de tipo via_sola,-73.245754,10.472916,,2023-10-06,2023-10-06,,
CARRERA 9 # 16B58 VALLEDUPAR,EQUIPO051,2,C02:2,agente:2,direccion,domiciliaria,CR 9 × CL 16 B,,placa 58 m hacia CL 17 (cuadra de 113 m); intersección,-73.245778,10.473479,11.0,2024-08-20,2024-12-23,,
CARRERA 9 # 16B84 VALLEDUPAR,EQUIPO051,2,C02:2,agente:2,direccion,domiciliaria,CR 9 × CL 16 B,,placa 84 m hacia CL 17 (cuadra de 113 m); intersección,-73.245627,10.473298,99.0,2023-04-10,2023-06-08,,
CARRERA 9 # 17 -28,EQUIPO051,2,C02:2,fotodeteccion_previa:2,direccion,domiciliaria,CR 9 × CL 17,,placa 28 m hacia CL 18 (cuadra de 95 m); intersección,-73.245302,10.472896,,2025-01-20,2025-01-22,,
CARRERA KRRA 9A CALLE 16B Y 17 VALLEDUPAR,EQUIPO051,2,"D03:1, C02:1",agente:2,gps,sin_punto,CL 16 B × CR 17,,no se cruzan (más cerca: 186 m),-73.245645,10.47341,,2023-06-01,2023-06-02,,
CARRERA CRA.12 CALLE 15 VALLEDUPAR,EQUIPO042,2,C02:2,agente:2,direccion,cruce,CR 12 × CL 15,,intersección,-73.250206,10.474247,73.0,2023-07-24,2023-07-26,,
CARRERA CRA9 #16B-37 VALLEDUPAR,EQUIPO051,2,"C02:1, D02:1",agente:2,direccion,domiciliaria,CR 9 × CL 16 B,,placa 37 m hacia CL 17 (cuadra de 113 m); intersección,-73.245901,10.473625,91.0,2024-04-22,2024-04-22,,
CARRERA CRA 12 CALLE 16 VALLEDUPAR,"EQUIPO041, EQUIPO042",2,"C32:1, C02:1",agente:2,direccion,cruce,CR 12 × CL 16,,intersección,-73.249689,10.473496,109.0,2023-07-26,2023-08-24,,
CARRERA CRA 12 CALLE 16A VALLEDUPAR,EQUIPO042,2,"D04:1, C02:1",agente:2,direccion,cruce,CR 12 × CL 16 A,,intersección,-73.249103,10.4726,25.0,2023-07-27,2023-08-30,,
CARRERA 15 # 12A 54 VALLEDUPAR,EQUIPO042,2,"C02:1, C35:1",agente:2,gps,sin_punto,CR 15 × CL 12 A,,no se cruzan (más cerca: 903 m),-73.250172,10.474018,,2023-06-16,2025-08-05,,
CALLE 17 CON CARRERA 8 VALLEDUPAR,EQUIPO052,2,C02:2,agente:2,direccion,cruce,CL 17 × CR 8,,intersección,-73.244878,10.473465,1603.0,2024-02-09,2024-09-10,,
CALLE 17 KRRA9A Y 10 VALLEDUPAR,EQUIPO051,2,C02:2,agente:2,gps,sin_punto,CL 17,,dirección de tipo via_sola,-73.244971,10.472485,,2024-07-09,2024-07-09,,
CALLE 17 VALLEDUPAR,EQUIPO052,2,C02:2,agente:2,gps,sin_punto,CL 17,,dirección de tipo via_sola,-73.244776,10.473623,,2023-04-11,2024-07-29,,
CARRERA 12CON CALLE 15 VALLEDUPAR,EQUIPO042,2,C02:2,agente:2,direccion,cruce,CR 12 × CL 15,,intersección,-73.250206,10.474247,9.0,2023-08-02,2024-06-05,,
CARRERA 12CON16 VALLEDUPAR,"EQUIPO041, EQUIPO042",2,"C32:1, C02:1",agente:2,direccion,cruce,CR 12 × CL 16,,intersección,-73.249689,10.473496,62.0,2024-07-04,2024-07-16,,
CARRERA 9 #16B-49,EQUIPO051,2,"C35:1, C02:1",fotodeteccion_previa:2,direccion,domiciliaria,CR 9 × CL 16 B,,placa 49 m hacia CL 17 (cuadra de 113 m); intersección,-73.245831,10.473542,,2024-10-24,2024-10-24,,
CALLE 15 #12-54,EQUIPO042,2,C02:2,fotodeteccion_previa:2,direccion,domiciliaria_cuadra,CL 15 × CR 12,,placa 54; sin cruce con CR 13 a ≤ 250 m; intersección,-73.250206,10.474247,,2024-11-29,2024-12-02,,
CALLE 17 # 8-45FRENTE ALAS PRENDAS VALLEDUPAR,EQUIPO052,2,D02:2,agente:2,direccion,domiciliaria,CL 17 × CR 8,,placa 45 m hacia CR 9 (cuadra de 75 m); intersección,-73.245224,10.473245,114.0,2024-10-23,2024-10-23,,
CALLE 17 # 9-1 VALLEDUPAR,"EQUIPO051, EQUIPO052",2,"H03:1, C02:1",agente:2,direccion,domiciliaria,CL 17 × CR 9,,placa 1 m hacia CR 10 (cuadra de 130 m); intersección,-73.245466,10.473092,18.0,2023-03-24,2023-05-07,,
CALLE 17 # 9-23 VALLEDUPAR,EQUIPO052,2,C02:2,agente:2,direccion,domiciliaria,CL 17 × CR 9,,placa 23 m hacia CR 10 (cuadra de 130 m); intersección,-73.245633,10.472981,15.0,2024-04-25,2024-05-27,,
CARRERA 9 # 17-66 VALLEDUPAR,EQUIPO051,2,C02:2,agente:2,direccion,domiciliaria,CR 9 × CL 17,,placa 66 m hacia CL 18 (cuadra de 95 m); intersección,-73.245091,10.472623,13.0,2023-07-31,2023-08-14,,
CARRERA 9 # 17-76 VALLEDUPAR,EQUIPO051,2,C02:2,agente:2,direccion,domiciliaria,CR 9 × CL 17,,placa 76 m hacia CL 18 (cuadra de 95 m); intersección,-73.245035,10.472551,14.0,2024-06-12,2024-06-13,,
CARRERA 9 # 18 03 VALLEDUPAR,EQUIPO051,2,C02:2,agente:2,direccion,domiciliaria,CR 9 × CL 18,,placa 3 m hacia CL 19 (cuadra de 106 m); intersección,-73.244912,10.472393,18.0,2023-04-17,2023-06-14,,
CALLE 16 CON CRA 12,"EQUIPO041, EQUIPO042",2,C02:2,fotodeteccion_previa:2,direccion,cruce,CL 16 × CR 12,,intersección,-73.249689,10.473496,,2025-03-04,2025-03-06,,
CARRERA 13 # 1635 VALLEDUPAR,EQUIPO041,2,C02:2,agente:2,gps,sin_punto,CR 13,,dirección de tipo via_sola,-73.250366,10.472488,,2023-06-20,2023-06-22,,
CARRERA 12#16A VALLEDUPAR,EQUIPO042,2,D04:2,agente:2,direccion,cruce,CR 12 × CL 16 A,,intersección,-73.249103,10.4726,19.0,2023-07-27,2023-07-27,,
CARRERA 12#15 06 NOTARIA VALLEDUPAR,EQUIPO042,2,C02:2,agente:2,direccion,domiciliaria,CR 12 × CL 15,,placa 6 m hacia CL 16 (cuadra de 100 m); intersección,-73.250175,10.474202,9.0,2023-09-05,2023-09-05,,
CARRERA 12#15-06 NORARIA3 VALLEDUPAR,EQUIPO042,2,C02:2,agente:2,direccion,domiciliaria,CR 12 × CL 15,,placa 6 m hacia CL 16 (cuadra de 100 m); intersección,-73.250175,10.474202,6.0,2024-08-26,2024-08-26,,
CARRERA 12#15-06 NOTARIA3 VALLEDUPAR,EQUIPO042,2,C02:2,agente:2,direccion,domiciliaria,CR 12 × CL 15,,placa 6 m hacia CL 16 (cuadra de 100 m); intersección,-73.250175,10.474202,6.0,2024-02-16,2024-02-23,,
CARRERA 12# 16-86 VALLEDUPAR,"EQUIPO041, EQUIPO042",2,C02:2,agente:2,direccion,domiciliaria_cuadra,CR 12 × CL 16,,placa 86; sin cruce con CL 17 a ≤ 250 m; intersección,-73.249689,10.473496,85.0,2023-07-05,2023-09-13,,
CALLE 17CON 9 VALLEDUPAR,"EQUIPO051, EQUIPO052",2,C02:2,agente:2,direccion,cruce,CL 17 × CR 9,,intersección,-73.245458,10.473097,1891.0,2024-06-04,2024-07-11,,
CALLE 18 CON 9 VALLEDUPAR,EQUIPO051,2,C02:2,agente:2,direccion,cruce,CL 18 × CR 9,,intersección,-73.244929,10.472415,1661.0,2024-11-05,2024-11-26,,
CARRERA 12 CALLE 15,EQUIPO042,2,"C02:1, D02:1","agente:1, fotodeteccion_previa:1",direccion,cruce,CR 12 × CL 15,,intersección,-73.250206,10.474247,,2023-03-10,2024-05-29,,
CARRERA 12 CALLE 15 ESQUINA VALLEDUPAR,EQUIPO042,2,"C02:1, D03:1",agente:2,direccion,cruce,CR 12 × CL 15,,intersección,-73.250206,10.474247,63.0,2024-06-21,2025-02-14,,
CARRERA 12 CON 15 PRIMERA VALLEDUPAR,EQUIPO042,2,C02:2,agente:2,direccion,cruce,CR 12 × CL 15,,intersección,-73.250206,10.474247,3077.0,2025-03-19,2025-03-19,,
CRA 12 16-30,"EQUIPO041, EQUIPO042",2,"C02:1, D02:1",fotodeteccion_previa:2,direccion,domiciliaria_cuadra,CR 12 × CL 16,,placa 30; sin cruce con CL 17 a ≤ 250 m; intersección,-73.249689,10.473496,,2024-04-17,2024-04-17,,
CALLE 16 #13-26,EQUIPO041,2,"C35:1, C02:1",fotodeteccion_previa:2,direccion,domiciliaria,CL 16 × CR 13,,placa 26 m hacia CR 14 (cuadra de 95 m); hueco de 50 m,-73.250749,10.472232,,2024-11-19,2024-11-19,,
CL. 16 #11-64,EQUIPO041,2,C02:2,fotodeteccion_previa:2,direccion,domiciliaria,CL 16 × CR 11,,placa 64 m hacia CR 12 (cuadra de 164 m); intersección,-73.248925,10.473999,,2024-09-19,2025-01-18,,
CL. 17 # 9-48,EQUIPO052,2,C02:2,fotodeteccion_previa:2,direccion,domiciliaria,CL 17 × CR 9,,placa 48 m hacia CR 10 (cuadra de 130 m); intersección,-73.245823,10.472856,,2025-01-22,2025-02-07,,
CALLE 16#12 VALLEDUPAR,"EQUIPO041, EQUIPO042",2,"H03:1, C02:1",agente:2,direccion,domiciliaria,CL 16 × CR 12,,placa 2 m hacia CR 13 (cuadra de 167 m); intersección,-73.249699,10.473481,48.0,2023-03-23,2023-05-04,,
CALLE 16#12-20 VALLEDUPAR,EQUIPO041,2,C02:2,agente:2,direccion,domiciliaria,CL 16 × CR 12,,placa 20 m hacia CR 13 (cuadra de 167 m); intersección,-73.249788,10.473344,24.0,2024-04-19,2026-05-15,,
CARRERA 9 #18-12,EQUIPO051,2,C02:2,fotodeteccion_previa:2,direccion,domiciliaria,CR 9 × CL 18,,placa 12 m hacia CL 19 (cuadra de 106 m); intersección,-73.244863,10.472328,,2024-11-27,2024-11-28,,
CARRERA 9 #18-13,EQUIPO051,2,"D02:1, C02:1",fotodeteccion_previa:2,direccion,domiciliaria,CR 9 × CL 18,,placa 13 m hacia CL 19 (cuadra de 106 m); intersección,-73.244857,10.47232,,2024-12-31,2024-12-31,,
CARRERA 9 #18-16,EQUIPO051,2,C02:2,fotodeteccion_previa:2,direccion,domiciliaria,CR 9 × CL 18,,placa 16 m hacia CL 19 (cuadra de 106 m); intersección,-73.244841,10.472299,,2024-10-02,2025-01-24,,
CARRERA 9 16B-39,EQUIPO051,2,C02:2,fotodeteccion_previa:2,direccion,domiciliaria,CR 9 × CL 16 B,,placa 39 m hacia CL 17 (cuadra de 113 m); intersección,-73.245889,10.473611,,2024-05-09,2024-07-25,,
CARRERA 9 #16B-70,EQUIPO051,2,"C02:1, C35:1",fotodeteccion_previa:2,direccion,domiciliaria,CR 9 × CL 16 B,,placa 70 m hacia CL 17 (cuadra de 113 m); intersección,-73.245708,10.473395,,2025-01-30,2025-01-30,,
CARRERA 9 #16B-72,EQUIPO051,2,C02:2,fotodeteccion_previa:2,direccion,domiciliaria,CR 9 × CL 16 B,,placa 72 m hacia CL 17 (cuadra de 113 m); intersección,-73.245696,10.473381,,2024-12-27,2025-02-17,,
CALLE 16CON12DAVIVIENDA VALLEDUPAR,"EQUIPO041, EQUIPO042",2,C02:2,agente:2,direccion,cruce,CL 16 × CR 12,,intersección,-73.249689,10.473496,94.0,2024-04-02,2024-04-02,,
CALLE 17 # 6A-51CINCO ESQUINAS CENTRO VALLEDUPAR,EQUIPO052,2,"D02:1, H03:1",agente:2,gps,sin_punto,CL 17 × CR 6 A,,no se cruzan (más cerca: 366 m),-73.244381,10.473758,,2025-03-08,2025-03-08,,
CALLE 17 # 7 - 116 VALLEDUPAR,EQUIPO052,2,C02:2,agente:2,direccion,domiciliaria,CL 17 × CR 7,,placa 116 m hacia CR 8 (cuadra de 146 m); intersección,-73.244648,10.473614,30.0,2023-04-18,2023-06-05,,
CALLE 15 12-108,EQUIPO042,2,C02:2,fotodeteccion_previa:2,direccion,domiciliaria_cuadra,CL 15 × CR 12,,placa 108; sin cruce con CR 13 a ≤ 250 m; intersección,-73.250206,10.474247,,2024-07-31,2024-09-02,,
CALLE 15 #12-10,EQUIPO042,2,C02:2,fotodeteccion_previa:2,direccion,domiciliaria_cuadra,CL 15 × CR 12,,placa 10; sin cruce con CR 13 a ≤ 250 m; intersección,-73.250206,10.474247,,2024-12-06,2024-12-30,,
CALLE 15 #12-16 VALLEDUPAR,EQUIPO042,2,C02:2,"agente:1, fotodeteccion_previa:1",direccion,domiciliaria_cuadra,CL 15 × CR 12,,placa 16; sin cruce con CR 13 a ≤ 250 m; intersección,-73.250206,10.474247,3230.0,2023-05-10,2024-09-23,,
CARRERA 12 16-102,"EQUIPO041, EQUIPO042",2,"C02:1, C35:1",fotodeteccion_previa:2,direccion,domiciliaria_cuadra,CR 12 × CL 16,,placa 102; sin cruce con CL 17 a ≤ 250 m; intersección,-73.249689,10.473496,,2024-06-14,2024-06-14,,
CARRERA 12 16A-30,EQUIPO042,2,C02:2,fotodeteccion_previa:2,direccion,domiciliaria,CR 12 × CL 16 A,,placa 30 m hacia CL 17 (cuadra de 174 m); intersección,-73.248951,10.472374,,2024-06-05,2024-07-12,,
CARRERA 12 #16A-39,EQUIPO042,2,C02:2,fotodeteccion_previa:2,direccion,domiciliaria,CR 12 × CL 16 A,,placa 39 m hacia CL 17 (cuadra de 174 m); intersección,-73.248905,10.472306,,2024-11-26,2025-02-24,,
CALLE 21 # 15-53 VALLEDUPAR,EQUIPO031,2,"C02:1, C31:1",agente:2,direccion,cruce_aproximado,CL 21 × CR 15,,2 cruces a 106 m: se toma el centro,-73.246668,10.464053,112.0,2023-04-19,2026-07-21,,
CALLE 21 # 17-12 PUESTO DE CONTROL FRENTE MI FUTURO VALLEDUPAR,EQUIPO031,2,C24:2,agente:2,direccion,domiciliaria_cuadra,CL 21 × CR 17,,placa 12; sin cruce con CR 18 a ≤ 250 m; intersección,-73.248439,10.463905,32.0,2024-04-03,2024-04-03,,
CARRERA 12 #16A-42,EQUIPO042,2,C02:2,fotodeteccion_previa:2,direccion,domiciliaria,CR 12 × CL 16 A,,placa 42 m hacia CL 17 (cuadra de 174 m); intersección,-73.24889,10.472284,,2024-12-02,2025-01-23,,
CARRERA 12 #16A-45,EQUIPO042,2,C02:2,fotodeteccion_previa:2,direccion,domiciliaria,CR 12 × CL 16 A,,placa 45 m hacia CL 17 (cuadra de 174 m); intersección,-73.248875,10.472261,,2024-11-21,2025-01-17,,
CARRERA 9 #17-24,EQUIPO051,2,C02:2,fotodeteccion_previa:2,direccion,domiciliaria,CR 9 × CL 17,,placa 24 m hacia CL 18 (cuadra de 95 m); intersección,-73.245324,10.472924,,2025-01-08,2025-02-10,,
CALLE 16ACON CARRERA 12 VALLEDUPAR,"EQUIPO041, EQUIPO042",2,"H03:1, C02:1",agente:2,direccion,cruce,CL 16 × CR 12,,intersección,-73.249689,10.473496,156.0,2023-08-11,2024-04-10,,
CALLE 16B # 845 VALLEDUPAR,EQUIPO052,2,"C24:1, C02:1",agente:2,gps,sin_punto,CL 16 B × CR 845,,vía no está en la referencia: CR 845,-73.244926,10.473587,,2024-04-11,2024-04-27,,
CALLE 16CON 12 AFUERA BANCO DA VIVIENDA VALLEDUPAR,"EQUIPO041, EQUIPO042",2,C02:2,agente:2,direccion,cruce,CL 16 × CR 12,,intersección,-73.249689,10.473496,2353.0,2024-05-28,2024-05-28,,
CALLE 16CON CARRERA 12 VALLEDUPAR,"EQUIPO041, EQUIPO042",2,C02:2,agente:2,direccion,cruce,CL 16 × CR 12,,intersección,-73.249689,10.473496,2521.0,2025-11-24,2025-11-24,,
CARRERA 9 #16B-60,EQUIPO051,2,C02:2,fotodeteccion_previa:2,direccion,domiciliaria,CR 9 × CL 16 B,,placa 60 m hacia CL 17 (cuadra de 113 m); intersección,-73.245766,10.473465,,2025-01-25,2025-02-03,,
CARRERA 9 #16B-67,EQUIPO051,2,C02:2,fotodeteccion_previa:2,direccion,domiciliaria,CR 9 × CL 16 B,,placa 67 m hacia CL 17 (cuadra de 113 m); intersección,-73.245726,10.473416,,2024-10-11,2024-10-16,,
CALLE 16#11A-56 VALLEDUPAR,EQUIPO041,2,"D03:1, C02:1",agente:2,direccion,domiciliaria,CL 16 × CR 11 A,,placa 56 m hacia CR 12 (cuadra de 84 m); intersección,-73.24948,10.473646,67.0,2023-07-25,2024-07-09,,
CARRERA 12 15-108,"EQUIPO041, EQUIPO042",2,C02:2,fotodeteccion_previa:2,direccion,domiciliaria,CR 12 × CL 15,,placa 108 m hacia CL 16 (cuadra de 100 m); intersección,-73.249689,10.473496,,2024-07-05,2024-09-09,,
CARRERA 12 15-27,EQUIPO042,2,C02:2,fotodeteccion_previa:2,direccion,domiciliaria,CR 12 × CL 15,,placa 27 m hacia CL 16 (cuadra de 100 m); intersección,-73.250067,10.474045,,2024-04-02,2024-05-24,,
CARRERA 12 15-32,EQUIPO042,2,C02:2,fotodeteccion_previa:2,direccion,domiciliaria,CR 12 × CL 15,,placa 32 m hacia CL 16 (cuadra de 100 m); intersección,-73.250042,10.474008,,2024-03-19,2024-06-17,,
CALLE 21 #15-27,EQUIPO031,2,"C35:1, C02:1",fotodeteccion_previa:2,direccion,cruce_aproximado,CL 21 × CR 15,,2 cruces a 106 m: se toma el centro,-73.246668,10.464053,,2025-01-17,2025-01-17,,
CALLE 21 #15-35,EQUIPO031,2,C02:2,fotodeteccion_previa:2,direccion,cruce_aproximado,CL 21 × CR 15,,2 cruces a 106 m: se toma el centro,-73.246668,10.464053,,2024-10-22,2024-12-23,,
CALLE 21 #15-53,EQUIPO031,2,C02:2,fotodeteccion_previa:2,direccion,cruce_aproximado,CL 21 × CR 15,,2 cruces a 106 m: se toma el centro,-73.246668,10.464053,,2025-01-15,2025-02-14,,
CARRERA 12 #16-94,"EQUIPO041, EQUIPO042",2,C02:2,fotodeteccion_previa:2,direccion,domiciliaria_cuadra,CR 12 × CL 16,,placa 94; sin cruce con CL 17 a ≤ 250 m; intersección,-73.249689,10.473496,,2024-12-18,2025-02-05,,
CARRERA 12 #16A-25,EQUIPO042,2,C02:2,fotodeteccion_previa:2,direccion,domiciliaria,CR 12 × CL 16 A,,placa 25 m hacia CL 17 (cuadra de 174 m); intersección,-73.248976,10.472412,,2024-12-12,2025-01-13,,
CARRERA 12 #16-08,"EQUIPO041, EQUIPO042",2,"C02:1, D02:1",fotodeteccion_previa:2,direccion,domiciliaria_cuadra,CR 12 × CL 16,,placa 8; sin cruce con CL 17 a ≤ 250 m; intersección,-73.249689,10.473496,,2024-09-24,2024-09-24,,
CALLE 21 CON 16 VALLEDUPAR,"EQUIPO031, EQUIPO032",2,C02:2,agente:2,direccion,cruce,CL 21 × CR 16,,intersección,-73.246992,10.464007,2449.0,2025-03-21,2025-03-21,,
CALLE 21 # 19-27 SEMAFORO LOS MANGUITOS VALLEDUPAR,"EQUIPO021, EQUIPO022",2,"D02:1, D04:1",agente:2,direccion,domiciliaria_cuadra,CL 21 × CR 19,,placa 27; sin cruce con CR 20 a ≤ 250 m; hueco de 8 m,-73.253796,10.461979,53.0,2025-09-22,2025-09-22,,
CALLE 16A 12-02,EQUIPO042,2,C02:2,fotodeteccion_previa:2,direccion,domiciliaria,CL 16 A × CR 12,,placa 2 m hacia CR 13 (cuadra de 124 m); intersección,-73.249118,10.47259,,2024-06-14,2024-06-14,,
CALLE 16 GOBERNACION VALLEDUPAR,EQUIPO041,2,C02:2,agente:2,gps,sin_punto,CL 16,,dirección de tipo via_sola,-73.250292,10.472863,,2023-10-17,2023-10-20,,
CARRERA 9 #17-35,EQUIPO051,2,C02:2,fotodeteccion_previa:2,direccion,domiciliaria,CR 9 × CL 17,,placa 35 m hacia CL 18 (cuadra de 95 m); intersección,-73.245263,10.472845,,2024-11-28,2024-12-17,,
CARRERA 9 #17-38,EQUIPO051,2,C02:2,fotodeteccion_previa:2,direccion,domiciliaria,CR 9 × CL 17,,placa 38 m hacia CL 18 (cuadra de 95 m); intersección,-73.245247,10.472824,,2024-11-13,2025-01-28,,
CARRERA 9 #17-41,EQUIPO051,2,"C35:1, D02:1",fotodeteccion_previa:2,direccion,domiciliaria,CR 9 × CL 17,,placa 41 m hacia CL 18 (cuadra de 95 m); intersección,-73.24523,10.472802,,2024-10-19,2024-10-19,,
CARRERA 9 #17-45,EQUIPO051,2,C02:2,fotodeteccion_previa:2,direccion,domiciliaria,CR 9 × CL 17,,placa 45 m hacia CL 18 (cuadra de 95 m); intersección,-73.245208,10.472774,,2024-10-04,2025-02-03,,
CARRERA 9 #16B-78,EQUIPO051,2,C02:2,fotodeteccion_previa:2,direccion,domiciliaria,CR 9 × CL 16 B,,placa 78 m hacia CL 17 (cuadra de 113 m); intersección,-73.245661,10.47334,,2025-01-21,2025-02-27,,
CALLE 16A CON CRA 12 VALLEDUPAR,EQUIPO042,2,C02:2,agente:2,direccion,cruce,CL 16 A × CR 12,,intersección,-73.249103,10.4726,1538.0,2024-04-24,2024-05-24,,
CARRERA 9 #17-12,EQUIPO051,2,C02:2,fotodeteccion_previa:2,direccion,domiciliaria,CR 9 × CL 17,,placa 12 m hacia CL 18 (cuadra de 95 m); intersección,-73.245391,10.473011,,2024-11-29,2024-12-10,,
CARRERA 9 #17-22,EQUIPO051,2,C02:2,fotodeteccion_previa:2,direccion,domiciliaria,CR 9 × CL 17,,placa 22 m hacia CL 18 (cuadra de 95 m); intersección,-73.245336,10.472939,,2025-01-28,2025-02-12,,
CARRERA 12 #16-30,"EQUIPO041, EQUIPO042",2,C02:2,fotodeteccion_previa:2,direccion,domiciliaria_cuadra,CR 12 × CL 16,,placa 30; sin cruce con CL 17 a ≤ 250 m; intersección,-73.249689,10.473496,,2025-02-22,2025-02-27,,
CARRERA 12 #16-30 VALLEDUPAR,"EQUIPO041, EQUIPO042",2,C02:2,agente:2,direccion,domiciliaria_cuadra,CR 12 × CL 16,,placa 30; sin cruce con CL 17 a ≤ 250 m; intersección,-73.249689,10.473496,357.0,2025-08-04,2026-09-17,,
CARRERA 12 #16-42,"EQUIPO041, EQUIPO042",2,C02:2,fotodeteccion_previa:2,direccion,domiciliaria_cuadra,CR 12 × CL 16,,placa 42; sin cruce con CL 17 a ≤ 250 m; intersección,-73.249689,10.473496,,2024-10-12,2024-12-23,,
CALLE 15 CON CARRERA 12 ESQUINA VALLEDUPAR,EQUIPO042,2,"D03:1, C02:1",agente:2,direccion,cruce,CL 15 × CR 12,,intersección,-73.250206,10.474247,19.0,2023-06-21,2023-12-13,,
CRA. 12 # 15-19,EQUIPO042,2,C02:2,fotodeteccion_previa:2,direccion,domiciliaria,CR 12 × CL 15,,placa 19 m hacia CL 16 (cuadra de 100 m); intersección,-73.250108,10.474105,,2025-02-19,2025-02-26,,
CALLE 16 # 12B1ZDA VIVIENDA VALLEDUPAR,EQUIPO041,2,C02:2,agente:2,gps,sin_punto,CL 16 × CR 12 B,,vía no está en la referencia: CR 12 B,-73.25035,10.472438,,2024-09-12,2024-09-12,,
CALLE 16 #11-59,EQUIPO041,2,"C02:1, C35:1",fotodeteccion_previa:2,direccion,domiciliaria,CL 16 × CR 11,,placa 59 m hacia CR 12 (cuadra de 164 m); intersección,-73.248887,10.474024,,2024-10-23,2024-10-23,,
CALLE 16 #11-66,EQUIPO041,2,"C35:1, C02:1",fotodeteccion_previa:2,direccion,domiciliaria,CL 16 × CR 11,,placa 66 m hacia CR 12 (cuadra de 164 m); intersección,-73.24894,10.473989,,2024-10-19,2024-10-19,,
CL. 21 #15-39,EQUIPO031,2,C02:2,fotodeteccion_previa:2,direccion,cruce_aproximado,CL 21 × CR 15,,2 cruces a 106 m: se toma el centro,-73.246668,10.464053,,2025-02-05,2025-02-18,,
CLLE 17 CRA 9,"EQUIPO051, EQUIPO052",2,C02:2,fotodeteccion_previa:2,direccion,cruce,CL 17 × CR 9,,intersección,-73.245458,10.473097,,2024-04-15,2024-04-17,,
CALLE 6# 24-184 VALLEDUPAR,EQUIPO071,2,"D02:1, C24:1",agente:2,direccion,domiciliaria_cuadra,CL 6 × CR 24,,placa 184; sin cruce con CR 25 a ≤ 250 m; intersección,-73.273111,10.480923,85.0,2023-04-20,2023-04-20,,
CALLE 7A41 VALLEDUPAR,EQUIPO042,2,C02:2,agente:2,gps,sin_punto,CL 7 A,,dirección de tipo via_sola,-73.248861,10.472612,,2024-12-06,2024-12-06,,
CALLE 21 #15-89 A 15-1 VALLEDUPAR,EQUIPO031,2,D02:2,agente:2,direccion,cruce_aproximado,CL 21 × CR 15,,2 cruces a 106 m: se toma el centro,-73.246668,10.464053,190.0,2023-06-14,2023-06-14,,
CARRERA 12 #15-28,EQUIPO042,2,C02:2,fotodeteccion_previa:2,direccion,domiciliaria,CR 12 × CL 15,,placa 28 m hacia CL 16 (cuadra de 100 m); intersección,-73.250062,10.474038,,2024-12-10,2025-01-16,,
CALLE 15 12-121,EQUIPO042,2,"D02:1, C35:1",fotodeteccion_previa:2,direccion,domiciliaria_cuadra,CL 15 × CR 12,,placa 121; sin cruce con CR 13 a ≤ 250 m; intersección,-73.250206,10.474247,,2024-03-19,2024-03-19,,
CALLE 15 CARRERA 12 VALLEDUPAR,EQUIPO042,2,"C35:1, D03:1",agente:2,direccion,cruce,CL 15 × CR 12,,intersección,-73.250206,10.474247,21.0,2025-03-06,2025-03-20,,
CALLE CARRERA 12 CON CALLE 16 INTERSECCION SEMAFORICA VALLEDUPAR,"EQUIPO041, EQUIPO042",2,"D04:1, D07:1",agente:2,direccion,cruce,CR 12 × CL 16,,intersección,-73.249689,10.473496,31.0,2024-04-18,2024-04-18,,
CALLE CLL16 FRENTE A AUDIFARMA VALLEDUPAR,EQUIPO041,2,C02:2,agente:2,gps,sin_punto,CL 16,,dirección de tipo via_sola,-73.250123,10.473071,,2023-05-29,2023-05-29,,
CALLEJON 16B CON 9 VALLEDUPAR,EQUIPO052,2,C02:2,agente:2,gps,sin_punto,,,dirección de tipo no_interpretable,-73.244864,10.473252,,2024-12-17,2024-12-17,,
CALLEJON 8 CON 16 B VALLEDUPAR,EQUIPO052,2,C02:2,agente:2,gps,sin_punto,,,dirección de tipo no_interpretable,-73.244798,10.473273,,2024-12-17,2024-12-17,,
CALLE CALLE 17 # 8-36 VALLEDUPAR,EQUIPO052,2,C02:2,agente:2,direccion,domiciliaria,CL 17 × CR 8,,placa 36 m hacia CR 9 (cuadra de 75 m); intersección,-73.245155,10.473289,10.0,2023-03-22,2023-04-03,,
¿CALLE 17 9-01,"EQUIPO051, EQUIPO052",2,"D02:1, C35:1",fotodeteccion_previa:2,direccion,domiciliaria,CL 17 × CR 9,,placa 1 m hacia CR 10 (cuadra de 130 m); intersección,-73.245466,10.473092,,2024-06-05,2024-06-05,,
¿CARRERA 16 21-84,EQUIPO032,2,"C02:1, D02:1",fotodeteccion_previa:2,direccion,domiciliaria,CR 16 × CL 21,,placa 84 m hacia CL 22 (cuadra de 126 m); intersección,-73.246943,10.463248,,2024-04-12,2024-06-14,,
¿CARRERA 9 16B-63,EQUIPO051,2,"D02:1, C35:1",fotodeteccion_previa:2,direccion,domiciliaria,CR 9 × CL 16 B,,placa 63 m hacia CL 17 (cuadra de 113 m); intersección,-73.245749,10.473444,,2024-08-10,2024-08-10,,
CARRERA 9 #17-62,EQUIPO051,2,"C35:1, C02:1",fotodeteccion_previa:2,direccion,domiciliaria,CR 9 × CL 17,,placa 62 m hacia CL 18 (cuadra de 95 m); intersección,-73.245113,10.472652,,2025-02-14,2025-02-14,,
CARRERA 9 #18-08,EQUIPO051,2,C02:2,fotodeteccion_previa:2,direccion,domiciliaria,CR 9 × CL 18,,placa 8 m hacia CL 19 (cuadra de 106 m); intersección,-73.244885,10.472357,,2025-01-07,2025-02-13,,
CARRERA 12 # 16A54 VALLEDUPAR,EQUIPO042,2,D02:2,agente:2,direccion,domiciliaria,CR 12 × CL 16 A,,placa 54 m hacia CL 17 (cuadra de 174 m); intersección,-73.248829,10.472193,20.0,2024-09-11,2024-09-11,,
CARRERA 12 #15-19,EQUIPO042,2,C02:2,fotodeteccion_previa:2,direccion,domiciliaria,CR 12 × CL 15,,placa 19 m hacia CL 16 (cuadra de 100 m); intersección,-73.250108,10.474105,,2025-01-28,2025-02-14,,
CALLE CALLE 16 # 11 A 24 VALLEDUPAR,EQUIPO041,2,"C02:1, B02:1",agente:2,direccion,domiciliaria,CL 16 × CR 11 A,,placa 24 m hacia CR 12 (cuadra de 84 m); intersección,-73.249243,10.473816,18.0,2023-07-12,2023-07-12,,
CALLE CALLE 16 CRA 12 DAVIVIENDA VALLEDUPAR,"EQUIPO041, EQUIPO042",2,C02:2,agente:2,direccion,cruce,CL 16 × CR 12,,intersección,-73.249689,10.473496,90.0,2024-04-02,2024-04-02,,
CALLE 6 # 23-4 VALLEDUPAR,EQUIPO071,2,"C02:1, C24:1",agente:2,direccion,domiciliaria,CL 6 × CR 23,,placa 4 m hacia CR 24 (cuadra de 84 m); intersección,-73.272423,10.481172,33.0,2023-05-18,2023-05-18,,
CARRERA 12 # 16-42 VALLEDUPAR,"EQUIPO041, EQUIPO042",2,C02:2,agente:2,direccion,domiciliaria_cuadra,CR 12 × CL 16,,placa 42; sin cruce con CL 17 a ≤ 250 m; intersección,-73.249689,10.473496,41.0,2024-07-31,2025-10-09,,
CARRERA 12 # 16-48 VALLEDUPAR,"EQUIPO041, EQUIPO042",2,C02:2,agente:2,direccion,domiciliaria_cuadra,CR 12 × CL 16,,placa 48; sin cruce con CL 17 a ≤ 250 m; intersección,-73.249689,10.473496,76.0,2023-05-18,2024-02-16,,
CARRERA 12 # 16A-20 VALLEDUPAR,EQUIPO042,2,"B05:1, C02:1",agente:2,direccion,domiciliaria,CR 12 × CL 16 A,,placa 20 m hacia CL 17 (cuadra de 174 m); intersección,-73.249001,10.47245,78.0,2023-08-22,2023-08-22,,
CARRERA 12 # 16A-54 VALLEDUPAR,EQUIPO042,2,C02:2,agente:2,direccion,domiciliaria,CR 12 × CL 16 A,,placa 54 m hacia CL 17 (cuadra de 174 m); intersección,-73.248829,10.472193,1515.0,2024-04-23,2024-07-04,,
CRA. 9 #16B-51,EQUIPO051,2,C02:2,fotodeteccion_previa:2,direccion,domiciliaria,CR 9 × CL 16 B,,placa 51 m hacia CL 17 (cuadra de 113 m); intersección,-73.245819,10.473528,,2025-01-18,2025-01-18,,
CRA. 9 #17- 06,"EQUIPO051, EQUIPO052",2,"C02:1, C35:1",fotodeteccion_previa:2,direccion,domiciliaria,CR 9 × CL 17,,placa 6 m hacia CL 18 (cuadra de 95 m); intersección,-73.245425,10.473054,,2025-02-19,2025-02-19,,
CALLE 16 # 12 VALLEDUPAR,"EQUIPO041, EQUIPO042",2,C02:2,agente:2,direccion,domiciliaria,CL 16 × CR 12,,placa 2 m hacia CR 13 (cuadra de 167 m); intersección,-73.249699,10.473481,135.0,2025-03-26,2025-03-26,,
CALLE 16 # 12-21 VALLEDUPAR,EQUIPO041,2,"C24:1, C02:1",agente:2,direccion,domiciliaria,CL 16 × CR 12,,placa 21 m hacia CR 13 (cuadra de 167 m); intersección,-73.249793,10.473336,14.0,2023-06-02,2025-03-31,,
CALLE 16 # 129 VALLEDUPAR,"EQUIPO041, EQUIPO042",2,D04:2,agente:2,gps,sin_punto,CL 16 × CR 129,,vía no está en la referencia: CR 129,-73.249739,10.473381,,2024-09-24,2024-10-04,,
CARRERA 12 # 15- NOTARIA 3 VALLEDUPAR,EQUIPO042,2,C02:2,agente:2,direccion,domiciliaria,CR 12 × CL 15,,placa 5 m hacia CL 16 (cuadra de 100 m); intersección,-73.25018,10.47421,17.0,2024-04-05,2024-04-09,,
CARRERA 12 # 15-06 AFUERA NOTARIA VALLEDUPAR,EQUIPO042,2,C02:2,agente:2,direccion,domiciliaria,CR 12 × CL 15,,placa 6 m hacia CL 16 (cuadra de 100 m); intersección,-73.250175,10.474202,19.0,2024-05-20,2024-05-20,,
DIAGONAL 21 # 18 F -68 SEMAFORO VALLEDUPAR,"EQUIPO021, EQUIPO022",2,"D05:1, D04:1",agente:2,gps,sin_punto,DG 21,,dirección de tipo via_sola,-73.253761,10.462256,,2026-02-26,2026-02-26,,
AVENIDA DIAGONAL 21 # 19-43 VALLEDUPAR,"EQUIPO021, EQUIPO022",2,"C35:1, D05:1",agente:2,direccion,domiciliaria,DG 21 × CR 19,,placa 43 m hacia CR 20 (cuadra de 104 m); intersección,-73.254074,10.461345,15.0,2023-03-28,2023-03-28,,
DIAGONAL 21 # 19-43 SEMAFORO LOS MANGUITOS VALLEDUPAR,"EQUIPO021, EQUIPO022",2,"D05:1, D02:1",agente:2,direccion,domiciliaria,DG 21 × CR 19,,placa 43 m hacia CR 20 (cuadra de 104 m); intersección,-73.254074,10.461345,2273.0,2024-11-01,2024-11-27,,
AVENIDA 18 VALLEDUPAR,"EQUIPO021, EQUIPO022",2,"C24:1, H03:1",agente:2,gps,sin_punto,AV 18,,dirección de tipo via_sola,-73.253743,10.462315,,2023-03-29,2023-03-29,,
DIAGONAL 21 # 19 ESTE17 VALLEDUPAR,"EQUIPO021, EQUIPO022",1,C35:1,agente:1,direccion,domiciliaria,DG 21 × CR 19,,placa 9 m hacia CR 20 (cuadra de 104 m); intersección,-73.253943,10.461624,800.0,2026-02-22,2026-02-22,,
DIAGONAL 21 # 19D20 VALLEDUPAR,EQUIPO021,1,C02:1,agente:1,gps,sin_punto,DG 21,,dirección de tipo via_sola,-73.254502,10.460418,,2024-05-10,2024-05-10,,
CALLE 12 05 VALLEDUPAR,EQUIPO041,1,D02:1,agente:1,gps,sin_punto,CL 12,,dirección de tipo via_sola,-73.250018,10.473073,,2024-06-28,2024-06-28,,
CALLE 11A CON 15 VALLEDUPAR,EQUIPO041,1,C02:1,agente:1,gps,sin_punto,CL 11 A × CR 15,,no se cruzan (más cerca: 128 m),-73.249027,10.473995,,2024-05-23,2024-05-23,,
AVENIDA UPCSABANA VALLEDUPAR,"EQUIPO021, EQUIPO022",1,C02:1,agente:1,gps,sin_punto,,,dirección de tipo via_nombrada,-73.253947,10.461518,,2025-11-06,2025-11-06,,
AVENIDA LA NEVADA VALLEDUPAR,EQUIPO071,1,D02:1,agente:1,gps,sin_punto,,,dirección de tipo no_interpretable,-73.272915,10.480997,,2025-09-21,2025-09-21,,
AVENIDA GLORIETA PARQUE LA PROVINCIA VALLEDUPAR,EQUIPO041,1,C02:1,agente:1,gps,sin_punto,,,dirección de tipo via_nombrada,-73.249172,10.473923,,2024-06-25,2024-06-25,,
AVENIDA DJDJF VALLEDUPAR,EQUIPO071,1,D02:1,agente:1,gps,sin_punto,,,dirección de tipo via_nombrada,-73.272472,10.481288,,2025-06-17,2025-06-17,,
AVENIDA DIG 21 #19 - 27 VALLEDUPAR,"EQUIPO021, EQUIPO022",1,D04:1,agente:1,direccion,domiciliaria,DG 21 × CR 19,,placa 27 m hacia CR 20 (cuadra de 104 m); intersección,-73.254012,10.461477,1550.0,2025-09-17,2025-09-17,,
AVENIDA DIAGONAL 21#19-43 VALLEDUPAR,"EQUIPO021, EQUIPO022",1,D05:1,agente:1,direccion,domiciliaria,DG 21 × CR 19,,placa 43 m hacia CR 20 (cuadra de 104 m); intersección,-73.254074,10.461345,9.0,2023-03-28,2023-03-28,,
AVENIDA DIAGONAL 21 19. 27 CEMAFORO LOS MANGUITOS VALLEDUPAR,"EQUIPO021, EQUIPO022",1,D05:1,agente:1,gps,sin_punto,DG 21,,dirección de tipo via_sola,-73.253958,10.461353,,2023-03-28,2023-03-28,,
AVENIDA CALLE CALLE 16 CON CARRERA12 VALLEDUPAR,"EQUIPO041, EQUIPO042",1,C01:1,agente:1,direccion,cruce,CL 16 × CR 12,,intersección,-73.249689,10.473496,778.0,2023-06-29,2023-06-29,,
AVENIDA CALLE 16# PARADA DE BUS GOBERNACION VALLEDUPAR,EQUIPO041,1,C02:1,agente:1,gps,sin_punto,CL 16,,dirección de tipo via_sola,-73.250475,10.472413,,2023-10-25,2023-10-25,,
AVENIDA CALLE 16 CON 12 VALLEDUPAR,"EQUIPO041, EQUIPO042",1,C02:1,agente:1,direccion,cruce,CL 16 × CR 12,,intersección,-73.249689,10.473496,160.0,2024-08-08,2024-08-08,,
AVENIDA 18 E -106 VALLEDUPAR,"EQUIPO021, EQUIPO022",1,C24:1,agente:1,gps,sin_punto,AV 18 E,,dirección de tipo via_sola,-73.25367,10.462347,,2023-03-29,2023-03-29,,
EDIFICIO 21 VALLEDUPAR,"EQUIPO021, EQUIPO022",1,D05:1,agente:1,gps,sin_punto,,,dirección de tipo no_interpretable,-73.25392,10.461447,,2023-03-28,2023-03-28,,
KM 87 - TR PUEBLO N-VALLEDUPAR,"EQUIPO021, EQUIPO022",1,C35:1,agente:1,gps,sin_punto,,,dirección de tipo via_km,-73.254237,10.461063,,2024-03-24,2024-03-24,,
TR PUEBLO NUEVO VALLEDU - KM 79,EQUIPO032,1,B02:1,agente:1,gps,sin_punto,,,dirección de tipo via_km,-73.246935,10.463105,,2024-10-28,2024-10-28,,
TR PUEBLO NUEVO VALLEDU - KM 87,EQUIPO021,1,B02:1,agente:1,gps,sin_punto,,,dirección de tipo via_km,-73.254305,10.461062,,2024-03-24,2024-03-24,,
CALLE 16 # 11A-10 VALLEDUPAR,EQUIPO041,1,C02:1,agente:1,direccion,domiciliaria,CL 16 × CR 11 A,,placa 10 m hacia CR 12 (cuadra de 84 m); intersección,-73.24914,10.473891,3.0,2024-02-13,2024-02-13,,
CALLE 16 # 11A-56 VALLEDUPAR,EQUIPO041,1,C02:1,agente:1,direccion,domiciliaria,CL 16 × CR 11 A,,placa 56 m hacia CR 12 (cuadra de 84 m); intersección,-73.24948,10.473646,22.0,2023-06-01,2023-06-01,,
AVENIDA 16 B CON 14 SALUD TOTAL VALLEDUPAR,EQUIPO052,1,C02:1,agente:1,gps,sin_punto,AV 16 B,,dirección de tipo via_sola,-73.245152,10.473405,,2025-08-12,2025-08-12,,
DG. 21 #13-8,EQUIPO041,1,C02:1,fotodeteccion_previa:1,direccion,domiciliaria,DG 21 × CR 13,,placa 8 m hacia CR 14 (cuadra de 121 m); intersección,-73.250493,10.472539,,2025-01-29,2025-01-29,,
DIAGONAL 16 CARRERA 12,"EQUIPO041, EQUIPO042",1,C02:1,fotodeteccion_previa:1,direccion,cruce,DG 16 × CR 12,DG 16 -> CL 16,intersección,-73.249689,10.473496,,2024-09-12,2024-09-12,,
DIAGONAL 16#14-51 VALLEDUPAR,EQUIPO041,1,C02:1,agente:1,gps,sin_punto,DG 16,,dirección de tipo via_sola,-73.250018,10.473228,,2024-04-10,2024-04-10,,
DIAGONAL 21 # 12-83 VALLEDUPAR,EQUIPO041,1,C02:1,agente:1,direccion,domiciliaria,DG 21 × CR 12,,placa 83 m hacia CR 13 (cuadra de 124 m); intersección,-73.250226,10.472895,,2026-02-06,2026-02-06,,
DIAGONAL 21 # 13-8 CALLE CELULARES VALLEDUPAR,EQUIPO041,1,C02:1,agente:1,direccion,domiciliaria,DG 21 × CR 13,,placa 8 m hacia CR 14 (cuadra de 121 m); intersección,-73.250493,10.472539,114.0,2024-11-12,2024-11-12,,
CALLE 12- 75 VALLEDUPAR,EQUIPO042,1,C02:1,agente:1,gps,sin_punto,CL 12 × CR 75,,vía no está en la referencia: CR 75,-73.249853,10.47382,,2023-06-16,2023-06-16,,
CALLE 13C #1303 VALLEDUPAR,"EQUIPO041, EQUIPO042",1,C02:1,agente:1,gps,sin_punto,CL 13 C,,dirección de tipo via_sola,-73.249797,10.473622,,2024-07-15,2024-07-15,,
CALLE 15 # 12 -04 VALLEDUPAR,EQUIPO042,1,D03:1,agente:1,direccion,domiciliaria_cuadra,CL 15 × CR 12,,placa 4; sin cruce con CR 13 a ≤ 250 m; intersección,-73.250206,10.474247,3767.0,2023-06-14,2023-06-14,,
CALLE 15 # 12 -08,EQUIPO042,1,C02:1,fotodeteccion_previa:1,direccion,domiciliaria_cuadra,CL 15 × CR 12,,placa 8; sin cruce con CR 13 a ≤ 250 m; intersección,-73.250206,10.474247,,2025-01-29,2025-01-29,,
CALLE CALLE 17 7A#81CENTRO 5 ESQUINA VALLEDUPAR,EQUIPO052,1,C02:1,agente:1,gps,sin_punto,CL 17,,dirección de tipo via_sola,-73.24443,10.473747,,2024-04-09,2024-04-09,,
CALLE CALLE 17 8-20 CENTRO VALLEDUPAR,EQUIPO052,1,C02:1,agente:1,direccion,domiciliaria,CL 17 × CR 8,,placa 20 m hacia CR 9 (cuadra de 75 m); intersección,-73.245032,10.473367,9.0,2024-06-26,2024-06-26,,
CALLE CALLE 17 CON 9-105 VALLEDUPAR,"EQUIPO051, EQUIPO052",1,C32:1,agente:1,direccion,cruce,CL 17 × CR 9,,intersección,-73.245458,10.473097,2043.0,2025-10-27,2025-10-27,,
CALLE CALLE 17 CR 8 VALLEDUPAR,EQUIPO052,1,C02:1,agente:1,direccion,cruce,CL 17 × CR 8,,intersección,-73.244878,10.473465,13.0,2024-12-30,2024-12-30,,
CALLE CALLE 17 CRA 9 VALLEDUPAR,"EQUIPO051, EQUIPO052",1,C02:1,agente:1,direccion,cruce,CL 17 × CR 9,,intersección,-73.245458,10.473097,99.0,2024-02-23,2024-02-23,,
CALLE CALLE 17 ENTRE KRA8 Y 7 VALLEDUPAR,EQUIPO052,1,C24:1,agente:1,direccion,cruce,CL 17 × CR 8,,intersección,-73.244878,10.473465,57.0,2023-03-18,2023-03-18,,
CALLE CALLE 21 DIAGONAL MI FUTURO MERCADO PUBLICO VALLEDUPAR,EQUIPO031,1,C02:1,agente:1,gps,sin_punto,CL 21,,dirección de tipo via_sola,-73.247343,10.463999,,2024-04-25,2024-04-25,,
CALLE CALLE 6 # 24 82 VALLEDUPAR,EQUIPO071,1,C35:1,agente:1,direccion,domiciliaria_cuadra,CL 6 × CR 24,,placa 82; sin cruce con CR 25 a ≤ 250 m; intersección,-73.273111,10.480923,81.0,2023-04-20,2023-04-20,,
CALLE CALLE 6 CON CRA 23 VALLEDUPAR,EQUIPO071,1,D01:1,agente:1,direccion,cruce,CL 6 × CR 23,,intersección,-73.272389,10.481185,69.0,2023-05-18,2023-05-18,,
CALLE CARRERA 12 CON 16 VALLEDUPAR,"EQUIPO041, EQUIPO042",1,C31:1,agente:1,direccion,cruce,CR 12 × CL 16,,intersección,-73.249689,10.473496,244.0,2024-05-14,2024-05-14,,
CALLE CLL 16 CR 12 VALLEDUPAR,"EQUIPO041, EQUIPO042",1,C02:1,agente:1,direccion,cruce,CL 16 × CR 12,,intersección,-73.249689,10.473496,,2023-02-08,2023-02-08,,
CALLE CALLE 16 CRA. 11A VALLEDUPAR,EQUIPO041,1,C02:1,agente:1,direccion,cruce,CL 16 × CR 11 A,,intersección,-73.249066,10.473944,52.0,2023-07-12,2023-07-12,,
CALLE CLL. 17 # 9-13 VALLEDUPAR,EQUIPO052,1,C02:1,agente:1,direccion,domiciliaria,CL 17 × CR 9,,placa 13 m hacia CR 10 (cuadra de 130 m); intersección,-73.245557,10.473031,10.0,2023-07-06,2023-07-06,,
CALLE CLL16 FRENTE A UNIFARMA VALLEDUPAR,EQUIPO041,1,C02:1,agente:1,gps,sin_punto,CL 16,,dirección de tipo via_sola,-73.250137,10.472785,,2023-05-29,2023-05-29,,
CALLE CRA 16 CRA 12 ESQUINA. VALLEDUPAR,"EQUIPO041, EQUIPO042",1,D04:1,agente:1,gps,sin_punto,CR 16 × CR 12,,dirección de tipo paralelas,-73.249715,10.473597,,2023-07-27,2023-07-27,,
CALLE CRA 8 CON 17 VALLEDUPAR,EQUIPO052,1,C02:1,agente:1,direccion,cruce,CR 8 × CL 17,,intersección,-73.244878,10.473465,3098.0,2023-10-06,2023-10-06,,
CARRERA 12 # 15-06 FRENTE A LA 3 VALLEDUPAR,EQUIPO042,1,C02:1,agente:1,direccion,domiciliaria,CR 12 × CL 15,,placa 6 m hacia CL 16 (cuadra de 100 m); intersección,-73.250175,10.474202,9.0,2024-04-18,2024-04-18,,
CARRERA 12 # 15-06 FRENTE A LA NOTAR3 VALLEDUPAR,EQUIPO042,1,C02:1,agente:1,direccion,domiciliaria,CR 12 × CL 15,,placa 6 m hacia CL 16 (cuadra de 100 m); intersección,-73.250175,10.474202,18.0,2023-10-12,2023-10-12,,
CARRERA 11A CON CON 15 VALLEDUPAR,EQUIPO051,1,D02:1,agente:1,gps,sin_punto,CR 11 A,,dirección de tipo via_sola,-73.245868,10.47366,,2025-09-05,2025-09-05,,
CARRERA 11A#16,EQUIPO041,1,C02:1,fotodeteccion_previa:1,direccion,domiciliaria_cuadra,CR 11 A × CL 16,,placa 6; sin cruce con CL 17 a ≤ 250 m; intersección,-73.249066,10.473944,,2024-09-27,2024-09-27,,
CARRERA 12 # 15 - 02 VALLEDUPAR,EQUIPO042,1,D03:1,agente:1,direccion,domiciliaria,CR 12 × CL 15,,placa 2 m hacia CL 16 (cuadra de 100 m); intersección,-73.250196,10.474232,,2023-12-06,2023-12-06,,
CARRERA 12 # 15 - 57 VALLEDUPAR,EQUIPO042,1,C02:1,agente:1,direccion,domiciliaria,CR 12 × CL 15,,placa 57 m hacia CL 16 (cuadra de 100 m); intersección,-73.249913,10.473821,14.0,2023-06-30,2023-06-30,,
CARRERA 12 # 15 -19 VALLEDUPAR,EQUIPO042,1,C02:1,agente:1,direccion,domiciliaria,CR 12 × CL 15,,placa 19 m hacia CL 16 (cuadra de 100 m); intersección,-73.250108,10.474105,2.0,2023-08-04,2023-08-04,,
CARRERA 12 # 15 -75 VALLEDUPAR,EQUIPO042,1,C02:1,agente:1,direccion,domiciliaria,CR 12 × CL 15,,placa 75 m hacia CL 16 (cuadra de 100 m); intersección,-73.24982,10.473686,23.0,2023-07-25,2023-07-25,,
CARRERA 12 # 15 02 VALLEDUPAR,EQUIPO042,1,C02:1,agente:1,direccion,domiciliaria,CR 12 × CL 15,,placa 2 m hacia CL 16 (cuadra de 100 m); intersección,-73.250196,10.474232,23.0,2024-08-09,2024-08-09,,
CARRERA 12 # 15 37 VALLEDUPAR,EQUIPO042,1,C24:1,agente:1,direccion,domiciliaria,CR 12 × CL 15,,placa 37 m hacia CL 16 (cuadra de 100 m); intersección,-73.250016,10.47397,38.0,2023-05-18,2023-05-18,,
CARRERA 12 # 15 60 AFUERA NOTARIA TERCERA VALLEDUPAR,EQUIPO042,1,C02:1,agente:1,direccion,domiciliaria,CR 12 × CL 15,,placa 60 m hacia CL 16 (cuadra de 100 m); intersección,-73.249897,10.473798,32.0,2024-06-12,2024-06-12,,
CARRERA 12 # 15 60 BANCO AV VILLAS VALLEDUPAR,EQUIPO042,1,D02:1,agente:1,direccion,domiciliaria,CR 12 × CL 15,,placa 60 m hacia CL 16 (cuadra de 100 m); intersección,-73.249897,10.473798,15.0,2023-05-17,2023-05-17,,
CARRERA 12 # 15 60 BANCO AVEVILLAS VALLEDUPAR,EQUIPO042,1,C02:1,agente:1,direccion,domiciliaria,CR 12 × CL 15,,placa 60 m hacia CL 16 (cuadra de 100 m); intersección,-73.249897,10.473798,25.0,2024-05-22,2024-05-22,,
CALLE CLL 17 #9-18 VALLEDUPAR,EQUIPO052,1,C02:1,agente:1,direccion,domiciliaria,CL 17 × CR 9,,placa 18 m hacia CR 10 (cuadra de 130 m); intersección,-73.245595,10.473006,75.0,2024-04-29,2024-04-29,,
CALLE CALLE 17 #9-13 VALLEDUPAR,EQUIPO052,1,C02:1,agente:1,direccion,domiciliaria,CL 17 × CR 9,,placa 13 m hacia CR 10 (cuadra de 130 m); intersección,-73.245557,10.473031,16.0,2023-11-20,2023-11-20,,
CALLE CALLE 17 #NO 8-#20 CENTRO AFUERA CASA ROSADA VALLEDUPAR,EQUIPO052,1,C02:1,agente:1,gps,sin_punto,CL 17,,dirección de tipo via_sola,-73.244989,10.473401,,2024-04-18,2024-04-18,,
CARRERA 12 # 15-17,EQUIPO042,1,C02:1,fotodeteccion_previa:1,direccion,domiciliaria,CR 12 × CL 15,,placa 17 m hacia CL 16 (cuadra de 100 m); intersección,-73.250119,10.47412,,2025-02-21,2025-02-21,,
CARRERA 12 # 15-19 VALLEDUPAR,EQUIPO042,1,C02:1,agente:1,direccion,domiciliaria,CR 12 × CL 15,,placa 19 m hacia CL 16 (cuadra de 100 m); intersección,-73.250108,10.474105,248.0,2024-08-20,2024-08-20,,
CARRERA 12 # 15-25 VALLEDUPAR,EQUIPO042,1,C02:1,agente:1,direccion,domiciliaria,CR 12 × CL 15,,placa 25 m hacia CL 16 (cuadra de 100 m); intersección,-73.250078,10.47406,251.0,2024-04-17,2024-04-17,,
CARRERA 12 # 15-33 VALLEDUPAR,EQUIPO042,1,C02:1,agente:1,direccion,domiciliaria,CR 12 × CL 15,,placa 33 m hacia CL 16 (cuadra de 100 m); intersección,-73.250036,10.474,11.0,2025-10-01,2025-10-01,,
CARRERA 12 # 15-37,EQUIPO042,1,C02:1,fotodeteccion_previa:1,direccion,domiciliaria,CR 12 × CL 15,,placa 37 m hacia CL 16 (cuadra de 100 m); intersección,-73.250016,10.47397,,2024-10-28,2024-10-28,,
CARRERA 12 # 15-44,EQUIPO042,1,C02:1,fotodeteccion_previa:1,direccion,domiciliaria,CR 12 × CL 15,,placa 44 m hacia CL 16 (cuadra de 100 m); intersección,-73.24998,10.473918,,2025-01-14,2025-01-14,,
CARRERA 12 # 15 60AVEVILLA VALLEDUPAR,EQUIPO042,1,D02:1,agente:1,direccion,domiciliaria,CR 12 × CL 15,,placa 60 m hacia CL 16 (cuadra de 100 m); intersección,-73.249897,10.473798,47.0,2025-05-22,2025-05-22,,
CARRERA 12 # 15 60BANCO AVEVILLA VALLEDUPAR,EQUIPO042,1,D02:1,agente:1,direccion,domiciliaria,CR 12 × CL 15,,placa 60 m hacia CL 16 (cuadra de 100 m); intersección,-73.249897,10.473798,40.0,2024-09-25,2024-09-25,,
CARRERA 12 # 15 60EN AVEVILLAS VALLEDUPAR,EQUIPO042,1,C02:1,agente:1,direccion,domiciliaria,CR 12 × CL 15,,placa 60 m hacia CL 16 (cuadra de 100 m); intersección,-73.249897,10.473798,14.0,2024-05-22,2024-05-22,,
CARRERA 12 # 15 60POR EL BANCO AVEVILLA VALLEDUPAR,EQUIPO042,1,D02:1,agente:1,direccion,domiciliaria,CR 12 × CL 15,,placa 60 m hacia CL 16 (cuadra de 100 m); intersección,-73.249897,10.473798,12.0,2024-09-18,2024-09-18,,
CARRERA 12 # 15 BANCO AVVILLA VALLEDUPAR,EQUIPO042,1,C24:1,agente:1,direccion,domiciliaria,CR 12 × CL 15,,placa 5 m hacia CL 16 (cuadra de 100 m); intersección,-73.25018,10.47421,72.0,2024-06-21,2024-06-21,,
CARRERA 12 # 15 VALLEDUPAR,EQUIPO042,1,C02:1,agente:1,direccion,domiciliaria,CR 12 × CL 15,,placa 5 m hacia CL 16 (cuadra de 100 m); intersección,-73.25018,10.47421,137.0,2025-05-12,2025-05-12,,
CARRERA 12 # 15--17 VALLEDUPAR,EQUIPO042,1,C02:1,agente:1,direccion,domiciliaria,CR 12 × CL 15,,placa 5 m hacia CL 16 (cuadra de 100 m); intersección,-73.25018,10.47421,25.0,2023-07-25,2023-07-25,,
CARRERA 12 # 15-05 VALLEDUPAR,EQUIPO042,1,C02:1,agente:1,direccion,domiciliaria,CR 12 × CL 15,,placa 5 m hacia CL 16 (cuadra de 100 m); intersección,-73.25018,10.47421,7.0,2025-02-17,2025-02-17,,
CARRERA 12 # 15-06 AFUERA DE LA NOTARIA 3 VALLEDUPAR,EQUIPO042,1,D02:1,agente:1,direccion,domiciliaria,CR 12 × CL 15,,placa 6 m hacia CL 16 (cuadra de 100 m); intersección,-73.250175,10.474202,6.0,2024-11-21,2024-11-21,,
CARRERA 12 # 15-06 DIAGONAL A LA NOTARIA VALLEDUPAR,EQUIPO042,1,D03:1,agente:1,direccion,domiciliaria,CR 12 × CL 15,,placa 6 m hacia CL 16 (cuadra de 100 m); intersección,-73.250175,10.474202,31.0,2023-06-26,2023-06-26,,
CALLE CALLE 16 KRRAS 12 Y 13 VALLEDUPAR,EQUIPO041,1,C02:1,agente:1,gps,sin_punto,CL 16,,dirección de tipo via_sola,-73.250333,10.472827,,2023-05-03,2023-05-03,,
CALLE CALLE 16#13-21 ZONA CELULARES MOVISTAR VALLEDUPAR,EQUIPO041,1,C02:1,agente:1,direccion,domiciliaria,CL 16 × CR 13,,placa 21 m hacia CR 14 (cuadra de 95 m); hueco de 50 m,-73.250703,10.472231,67.0,2023-10-27,2023-10-27,,
CALLE CALLE 16..CON 12..FRENTE AL BANCO COLPATRIA VALLEDUPAR,EQUIPO041,1,C02:1,agente:1,gps,sin_punto,CL 16,,dirección de tipo via_sola,-73.250019,10.473284,,2024-03-27,2024-03-27,,
CALLE CALLE 16A CON CRA 12 INSTITUTO NACIONAL DE VIAS VALLEDUPAR,EQUIPO042,1,C02:1,agente:1,direccion,cruce,CL 16 A × CR 12,,intersección,-73.249103,10.4726,95.0,2024-04-25,2024-04-25,,
CALLE CALLE 16A CRA 12 Y 13 VALLEDUPAR,EQUIPO042,1,C02:1,agente:1,direccion,cruce,CL 16 A × CR 12,,intersección,-73.249103,10.4726,70.0,2023-05-31,2023-05-31,,
CALLE CALLE 16A ENTRE CRA 12 Y 13 VALLEDUPAR,EQUIPO042,1,C02:1,agente:1,direccion,cruce,CL 16 A × CR 12,,intersección,-73.249103,10.4726,352.0,2023-02-28,2023-02-28,,
CALLE CALLE 16A MOVISTAR VALLEDUPAR,"EQUIPO041, EQUIPO042",1,C02:1,agente:1,gps,sin_punto,CL 16 A,,dirección de tipo via_sola,-73.249732,10.473238,,2023-10-20,2023-10-20,,
CALLE CALLE 16A# 12#89 VALLEDUPAR,EQUIPO042,1,D02:1,agente:1,direccion,domiciliaria,CL 16 A × CR 12,,placa 2 m hacia CR 13 (cuadra de 124 m); intersección,-73.249118,10.47259,109.0,2023-12-19,2023-12-19,,
CALLE CALLE 17 # 8-26 VALLEDUPAR,EQUIPO052,1,C02:1,agente:1,direccion,domiciliaria,CL 17 × CR 8,,placa 26 m hacia CR 9 (cuadra de 75 m); intersección,-73.245078,10.473338,13.0,2024-02-20,2024-02-20,,
CALLE CALLE 15 CRA12 VALLEDUPAR,EQUIPO042,1,D03:1,agente:1,direccion,cruce,CL 15 × CR 12,,intersección,-73.250206,10.474247,26.0,2023-09-01,2023-09-01,,
CARRERA 12 # 15-06 NOTARI3 VALLEDUPAR,EQUIPO042,1,C02:1,agente:1,direccion,domiciliaria,CR 12 × CL 15,,placa 6 m hacia CL 16 (cuadra de 100 m); intersección,-73.250175,10.474202,16.0,2024-05-20,2024-05-20,,
CARRERA 12 # 15-06 NOTARIA VALLEDUPAR,EQUIPO042,1,C02:1,agente:1,direccion,domiciliaria,CR 12 × CL 15,,placa 6 m hacia CL 16 (cuadra de 100 m); intersección,-73.250175,10.474202,6.0,2023-10-06,2023-10-06,,
CARRERA 12 # 15-06 POR ENDOGASTRO DEL CESAR VALLEDUPAR,EQUIPO042,1,C02:1,agente:1,direccion,domiciliaria,CR 12 × CL 15,,placa 6 m hacia CL 16 (cuadra de 100 m); intersección,-73.250175,10.474202,146.0,2024-05-28,2024-05-28,,
CARRERA 12 # 15-06 POR LA NOTARIA 3 VALLEDUPAR,EQUIPO042,1,C02:1,agente:1,direccion,domiciliaria,CR 12 × CL 15,,placa 6 m hacia CL 16 (cuadra de 100 m); intersección,-73.250175,10.474202,18.0,2024-06-07,2024-06-07,,
CARRERA 12 # 15-06 POR LA NOTAROA TERCERA VALLEDUPAR,EQUIPO042,1,C35:1,agente:1,direccion,domiciliaria,CR 12 × CL 15,,placa 6 m hacia CL 16 (cuadra de 100 m); intersección,-73.250175,10.474202,14.0,2024-06-21,2024-06-21,,
CARRERA 12 # 15-06PORLA NOTARIA3 VALLEDUPAR,EQUIPO042,1,D02:1,agente:1,direccion,domiciliaria,CR 12 × CL 15,,placa 6 m hacia CL 16 (cuadra de 100 m); intersección,-73.250175,10.474202,20.0,2024-09-18,2024-09-18,,
CARRERA 12 # 16A12 VALLEDUPAR,EQUIPO042,1,C02:1,agente:1,direccion,domiciliaria,CR 12 × CL 16 A,,placa 12 m hacia CL 17 (cuadra de 174 m); intersección,-73.249042,10.47251,7.0,2024-05-18,2024-05-18,,
CARRERA 12 # 15102 VALLEDUPAR,EQUIPO042,1,D04:1,agente:1,gps,sin_punto,CR 12,,dirección de tipo via_sola,-73.249898,10.473767,,2025-09-22,2025-09-22,,
CARRERA 12 # 1560 VALLEDUPAR,EQUIPO041,1,C02:1,agente:1,gps,sin_punto,CR 12,,dirección de tipo via_sola,-73.250025,10.473347,,2023-05-23,2023-05-23,,
CARRERA 12 # 157 VALLEDUPAR,EQUIPO042,1,C02:1,agente:1,gps,sin_punto,CR 12 × CL 157,,vía no está en la referencia: CL 157,-73.250265,10.474173,,2025-11-13,2025-11-13,,
CARRERA 12 # 157FRENTE ALA NOTARIA 3 VALLEDUPAR,EQUIPO042,1,C02:1,agente:1,gps,sin_punto,CR 12 × CL 157,,vía no está en la referencia: CL 157,-73.250088,10.474089,,2024-06-21,2024-06-21,,
CARRERA 12 # 16 - 51 VALLEDUPAR,"EQUIPO041, EQUIPO042",1,C02:1,agente:1,direccion,domiciliaria_cuadra,CR 12 × CL 16,,placa 51; sin cruce con CL 17 a ≤ 250 m; intersección,-73.249689,10.473496,112.0,2023-06-22,2023-06-22,,
CARRERA 12 # 16 - 96 VALLEDUPAR,"EQUIPO041, EQUIPO042",1,C24:1,agente:1,direccion,domiciliaria_cuadra,CR 12 × CL 16,,placa 96; sin cruce con CL 17 a ≤ 250 m; intersección,-73.249689,10.473496,85.0,2024-05-20,2024-05-20,,
CARRERA 12 # 16 42 VALLEDUPAR,"EQUIPO041, EQUIPO042",1,C02:1,agente:1,direccion,domiciliaria_cuadra,CR 12 × CL 16,,placa 42; sin cruce con CL 17 a ≤ 250 m; intersección,-73.249689,10.473496,66.0,2024-07-30,2024-07-30,,
CARRERA 12 # 16 A -07 VALLEDUPAR,EQUIPO042,1,C02:1,agente:1,direccion,domiciliaria,CR 12 × CL 16 A,,placa 7 m hacia CL 17 (cuadra de 174 m); intersección,-73.249067,10.472548,56.0,2024-12-11,2024-12-11,,
CARRERA 12 # 16 A -42 VALLEDUPAR,EQUIPO042,1,C02:1,agente:1,direccion,domiciliaria,CR 12 × CL 16 A,,placa 42 m hacia CL 17 (cuadra de 174 m); intersección,-73.24889,10.472284,31.0,2024-12-11,2024-12-11,,
CARRERA 12 # 16 ESQUINA SEMAFORO VALLEDUPAR,"EQUIPO041, EQUIPO042",1,C32:1,agente:1,direccion,domiciliaria_cuadra,CR 12 × CL 16,,placa 6; sin cruce con CL 17 a ≤ 250 m; intersección,-73.249689,10.473496,27.0,2024-11-19,2024-11-19,,
CARRERA 12 # 16 SEMAFORO VALLEDUPAR,"EQUIPO041, EQUIPO042",1,D05:1,agente:1,direccion,domiciliaria_cuadra,CR 12 × CL 16,,placa 6; sin cruce con CL 17 a ≤ 250 m; intersección,-73.249689,10.473496,20.0,2025-10-28,2025-10-28,,
CARRERA 12 # 15-06 LA NOTARIA 3 VALLEDUPAR,EQUIPO042,1,D02:1,agente:1,direccion,domiciliaria,CR 12 × CL 15,,placa 6 m hacia CL 16 (cuadra de 100 m); intersección,-73.250175,10.474202,14.0,2024-06-07,2024-06-07,,
CALLE CALLE 16 CRA. 12 VALLEDUPAR,"EQUIPO041, EQUIPO042",1,C02:1,agente:1,direccion,cruce,CL 16 × CR 12,,intersección,-73.249689,10.473496,99.0,2023-07-18,2023-07-18,,
CALLE CALLE 16 ENTRE CRA 12 Y 13 VALLEDUPAR,"EQUIPO041, EQUIPO042",1,C02:1,agente:1,direccion,cruce,CL 16 × CR 12,,intersección,-73.249689,10.473496,75.0,2023-03-28,2023-03-28,,
CALLE CALLE 16 KRRA 12 VALLEDUPAR,"EQUIPO041, EQUIPO042",1,C02:1,agente:1,gps,sin_punto,CL 16,,dirección de tipo via_sola,-73.249993,10.473443,,2023-05-04,2023-05-04,,
CALLE CALLE 16 #13-21 VALLEDUPAR,EQUIPO041,1,D07:1,agente:1,direccion,domiciliaria,CL 16 × CR 13,,placa 21 m hacia CR 14 (cuadra de 95 m); hueco de 50 m,-73.250703,10.472231,57.0,2023-10-09,2023-10-09,,
CALLE CALLE 16 12 25 VALLEDUPAR,EQUIPO041,1,C02:1,agente:1,gps,sin_punto,CL 16,,dirección de tipo via_sola,-73.249422,10.473665,,2023-10-11,2023-10-11,,
CALLE CALLE 16 12#25 POR DISTRICOPIAS VALLEDUPAR,EQUIPO041,1,C02:1,agente:1,gps,sin_punto,CL 16,,dirección de tipo via_sola,-73.25009,10.473133,,2024-04-10,2024-04-10,,
CALLE CALLE 16 12#71 POR DAVIVIENDA VALLEDUPAR,EQUIPO041,1,C02:1,agente:1,gps,sin_punto,CL 16,,dirección de tipo via_sola,-73.250264,10.472928,,2024-04-01,2024-04-01,,
CALLE CALLE 16 BANCO COLPATRIA VALLEDUPAR,EQUIPO041,1,C02:1,agente:1,gps,sin_punto,CL 16,,dirección de tipo via_sola,-73.250087,10.473283,,2023-10-20,2023-10-20,,
CALLE CALLE 16 CARRERA 12 #1267 VALLEDUPAR,"EQUIPO041, EQUIPO042",1,C02:1,agente:1,direccion,domiciliaria,CL 16 × CR 12,,placa 7 m hacia CR 13 (cuadra de 167 m); intersección,-73.249724,10.473443,83.0,2023-06-09,2023-06-09,,
CALLE CALLE 16 CON 12 VALLEDUPAR,"EQUIPO041, EQUIPO042",1,C02:1,agente:1,direccion,cruce,CL 16 × CR 12,,intersección,-73.249689,10.473496,109.0,2024-07-15,2024-07-15,,
CALLE CALLE 16 CON CARRERA 12 55 VALLEDUPAR,"EQUIPO041, EQUIPO042",1,C02:1,agente:1,direccion,cruce,CL 16 × CR 12,,intersección,-73.249689,10.473496,3152.0,2023-10-05,2023-10-05,,
CALLE CALLE 16 CON CRA 12 VALLEDUPAR,"EQUIPO041, EQUIPO042",1,C02:1,agente:1,direccion,cruce,CL 16 × CR 12,,intersección,-73.249689,10.473496,17.0,2023-03-28,2023-03-28,,
CALLE CALLE 16 CRA 12. VALLEDUPAR,"EQUIPO041, EQUIPO042",1,C02:1,agente:1,direccion,cruce,CL 16 × CR 12,,intersección,-73.249689,10.473496,113.0,2023-08-25,2023-08-25,,
CARRERA 12 # 16-06 VALLEDUPAR,"EQUIPO041, EQUIPO042",1,C02:1,agente:1,direccion,domiciliaria_cuadra,CR 12 × CL 16,,placa 6; sin cruce con CL 17 a ≤ 250 m; intersección,-73.249689,10.473496,90.0,2023-08-15,2023-08-15,,
CARRERA 12 # 16-22,"EQUIPO041, EQUIPO042",1,C02:1,fotodeteccion_previa:1,direccion,domiciliaria_cuadra,CR 12 × CL 16,,placa 22; sin cruce con CL 17 a ≤ 250 m; intersección,-73.249689,10.473496,,2025-01-18,2025-01-18,,
CARRERA 12 # 16-25,"EQUIPO041, EQUIPO042",1,C02:1,fotodeteccion_previa:1,direccion,domiciliaria_cuadra,CR 12 × CL 16,,placa 25; sin cruce con CL 17 a ≤ 250 m; intersección,-73.249689,10.473496,,2025-01-29,2025-01-29,,
CARRERA 12 # 168 VALLEDUPAR,"EQUIPO041, EQUIPO042",1,D05:1,agente:1,gps,sin_punto,CR 12 × CL 168,,vía no está en la referencia: CL 168,-73.249573,10.473408,,2024-05-14,2024-05-14,,
CARRERA 12 # 16A-26,EQUIPO042,1,C02:1,fotodeteccion_previa:1,direccion,domiciliaria,CR 12 × CL 16 A,,placa 26 m hacia CL 17 (cuadra de 174 m); intersección,-73.248971,10.472404,,2025-01-22,2025-01-22,,
CARRERA 12 # 16A-30 VALLEDUPAR,EQUIPO042,1,C02:1,agente:1,direccion,domiciliaria,CR 12 × CL 16 A,,placa 30 m hacia CL 17 (cuadra de 174 m); intersección,-73.248951,10.472374,244.0,2024-12-30,2024-12-30,,
CALLE 15 12-67,EQUIPO042,1,C02:1,fotodeteccion_previa:1,direccion,domiciliaria_cuadra,CL 15 × CR 12,,placa 67; sin cruce con CR 13 a ≤ 250 m; intersección,-73.250206,10.474247,,2024-08-24,2024-08-24,,
CALLE 15 12-85,EQUIPO042,1,C02:1,fotodeteccion_previa:1,direccion,domiciliaria_cuadra,CL 15 × CR 12,,placa 85; sin cruce con CR 13 a ≤ 250 m; intersección,-73.250206,10.474247,,2024-06-24,2024-06-24,,
CALLE 15 CARRERA 12,EQUIPO042,1,C02:1,fotodeteccion_previa:1,direccion,cruce,CL 15 × CR 12,,intersección,-73.250206,10.474247,,2024-07-31,2024-07-31,,
CALLE 15 CARRERA 12 BELLAS ARTES VALLEDUPAR,EQUIPO042,1,C02:1,agente:1,direccion,cruce,CL 15 × CR 12,,intersección,-73.250206,10.474247,87.0,2024-06-05,2024-06-05,,
CARRERA 12 # 16FRENTE A ESCOLTAR VALLEDUPAR,"EQUIPO041, EQUIPO042",1,C02:1,agente:1,direccion,domiciliaria_cuadra,CR 12 × CL 16,,placa 6; sin cruce con CL 17 a ≤ 250 m; intersección,-73.249689,10.473496,47.0,2023-09-22,2023-09-22,,
CARRERA 12 # 20A-118 VALLEDUPAR,EQUIPO032,1,C02:1,agente:1,gps,sin_punto,CR 12 × CL 20 A,,no se cruzan (más cerca: 337 m),-73.24683,10.464933,,2024-06-19,2024-06-19,,
CARRERA 12 # CALLE 16 GOBERNACION VALLEDUPAR,"EQUIPO041, EQUIPO042",1,H03:1,agente:1,direccion,cruce,CR 12 × CL 16,,intersección,-73.249689,10.473496,20.0,2024-09-25,2024-09-25,,
CARRERA 12 # LOCAL 1 VALLEDUPAR,EQUIPO032,1,C02:1,agente:1,gps,sin_punto,CR 12,,dirección de tipo via_sola,-73.246763,10.46466,,2023-09-29,2023-09-29,,
CARRERA 12 #15 -75 VALLEDUPAR,EQUIPO042,1,C02:1,agente:1,direccion,domiciliaria,CR 12 × CL 15,,placa 75 m hacia CL 16 (cuadra de 100 m); intersección,-73.24982,10.473686,93.0,2024-07-02,2024-07-02,,
CARRERA 12 #15-10 VALLEDUPAR,EQUIPO042,1,C02:1,agente:1,direccion,domiciliaria,CR 12 × CL 15,,placa 10 m hacia CL 16 (cuadra de 100 m); intersección,-73.250155,10.474172,14.0,2024-01-16,2024-01-16,,
CARRERA 12 #15-12,EQUIPO042,1,C02:1,fotodeteccion_previa:1,direccion,domiciliaria,CR 12 × CL 15,,placa 12 m hacia CL 16 (cuadra de 100 m); intersección,-73.250144,10.474157,,2024-12-10,2024-12-10,,
CARRERA 12 #15-17 VALLEDUPAR,EQUIPO042,1,C35:1,agente:1,direccion,domiciliaria,CR 12 × CL 15,,placa 17 m hacia CL 16 (cuadra de 100 m); intersección,-73.250119,10.47412,11.0,2023-09-07,2023-09-07,,
CARRERA 12 #15-18,EQUIPO042,1,C02:1,fotodeteccion_previa:1,direccion,domiciliaria,CR 12 × CL 15,,placa 18 m hacia CL 16 (cuadra de 100 m); intersección,-73.250114,10.474112,,2024-12-13,2024-12-13,,
CARRERA 12 # 16-05 ESQUINA VALLEDUPAR,"EQUIPO041, EQUIPO042",1,C03:1,agente:1,direccion,domiciliaria_cuadra,CR 12 × CL 16,,placa 5; sin cruce con CL 17 a ≤ 250 m; intersección,-73.249689,10.473496,21.0,2023-05-18,2023-05-18,,
CALLE CALLE 15 ENTRE KRRA 11A Y 12 VALLEDUPAR,EQUIPO042,1,C02:1,agente:1,gps,sin_punto,CL 15,,dirección de tipo via_sola,-73.250145,10.474315,,2023-04-21,2023-04-21,,
CALLE CALLE 16 # 11A 24 VALLEDUPAR,EQUIPO041,1,C02:1,agente:1,direccion,domiciliaria,CL 16 × CR 11 A,,placa 24 m hacia CR 12 (cuadra de 84 m); intersección,-73.249243,10.473816,10.0,2023-06-28,2023-06-28,,
CALLE 6 # 24-53 ENTRADA DE LA NEVADA VALLEDUPAR,EQUIPO071,1,D02:1,agente:1,direccion,domiciliaria_cuadra,CL 6 × CR 24,,placa 53; sin cruce con CR 25 a ≤ 250 m; intersección,-73.273111,10.480923,62.0,2023-10-17,2023-10-17,,
CALLE 6 # 24-86 VALLEDUPAR,EQUIPO071,1,C02:1,agente:1,direccion,domiciliaria_cuadra,CL 6 × CR 24,,placa 86; sin cruce con CR 25 a ≤ 250 m; intersección,-73.273111,10.480923,81.0,2025-07-16,2025-07-16,,
CALLE 6 BIS 1 # 2435 VALLEDUPAR,EQUIPO071,1,C24:1,agente:1,gps,sin_punto,CL 6 BIS,,dirección de tipo via_sola,-73.273573,10.480817,,2023-10-17,2023-10-17,,
CALLE 6CON 23 PUESTO DE CONTROL COMANDO DE LA POLICIA VALLEDUPAR,EQUIPO071,1,C24:1,agente:1,direccion,cruce,CL 6 × CR 23,,intersección,-73.272389,10.481185,3893.0,2025-03-25,2025-03-25,,
CALLE 72#17 72 VALLEDUPAR,EQUIPO052,1,C02:1,agente:1,gps,sin_punto,CL 72 × CR 17,,no se cruzan (más cerca: 2986 m),-73.244502,10.473787,,2023-08-22,2023-08-22,,
CALLE 9#44 POR CARNICOL CENTRO VALLEDUPAR,EQUIPO052,1,C02:1,agente:1,gps,sin_punto,CL 9 × CR 44,,no se cruzan (más cerca: 561 m),-73.245964,10.47278,,2024-07-18,2024-07-18,,
CALLE 9CON 15A VALLEDUPAR,"EQUIPO031, EQUIPO032",1,C02:1,agente:1,gps,sin_punto,CL 9 × CR 15 A,,vía no está en la referencia: CR 15 A,-73.246965,10.46378,,2025-06-07,2025-06-07,,
CALLE CALLE 15 CON 12 DETRAS DE LA GOBERNACION VALLEDUPAR,EQUIPO042,1,C02:1,agente:1,direccion,cruce,CL 15 × CR 12,,intersección,-73.250206,10.474247,97.0,2024-05-09,2024-05-09,,
CALLE CALLE 15 CON 12 NOTARIA TERCERA VALLEDUPAR,EQUIPO042,1,C02:1,agente:1,direccion,cruce,CL 15 × CR 12,,intersección,-73.250206,10.474247,341.0,2023-10-11,2023-10-11,,
CALLE CALLE 15 CON 12 VALLEDUPAR,EQUIPO042,1,D05:1,agente:1,direccion,cruce,CL 15 × CR 12,,intersección,-73.250206,10.474247,6.0,2024-10-07,2024-10-07,,
CALLE CALLE 15 CON CARRERA 12 VALLEDUPAR,EQUIPO042,1,D02:1,agente:1,direccion,cruce,CL 15 × CR 12,,intersección,-73.250206,10.474247,23.0,2023-10-12,2023-10-12,,
CARRERA 12 #15-20 VALLEDUPAR,EQUIPO042,1,C02:1,agente:1,direccion,domiciliaria,CR 12 × CL 15,,placa 20 m hacia CL 16 (cuadra de 100 m); intersección,-73.250103,10.474097,11.0,2023-10-26,2023-10-26,,
CARRERA 12 #15-22,EQUIPO042,1,C02:1,fotodeteccion_previa:1,direccion,domiciliaria,CR 12 × CL 15,,placa 22 m hacia CL 16 (cuadra de 100 m); intersección,-73.250093,10.474082,,2024-10-22,2024-10-22,,
CARRERA 12 #15-24,EQUIPO042,1,C02:1,fotodeteccion_previa:1,direccion,domiciliaria,CR 12 × CL 15,,placa 24 m hacia CL 16 (cuadra de 100 m); intersección,-73.250083,10.474067,,2024-12-17,2024-12-17,,
CARRERA 12 #15-31,EQUIPO042,1,C02:1,fotodeteccion_previa:1,direccion,domiciliaria,CR 12 × CL 15,,placa 31 m hacia CL 16 (cuadra de 100 m); intersección,-73.250047,10.474015,,2024-10-16,2024-10-16,,
CARRERA 12 #15-32,EQUIPO042,1,C02:1,fotodeteccion_previa:1,direccion,domiciliaria,CR 12 × CL 15,,placa 32 m hacia CL 16 (cuadra de 100 m); intersección,-73.250042,10.474008,,2024-11-29,2024-11-29,,
CARRERA 12 #16-35,"EQUIPO041, EQUIPO042",1,C02:1,fotodeteccion_previa:1,direccion,domiciliaria_cuadra,CR 12 × CL 16,,placa 35; sin cruce con CL 17 a ≤ 250 m; intersección,-73.249689,10.473496,,2024-12-30,2024-12-30,,
CARRERA 12 #16-36,"EQUIPO041, EQUIPO042",1,C02:1,fotodeteccion_previa:1,direccion,domiciliaria_cuadra,CR 12 × CL 16,,placa 36; sin cruce con CL 17 a ≤ 250 m; intersección,-73.249689,10.473496,,2024-10-25,2024-10-25,,
CARRERA 12 #16-38,"EQUIPO041, EQUIPO042",1,C02:1,fotodeteccion_previa:1,direccion,domiciliaria_cuadra,CR 12 × CL 16,,placa 38; sin cruce con CL 17 a ≤ 250 m; intersección,-73.249689,10.473496,,2024-12-31,2024-12-31,,
CARRERA 12 #16-39,"EQUIPO041, EQUIPO042",1,C02:1,fotodeteccion_previa:1,direccion,domiciliaria_cuadra,CR 12 × CL 16,,placa 39; sin cruce con CL 17 a ≤ 250 m; intersección,-73.249689,10.473496,,2024-12-23,2024-12-23,,
CARRERA 12 #16-45,"EQUIPO041, EQUIPO042",1,C02:1,fotodeteccion_previa:1,direccion,domiciliaria_cuadra,CR 12 × CL 16,,placa 45; sin cruce con CL 17 a ≤ 250 m; intersección,-73.249689,10.473496,,2024-10-07,2024-10-07,,
CALLE 15 CON 12 GOBERNACION PUESTO DE CONTROL VALLEDUPAR,EQUIPO042,1,D02:1,agente:1,direccion,cruce,CL 15 × CR 12,,intersección,-73.250206,10.474247,127.0,2023-10-03,2023-10-03,,
CALLE 15 CON CARRERA 12 VALLEDUPAR,EQUIPO042,1,C02:1,agente:1,direccion,cruce,CL 15 × CR 12,,intersección,-73.250206,10.474247,20.0,2024-04-02,2024-04-02,,
CALLE 15 CON CRA 12,EQUIPO042,1,C02:1,fotodeteccion_previa:1,direccion,cruce,CL 15 × CR 12,,intersección,-73.250206,10.474247,,2025-03-17,2025-03-17,,
CALLE 15 CON12 NOTARIA 3 VALLEDUPAR,EQUIPO042,1,C02:1,agente:1,direccion,cruce,CL 15 × CR 12,,intersección,-73.250206,10.474247,507.0,2024-06-17,2024-06-17,,
CARRERA 12 #15-33,EQUIPO042,1,C02:1,fotodeteccion_previa:1,direccion,domiciliaria,CR 12 × CL 15,,placa 33 m hacia CL 16 (cuadra de 100 m); intersección,-73.250036,10.474,,2024-10-10,2024-10-10,,
CARRERA 12 #15-34,EQUIPO042,1,C02:1,fotodeteccion_previa:1,direccion,domiciliaria,CR 12 × CL 15,,placa 34 m hacia CL 16 (cuadra de 100 m); intersección,-73.250031,10.473993,,2024-12-20,2024-12-20,,
CARRERA 12 #15-44 VALLEDUPAR,EQUIPO042,1,C02:1,agente:1,direccion,domiciliaria,CR 12 × CL 15,,placa 44 m hacia CL 16 (cuadra de 100 m); intersección,-73.24998,10.473918,21.0,2023-07-05,2023-07-05,,
CARRERA 12 #15-47,EQUIPO042,1,C02:1,fotodeteccion_previa:1,direccion,domiciliaria,CR 12 × CL 15,,placa 47 m hacia CL 16 (cuadra de 100 m); intersección,-73.249964,10.473895,,2025-02-27,2025-02-27,,
CARRERA 12 #15-49,EQUIPO042,1,C02:1,fotodeteccion_previa:1,direccion,domiciliaria,CR 12 × CL 15,,placa 49 m hacia CL 16 (cuadra de 100 m); intersección,-73.249954,10.47388,,2025-01-30,2025-01-30,,
CARRERA 12 #15-59,EQUIPO042,1,C02:1,fotodeteccion_previa:1,direccion,domiciliaria,CR 12 × CL 15,,placa 59 m hacia CL 16 (cuadra de 100 m); intersección,-73.249903,10.473806,,2024-10-24,2024-10-24,,
CARRERA 12 #15-60 VALLEDUPAR,EQUIPO042,1,C02:1,agente:1,direccion,domiciliaria,CR 12 × CL 15,,placa 60 m hacia CL 16 (cuadra de 100 m); intersección,-73.249897,10.473798,61.0,2025-03-10,2025-03-10,,
CALLE 21 15-07,EQUIPO031,1,C02:1,fotodeteccion_previa:1,direccion,cruce_aproximado,CL 21 × CR 15,,2 cruces a 106 m: se toma el centro,-73.246668,10.464053,,2024-04-02,2024-04-02,,
CALLE 21 15-42,EQUIPO031,1,C02:1,fotodeteccion_previa:1,direccion,cruce_aproximado,CL 21 × CR 15,,2 cruces a 106 m: se toma el centro,-73.246668,10.464053,,2024-05-21,2024-05-21,,
CALLE 21 16-52,EQUIPO031,1,C02:1,fotodeteccion_previa:1,direccion,domiciliaria,CL 21 × CR 16,,placa 52 m hacia CR 17 (cuadra de 159 m); intersección,-73.247466,10.463974,,2024-06-25,2024-06-25,,
CALLE 21 CARRERA 15,EQUIPO031,1,C02:1,fotodeteccion_previa:1,direccion,cruce_aproximado,CL 21 × CR 15,,2 cruces a 106 m: se toma el centro,-73.246668,10.464053,,2024-07-17,2024-07-17,,
CALLE 21 CON 15 MERCADO VALLEDUPAR,EQUIPO031,1,C02:1,agente:1,direccion,cruce_aproximado,CL 21 × CR 15,,2 cruces a 106 m: se toma el centro,-73.246668,10.464053,217.0,2024-05-18,2024-05-18,,
CALLE 21 CON CRA 15 VALLEDUPAR,EQUIPO031,1,C14:1,agente:1,direccion,cruce_aproximado,CL 21 × CR 15,,2 cruces a 106 m: se toma el centro,-73.246668,10.464053,128.0,2024-05-18,2024-05-18,,
CALLE 21#15-06 VALLEDUPAR,EQUIPO031,1,C02:1,agente:1,direccion,cruce_aproximado,CL 21 × CR 15,,2 cruces a 106 m: se toma el centro,-73.246668,10.464053,45.0,2024-05-31,2024-05-31,,
CALLE 21#15-20 VALLEDUPAR,EQUIPO031,1,C02:1,agente:1,direccion,cruce_aproximado,CL 21 × CR 15,,2 cruces a 106 m: se toma el centro,-73.246668,10.464053,108.0,2024-06-07,2024-06-07,,
CALLE 21#19-47 SEMAFORO LOS MANGUITOS VALLEDUPAR,"EQUIPO021, EQUIPO022",1,D04:1,agente:1,direccion,domiciliaria_cuadra,CL 21 × CR 19,,placa 47; sin cruce con CR 20 a ≤ 250 m; hueco de 8 m,-73.253796,10.461979,2608.0,2025-09-22,2025-09-22,,
CALLE 44 FRENTE AL PARQUEADERO MUNISIPAL VALLEDUPAR,"EQUIPO041, EQUIPO042",1,C02:1,agente:1,gps,sin_punto,CL 44,,dirección de tipo via_sola,-73.249557,10.473392,,2024-04-25,2024-04-25,,
CALLE 5D ##22-103 VALLEDUPAR,EQUIPO071,1,C02:1,agente:1,gps,sin_punto,CL 5 D,,dirección de tipo via_sola,-73.272315,10.481263,,2023-09-04,2023-09-04,,
CARRERA 12 #16-12,"EQUIPO041, EQUIPO042",1,C02:1,fotodeteccion_previa:1,direccion,domiciliaria_cuadra,CR 12 × CL 16,,placa 12; sin cruce con CL 17 a ≤ 250 m; intersección,-73.249689,10.473496,,2024-12-06,2024-12-06,,
CARRERA 12 #16-26,"EQUIPO041, EQUIPO042",1,C02:1,fotodeteccion_previa:1,direccion,domiciliaria_cuadra,CR 12 × CL 16,,placa 26; sin cruce con CL 17 a ≤ 250 m; intersección,-73.249689,10.473496,,2025-02-18,2025-02-18,,
CARRERA 12 #16-27,"EQUIPO041, EQUIPO042",1,C02:1,fotodeteccion_previa:1,direccion,domiciliaria_cuadra,CR 12 × CL 16,,placa 27; sin cruce con CL 17 a ≤ 250 m; intersección,-73.249689,10.473496,,2025-02-03,2025-02-03,,
CARRERA 12 #16-28,"EQUIPO041, EQUIPO042",1,C02:1,fotodeteccion_previa:1,direccion,domiciliaria_cuadra,CR 12 × CL 16,,placa 28; sin cruce con CL 17 a ≤ 250 m; intersección,-73.249689,10.473496,,2024-11-20,2024-11-20,,
CARRERA 12 #16-30 BANCO DAVIVIENDA VALLEDUPAR,"EQUIPO041, EQUIPO042",1,C02:1,agente:1,direccion,domiciliaria_cuadra,CR 12 × CL 16,,placa 30; sin cruce con CL 17 a ≤ 250 m; intersección,-73.249689,10.473496,109.0,2025-04-03,2025-04-03,,
CALLE 21 #15-46,EQUIPO031,1,C02:1,fotodeteccion_previa:1,direccion,cruce_aproximado,CL 21 × CR 15,,2 cruces a 106 m: se toma el centro,-73.246668,10.464053,,2024-10-28,2024-10-28,,
CALLE 21 #15-51 MERCADO PUBLICO VALLEDUPAR,EQUIPO031,1,C02:1,agente:1,direccion,cruce_aproximado,CL 21 × CR 15,,2 cruces a 106 m: se toma el centro,-73.246668,10.464053,56.0,2024-05-26,2024-05-26,,
CALLE 21 #15-51VETERINARIA VALLEDUPAR,EQUIPO031,1,C02:1,agente:1,direccion,cruce_aproximado,CL 21 × CR 15,,2 cruces a 106 m: se toma el centro,-73.246668,10.464053,11.0,2024-05-16,2024-05-16,,
CALLE 20 # 11175POREL MERCADO PUBLICO VALLEDUPAR,EQUIPO032,1,C02:1,agente:1,gps,sin_punto,CL 20,,dirección de tipo via_sola,-73.246765,10.464863,,2024-10-30,2024-10-30,,
CARRERA 12 #16-49,"EQUIPO041, EQUIPO042",1,C02:1,fotodeteccion_previa:1,direccion,domiciliaria_cuadra,CR 12 × CL 16,,placa 49; sin cruce con CL 17 a ≤ 250 m; intersección,-73.249689,10.473496,,2024-10-21,2024-10-21,,
CARRERA 12 #16-54,"EQUIPO041, EQUIPO042",1,C02:1,fotodeteccion_previa:1,direccion,domiciliaria_cuadra,CR 12 × CL 16,,placa 54; sin cruce con CL 17 a ≤ 250 m; intersección,-73.249689,10.473496,,2025-02-27,2025-02-27,,
CARRERA 12 #16-56,"EQUIPO041, EQUIPO042",1,C02:1,fotodeteccion_previa:1,direccion,domiciliaria_cuadra,CR 12 × CL 16,,placa 56; sin cruce con CL 17 a ≤ 250 m; intersección,-73.249689,10.473496,,2025-02-12,2025-02-12,,
CARRERA 12 #16-93,"EQUIPO041, EQUIPO042",1,C02:1,fotodeteccion_previa:1,direccion,domiciliaria_cuadra,CR 12 × CL 16,,placa 93; sin cruce con CL 17 a ≤ 250 m; intersección,-73.249689,10.473496,,2024-10-11,2024-10-11,,
CARRERA 12 #16A- 41,EQUIPO042,1,C02:1,fotodeteccion_previa:1,direccion,domiciliaria,CR 12 × CL 16 A,,placa 41 m hacia CL 17 (cuadra de 174 m); intersección,-73.248895,10.472291,,2024-10-11,2024-10-11,,
CARRERA 12 #16A-11,EQUIPO042,1,C02:1,fotodeteccion_previa:1,direccion,domiciliaria,CR 12 × CL 16 A,,placa 11 m hacia CL 17 (cuadra de 174 m); intersección,-73.249047,10.472517,,2025-01-28,2025-01-28,,
CARRERA 12 #16A-12,EQUIPO042,1,C02:1,fotodeteccion_previa:1,direccion,domiciliaria,CR 12 × CL 16 A,,placa 12 m hacia CL 17 (cuadra de 174 m); intersección,-73.249042,10.47251,,2024-11-20,2024-11-20,,
CARRERA 12 #16A-20,EQUIPO042,1,C02:1,fotodeteccion_previa:1,direccion,domiciliaria,CR 12 × CL 16 A,,placa 20 m hacia CL 17 (cuadra de 174 m); intersección,-73.249001,10.47245,,2024-12-06,2024-12-06,,
CARRERA 12 #16A-32,EQUIPO042,1,C02:1,fotodeteccion_previa:1,direccion,domiciliaria,CR 12 × CL 16 A,,placa 32 m hacia CL 17 (cuadra de 174 m); intersección,-73.248941,10.472359,,2024-12-04,2024-12-04,,
CARRERA 12 #16A-34,EQUIPO042,1,C02:1,fotodeteccion_previa:1,direccion,domiciliaria,CR 12 × CL 16 A,,placa 34 m hacia CL 17 (cuadra de 174 m); intersección,-73.248931,10.472344,,2024-12-30,2024-12-30,,
CARRERA 12 #16A-36,EQUIPO042,1,C02:1,fotodeteccion_previa:1,direccion,domiciliaria,CR 12 × CL 16 A,,placa 36 m hacia CL 17 (cuadra de 174 m); intersección,-73.24892,10.472329,,2024-12-30,2024-12-30,,
CARRERA 12 #16A-38,EQUIPO042,1,C02:1,fotodeteccion_previa:1,direccion,domiciliaria,CR 12 × CL 16 A,,placa 38 m hacia CL 17 (cuadra de 174 m); intersección,-73.24891,10.472314,,2024-12-30,2024-12-30,,
CALLE 21 # 17-9 VALLEDUPAR,EQUIPO031,1,C35:1,agente:1,direccion,domiciliaria_cuadra,CL 21 × CR 17,,placa 9; sin cruce con CR 18 a ≤ 250 m; intersección,-73.248439,10.463905,29.0,2024-04-03,2024-04-03,,
CALLE 21 # 18 ESTE56 VALLEDUPAR,"EQUIPO021, EQUIPO022",1,C24:1,agente:1,gps,sin_punto,CL 21 × CR 18,,no se cruzan (más cerca: 130 m),-73.253767,10.462293,,2023-05-12,2023-05-12,,
CALLE 21 # 19-27 LOS MANGUITO VALLEDUPAR,"EQUIPO021, EQUIPO022",1,D05:1,agente:1,direccion,domiciliaria_cuadra,CL 21 × CR 19,,placa 27; sin cruce con CR 20 a ≤ 250 m; hueco de 8 m,-73.253796,10.461979,17.0,2025-04-23,2025-04-23,,
CALLE 17CON 8VA VALLEDUPAR,EQUIPO052,1,C02:1,agente:1,direccion,cruce,CL 17 × CR 8,,intersección,-73.244878,10.473465,9.0,2024-05-07,2024-05-07,,
CARRERA 12 #16A-40,EQUIPO042,1,C02:1,fotodeteccion_previa:1,direccion,domiciliaria,CR 12 × CL 16 A,,placa 40 m hacia CL 17 (cuadra de 174 m); intersección,-73.2489,10.472299,,2024-12-11,2024-12-11,,
CARRERA 12 #16A-49,EQUIPO042,1,C02:1,fotodeteccion_previa:1,direccion,domiciliaria,CR 12 × CL 16 A,,placa 49 m hacia CL 17 (cuadra de 174 m); intersección,-73.248855,10.472231,,2025-01-03,2025-01-03,,
CARRERA 12 15-06 NOTARIA TERCERA VALLEDUPAR,EQUIPO042,1,D02:1,agente:1,direccion,domiciliaria,CR 12 × CL 15,,placa 6 m hacia CL 16 (cuadra de 100 m); intersección,-73.250175,10.474202,15.0,2024-06-21,2024-06-21,,
CARRERA 12 15-37¿,EQUIPO042,1,C02:1,fotodeteccion_previa:1,direccion,domiciliaria,CR 12 × CL 15,,placa 37 m hacia CL 16 (cuadra de 100 m); intersección,-73.250016,10.47397,,2024-03-23,2024-03-23,,
CARRERA 12 15-45,EQUIPO042,1,C02:1,fotodeteccion_previa:1,direccion,domiciliaria,CR 12 × CL 15,,placa 45 m hacia CL 16 (cuadra de 100 m); intersección,-73.249975,10.47391,,2024-08-28,2024-08-28,,
CARRERA 12 #16-48,"EQUIPO041, EQUIPO042",1,C02:1,fotodeteccion_previa:1,direccion,domiciliaria_cuadra,CR 12 × CL 16,,placa 48; sin cruce con CL 17 a ≤ 250 m; intersección,-73.249689,10.473496,,2025-01-09,2025-01-09,,
CALLE 21 # 20-75 VALLEDUPAR,EQUIPO021,1,C02:1,agente:1,gps,sin_punto,CL 21 × CR 20,,no se cruzan (más cerca: 140 m),-73.254628,10.460142,,2025-09-16,2025-09-16,,
CALLE 21 # 20A-8 MI FUTURO MERCADO VALLEDUPAR,EQUIPO031,1,D02:1,agente:1,gps,sin_punto,CL 21 × CR 20 A,,no se cruzan (más cerca: 1479 m),-73.248217,10.463948,,2025-10-20,2025-10-20,,
CALLE 21 ##15-43 VALLEDUPAR,"EQUIPO031, EQUIPO032",1,C24:1,agente:1,gps,sin_punto,CL 21,,dirección de tipo via_sola,-73.246867,10.463953,,2024-09-17,2024-09-17,,
CALLE 21 #15-07,EQUIPO031,1,C02:1,fotodeteccion_previa:1,direccion,cruce_aproximado,CL 21 × CR 15,,2 cruces a 106 m: se toma el centro,-73.246668,10.464053,,2024-12-12,2024-12-12,,
CALLE 21 #15-33,EQUIPO031,1,C02:1,fotodeteccion_previa:1,direccion,cruce_aproximado,CL 21 × CR 15,,2 cruces a 106 m: se toma el centro,-73.246668,10.464053,,2025-01-13,2025-01-13,,
CALLE 21 #15-42,EQUIPO031,1,C02:1,fotodeteccion_previa:1,direccion,cruce_aproximado,CL 21 × CR 15,,2 cruces a 106 m: se toma el centro,-73.246668,10.464053,,2025-02-12,2025-02-12,,
CARRERA 12 16 120 VALLEDUPAR,EQUIPO041,1,C02:1,agente:1,gps,sin_punto,CR 12,,dirección de tipo via_sola,-73.25027,10.47286,,2024-04-17,2024-04-17,,
CARRERA 12 16-20¿,"EQUIPO041, EQUIPO042",1,C02:1,fotodeteccion_previa:1,direccion,domiciliaria_cuadra,CR 12 × CL 16,,placa 20; sin cruce con CL 17 a ≤ 250 m; intersección,-73.249689,10.473496,,2024-03-19,2024-03-19,,
CARRERA 12 16-31,"EQUIPO041, EQUIPO042",1,C02:1,fotodeteccion_previa:1,direccion,domiciliaria_cuadra,CR 12 × CL 16,,placa 31; sin cruce con CL 17 a ≤ 250 m; intersección,-73.249689,10.473496,,2024-06-05,2024-06-05,,
CARRERA 12 16-37,"EQUIPO041, EQUIPO042",1,C02:1,fotodeteccion_previa:1,direccion,domiciliaria_cuadra,CR 12 × CL 16,,placa 37; sin cruce con CL 17 a ≤ 250 m; intersección,-73.249689,10.473496,,2024-05-24,2024-05-24,,
CARRERA 12 16-60,"EQUIPO041, EQUIPO042",1,C02:1,fotodeteccion_previa:1,direccion,domiciliaria_cuadra,CR 12 × CL 16,,placa 60; sin cruce con CL 17 a ≤ 250 m; intersección,-73.249689,10.473496,,2024-06-01,2024-06-01,,
CARRERA 12 16-89,"EQUIPO041, EQUIPO042",1,C02:1,fotodeteccion_previa:1,direccion,domiciliaria_cuadra,CR 12 × CL 16,,placa 89; sin cruce con CL 17 a ≤ 250 m; intersección,-73.249689,10.473496,,2024-07-05,2024-07-05,,
CARRERA 12 16-96,"EQUIPO041, EQUIPO042",1,C02:1,fotodeteccion_previa:1,direccion,domiciliaria_cuadra,CR 12 × CL 16,,placa 96; sin cruce con CL 17 a ≤ 250 m; intersección,-73.249689,10.473496,,2024-06-07,2024-06-07,,
CARRERA 12 16A-42,EQUIPO042,1,C02:1,fotodeteccion_previa:1,direccion,domiciliaria,CR 12 × CL 16 A,,placa 42 m hacia CL 17 (cuadra de 174 m); intersección,-73.24889,10.472284,,2024-05-09,2024-05-09,,
CALLE 21 # 15-42 VALLEDUPAR,EQUIPO031,1,C24:1,agente:1,direccion,cruce_aproximado,CL 21 × CR 15,,2 cruces a 106 m: se toma el centro,-73.246668,10.464053,167.0,2025-10-24,2025-10-24,,
CALLE 21 # 15-54 VALLEDUPAR,EQUIPO031,1,D03:1,agente:1,direccion,cruce_aproximado,CL 21 × CR 15,,2 cruces a 106 m: se toma el centro,-73.246668,10.464053,129.0,2025-04-11,2025-04-11,,
CALLE 21 # 1539 VALLEDUPAR,"EQUIPO031, EQUIPO032",1,C02:1,agente:1,gps,sin_punto,CL 21,,dirección de tipo via_sola,-73.246867,10.464233,,2023-06-01,2023-06-01,,
CALLE 21 # 1539 VALLEDUPAR,EQUIPO032,1,C02:1,agente:1,gps,sin_punto,CL 21,,dirección de tipo via_sola,-73.246843,10.464285,,2023-06-01,2023-06-01,,
CALLE 21 # 17-12 PUESTO DE CONTROL FRENTE DE MI FUTURO VALLEDUPAR,EQUIPO031,1,C35:1,agente:1,direccion,domiciliaria_cuadra,CL 21 × CR 17,,placa 12; sin cruce con CR 18 a ≤ 250 m; intersección,-73.248439,10.463905,30.0,2024-04-03,2024-04-03,,
CALLE 21 # 17-12 PUESTO DE CONTROL FRENTEMI FUTURO VALLEDUPAR,EQUIPO031,1,C24:1,agente:1,direccion,domiciliaria_cuadra,CL 21 × CR 17,,placa 12; sin cruce con CR 18 a ≤ 250 m; intersección,-73.248439,10.463905,29.0,2024-04-03,2024-04-03,,
CALLE 21 # 17-12 PUESTO DE CONTROL. FRENTE MI FUTURO VALLEDUPAR,EQUIPO031,1,C24:1,agente:1,direccion,domiciliaria_cuadra,CL 21 × CR 17,,placa 12; sin cruce con CR 18 a ≤ 250 m; intersección,-73.248439,10.463905,30.0,2024-04-03,2024-04-03,,
CALLE 21 # 17-20 VALLEDUPAR,EQUIPO031,1,C31:1,agente:1,direccion,domiciliaria_cuadra,CL 21 × CR 17,,placa 20; sin cruce con CR 18 a ≤ 250 m; intersección,-73.248439,10.463905,401.0,2023-05-28,2023-05-28,,
CALLE 18 8-73,EQUIPO051,1,C02:1,fotodeteccion_previa:1,direccion,domiciliaria,CL 18 × CR 8,,placa 73 m hacia CR 9 (cuadra de 70 m); intersección,-73.244929,10.472415,,2024-08-17,2024-08-17,,
CALLE 18 8-76,EQUIPO051,1,C02:1,fotodeteccion_previa:1,direccion,domiciliaria,CL 18 × CR 8,,placa 76 m hacia CR 9 (cuadra de 70 m); intersección,-73.244929,10.472415,,2024-07-02,2024-07-02,,
CALLE 18 CARRERA 9,EQUIPO051,1,C02:1,fotodeteccion_previa:1,direccion,cruce,CL 18 × CR 9,,intersección,-73.244929,10.472415,,2024-08-09,2024-08-09,,
CALLE 18 CARRERA 9 LE3339,EQUIPO051,1,C02:1,fotodeteccion_previa:1,direccion,cruce,CL 18 × CR 9,,intersección,-73.244929,10.472415,,2024-08-28,2024-08-28,,
CALLE 18#8-66,EQUIPO051,1,C02:1,fotodeteccion_previa:1,direccion,domiciliaria,CL 18 × CR 8,,placa 66 m hacia CR 9 (cuadra de 70 m); intersección,-73.2449,10.472436,,2024-09-26,2024-09-26,,
CALLE 18BCON 21-53 VALLEDUPAR,EQUIPO032,1,C02:1,agente:1,gps,sin_punto,CL 18,,dirección de tipo via_sola,-73.246947,10.464245,,2024-07-17,2024-07-17,,
CALLE 19 CON CARRERA NOVENA Y DIEZ VALLEDUPAR,EQUIPO051,1,D03:1,agente:1,gps,sin_punto,CL 19,,dirección de tipo via_sola,-73.244913,10.472462,,2025-03-20,2025-03-20,,
CALLE 17#7-96 VALLEDUPAR,EQUIPO052,1,C02:1,agente:1,direccion,domiciliaria,CL 17 × CR 7,,placa 96 m hacia CR 8 (cuadra de 146 m); intersección,-73.244496,10.473714,319.0,2025-01-08,2025-01-08,,
CARRERA 12 A CON 16 VALLEDUPAR,EQUIPO041,1,C02:1,agente:1,direccion,cruce,CR 12 A × CL 16,,hueco de 19 m,-73.25004,10.473271,400.0,2024-11-19,2024-11-19,,
CARRERA 12 CALLE 16A LE3339,EQUIPO042,1,C02:1,fotodeteccion_previa:1,direccion,cruce,CR 12 × CL 16 A,,intersección,-73.249103,10.4726,,2024-08-28,2024-08-28,,
CARRERA 12 CALLE 21 MERCADO PUBLICO VALLEDUPAR,EQUIPO032,1,C02:1,agente:1,gps,sin_punto,CR 12 × CL 21,,no se cruzan (más cerca: 116 m),-73.246813,10.464482,,2024-06-05,2024-06-05,,
CARRERA 12 CLL 16 SEMAFORO VALLEDUPAR,"EQUIPO041, EQUIPO042",1,D04:1,agente:1,direccion,cruce,CR 12 × CL 16,,intersección,-73.249689,10.473496,244.0,2024-09-16,2024-09-16,,
CARRERA 12 CON 15 NOTAR3 VALLEDUPAR,EQUIPO042,1,C02:1,agente:1,direccion,cruce,CR 12 × CL 15,,intersección,-73.250206,10.474247,17.0,2024-10-15,2024-10-15,,
CARRERA 12 CON 15 NOTARIA TERCERA VALLEDUPAR,EQUIPO042,1,C02:1,agente:1,direccion,cruce,CR 12 × CL 15,,intersección,-73.250206,10.474247,14.0,2023-10-19,2023-10-19,,
CARRERA 12 CON 15 SEMAFORO VALLEDUPAR,EQUIPO042,1,D04:1,agente:1,direccion,cruce,CR 12 × CL 15,,intersección,-73.250206,10.474247,1001.0,2025-04-04,2025-04-04,,
CARRERA 12 CON 16 AV VILLAS VALLEDUPAR,"EQUIPO041, EQUIPO042",1,D04:1,agente:1,direccion,cruce,CR 12 × CL 16,,intersección,-73.249689,10.473496,18.0,2026-05-15,2026-05-15,,
CARRERA 12# 16. VALLEDUPAR,"EQUIPO041, EQUIPO042",1,D04:1,agente:1,direccion,domiciliaria_cuadra,CR 12 × CL 16,,placa 6; sin cruce con CL 17 a ≤ 250 m; intersección,-73.249689,10.473496,11.0,2024-09-24,2024-09-24,,
CARRERA 12# 16A-54 VALLEDUPAR,EQUIPO042,1,C02:1,agente:1,direccion,domiciliaria,CR 12 × CL 16 A,,placa 54 m hacia CL 17 (cuadra de 174 m); intersección,-73.248829,10.472193,65.0,2024-10-25,2024-10-25,,
CARRERA 12# CON 20 SEMAFORO VALLEDUPAR,EQUIPO032,1,D04:1,agente:1,gps,sin_punto,CR 12,,dirección de tipo via_sola,-73.24701,10.46435,,2023-09-01,2023-09-01,,
CARRERA 12 CON 16 GOBERNACIO VALLEDUPAR,"EQUIPO041, EQUIPO042",1,C02:1,agente:1,direccion,cruce,CR 12 × CL 16,,intersección,-73.249689,10.473496,107.0,2024-07-23,2024-07-23,,
CARRERA 12 CON 16 VALLEDUPAR,"EQUIPO041, EQUIPO042",1,D04:1,agente:1,direccion,cruce,CR 12 × CL 16,,intersección,-73.249689,10.473496,3045.0,2025-04-04,2025-04-04,,
CARRERA 12 CON CALLE 15 ESQUINA VALLEDUPAR,EQUIPO042,1,C02:1,agente:1,direccion,cruce,CR 12 × CL 15,,intersección,-73.250206,10.474247,47.0,2024-09-17,2024-09-17,,
CARRERA 12 CON CALLE 15 NOTARIA3 VALLEDUPAR,EQUIPO042,1,C02:1,agente:1,direccion,cruce,CR 12 × CL 15,,intersección,-73.250206,10.474247,650.0,2023-12-14,2023-12-14,,
CARRERA 12 CON CALLE 15 NOTARIATERCERA VALLEDUPAR,EQUIPO042,1,C02:1,agente:1,direccion,cruce,CR 12 × CL 15,,intersección,-73.250206,10.474247,6.0,2023-10-25,2023-10-25,,
CARRERA 12 CON CALLE 15 VALLEDUPAR,EQUIPO042,1,C35:1,agente:1,direccion,cruce,CR 12 × CL 15,,intersección,-73.250206,10.474247,51.0,2025-04-16,2025-04-16,,
CARRERA 12 CON CALLE 16 #15-60 AVVILLAS VALLEDUPAR,"EQUIPO041, EQUIPO042",1,C31:1,agente:1,direccion,domiciliaria_cuadra,CR 12 × CL 16,,placa 60; sin cruce con CL 17 a ≤ 250 m; intersección,-73.249689,10.473496,29.0,2023-07-26,2023-07-26,,
CARRERA 12 CON CALLE 21 ESQUINA VALLEDUPAR,EQUIPO031,1,D04:1,agente:1,gps,sin_punto,CR 12 × CL 21,,no se cruzan (más cerca: 116 m),-73.247352,10.46418,,2024-06-14,2024-06-14,,
CARRERA 12 CON16 DIAGONAL A LA NOTARIA VALLEDUPAR,"EQUIPO041, EQUIPO042",1,C02:1,agente:1,direccion,cruce,CR 12 × CL 16,,intersección,-73.249689,10.473496,184.0,2024-04-25,2024-04-25,,
CALLE 17CON 9NA VALLEDUPAR,"EQUIPO051, EQUIPO052",1,C02:1,agente:1,direccion,cruce,CL 17 × CR 9,,intersección,-73.245458,10.473097,44.0,2023-08-03,2023-08-03,,
CALLE 17CON CARRERA8VA VALLEDUPAR,EQUIPO052,1,C02:1,agente:1,direccion,cruce,CL 17 × CR 8,,intersección,-73.244878,10.473465,80.0,2023-09-26,2023-09-26,,
CALLE 18 #8-72,EQUIPO051,1,C35:1,fotodeteccion_previa:1,direccion,domiciliaria,CL 18 × CR 8,,placa 72 m hacia CR 9 (cuadra de 70 m); intersección,-73.244929,10.472415,,2024-12-17,2024-12-17,,
CALLE 18 #9 ESQUINA VALLEDUPAR,EQUIPO051,1,C02:1,agente:1,direccion,cruce,CL 18 × CR 9,,intersección,-73.244929,10.472415,5.0,2024-07-09,2024-07-09,,
CALLE 17#9-47 VALLEDUPAR,EQUIPO052,1,C02:1,agente:1,direccion,domiciliaria,CL 17 × CR 9,,placa 47 m hacia CR 10 (cuadra de 130 m); intersección,-73.245816,10.472861,7.0,2023-09-26,2023-09-26,,
CALLE 17#CON7 VALLEDUPAR,EQUIPO051,1,C02:1,agente:1,gps,sin_punto,CL 17,,dirección de tipo via_sola,-73.244928,10.472462,,2024-07-09,2024-07-09,,
CALLE 17#CON7 VALLEDUPAR,EQUIPO052,1,C02:1,agente:1,gps,sin_punto,CL 17,,dirección de tipo via_sola,-73.244623,10.473603,,2024-07-09,2024-07-09,,
CALLE 17-8-33 VALLEDUPAR,EQUIPO052,1,C02:1,agente:1,direccion,cruce,CL 17 × CR 8,,intersección,-73.244878,10.473465,35.0,2024-10-07,2024-10-07,,
CALLE 17B #7A CALLE DE LOS TURCOS CENTRO VALLEDUPAR,EQUIPO051,1,D02:1,agente:1,gps,sin_punto,CL 17 B × CR 7 A,,no se cruzan (más cerca: 252 m),-73.245182,10.472748,,2025-08-23,2025-08-23,,
CALLE 17B #7A CALLE DE LOS TURCOS CENTRO VALLEDUPAR,"EQUIPO051, EQUIPO052",1,D02:1,agente:1,gps,sin_punto,CL 17 B × CR 7 A,,no se cruzan (más cerca: 252 m),-73.245435,10.47297,,2025-08-23,2025-08-23,,
CALLE 17 CON 9,"EQUIPO051, EQUIPO052",1,C02:1,fotodeteccion_previa:1,direccion,cruce,CL 17 × CR 9,,intersección,-73.245458,10.473097,,2025-03-22,2025-03-22,,
CARRERA 12 MERCADO PUBLICO VALLEDUPAR,EQUIPO032,1,C03:1,agente:1,gps,sin_punto,CR 12,,dirección de tipo via_sola,-73.246638,10.4652,,2023-06-02,2023-06-02,,
CARRERA 12 N 15-06 NOTARIA 3 VALLEDUPAR,EQUIPO042,1,C02:1,agente:1,direccion,domiciliaria,CR 12 × CL 15,,placa 6 m hacia CL 16 (cuadra de 100 m); intersección,-73.250175,10.474202,38.0,2023-10-24,2023-10-24,,
CARRERA 12 N 15-06 VALLEDUPAR,EQUIPO042,1,C02:1,agente:1,direccion,domiciliaria,CR 12 × CL 15,,placa 6 m hacia CL 16 (cuadra de 100 m); intersección,-73.250175,10.474202,12.0,2023-10-24,2023-10-24,,
CARRERA 12# 15 02 VALLEDUPAR,EQUIPO042,1,C02:1,agente:1,direccion,domiciliaria,CR 12 × CL 15,,placa 2 m hacia CL 16 (cuadra de 100 m); intersección,-73.250196,10.474232,131.0,2024-08-09,2024-08-09,,
CARRERA 12# 15 44 VALLEDUPAR,EQUIPO042,1,C02:1,agente:1,direccion,domiciliaria,CR 12 × CL 15,,placa 44 m hacia CL 16 (cuadra de 100 m); intersección,-73.24998,10.473918,21.0,2024-07-30,2024-07-30,,
CARRERA 12# 15 VALLEDUPAR,EQUIPO042,1,C02:1,agente:1,direccion,domiciliaria,CR 12 × CL 15,,placa 5 m hacia CL 16 (cuadra de 100 m); intersección,-73.25018,10.47421,172.0,2025-05-12,2025-05-12,,
CARRERA 12# 16 30 VALLEDUPAR,"EQUIPO041, EQUIPO042",1,C02:1,agente:1,direccion,domiciliaria_cuadra,CR 12 × CL 16,,placa 30; sin cruce con CL 17 a ≤ 250 m; intersección,-73.249689,10.473496,49.0,2023-06-01,2023-06-01,,
CARRERA 12# 16-24 VALLEDUPAR,"EQUIPO041, EQUIPO042",1,C02:1,agente:1,direccion,domiciliaria_cuadra,CR 12 × CL 16,,placa 24; sin cruce con CL 17 a ≤ 250 m; intersección,-73.249689,10.473496,139.0,2025-03-19,2025-03-19,,
CARRERA 12# 16-48 VALLEDUPAR,"EQUIPO041, EQUIPO042",1,C02:1,agente:1,direccion,domiciliaria_cuadra,CR 12 × CL 16,,placa 48; sin cruce con CL 17 a ≤ 250 m; intersección,-73.249689,10.473496,54.0,2024-02-16,2024-02-16,,
CARRERA 12#14108 VALLEDUPAR,EQUIPO042,1,C24:1,agente:1,gps,sin_punto,CR 12,,dirección de tipo via_sola,-73.250323,10.47435,,2025-03-17,2025-03-17,,
CARRERA 12#15 05 VALLEDUPAR,EQUIPO042,1,C02:1,agente:1,direccion,domiciliaria,CR 12 × CL 15,,placa 5 m hacia CL 16 (cuadra de 100 m); intersección,-73.25018,10.47421,13.0,2023-07-26,2023-07-26,,
CARRERA 12#15 19 VALLEDUPAR,EQUIPO042,1,D05:1,agente:1,direccion,domiciliaria,CR 12 × CL 15,,placa 19 m hacia CL 16 (cuadra de 100 m); intersección,-73.250108,10.474105,,2023-09-01,2023-09-01,,
CARRERA 12#15--19 VALLEDUPAR,EQUIPO042,1,C02:1,agente:1,direccion,domiciliaria,CR 12 × CL 15,,placa 5 m hacia CL 16 (cuadra de 100 m); intersección,-73.25018,10.47421,22.0,2023-08-02,2023-08-02,,
CARRERA 12#15-04 VALLEDUPAR,EQUIPO042,1,C02:1,agente:1,direccion,domiciliaria,CR 12 × CL 15,,placa 4 m hacia CL 16 (cuadra de 100 m); intersección,-73.250186,10.474217,9.0,2024-02-29,2024-02-29,,
CARRERA 12#15-17 VALLEDUPAR,EQUIPO042,1,C02:1,agente:1,direccion,domiciliaria,CR 12 × CL 15,,placa 17 m hacia CL 16 (cuadra de 100 m); intersección,-73.250119,10.47412,9.0,2023-07-25,2023-07-25,,
CARRERA 12#15-29 VALLEDUPAR,EQUIPO042,1,C02:1,agente:1,direccion,domiciliaria,CR 12 × CL 15,,placa 29 m hacia CL 16 (cuadra de 100 m); intersección,-73.250057,10.47403,9.0,2024-01-16,2024-01-16,,
CARRERA 12 CON16 VALLEDUPAR,"EQUIPO041, EQUIPO042",1,C24:1,agente:1,direccion,cruce,CR 12 × CL 16,,intersección,-73.249689,10.473496,20.0,2024-07-04,2024-07-04,,
CALLE 17#72 76 VALLEDUPAR,EQUIPO052,1,C02:1,agente:1,gps,sin_punto,CL 17 × CR 72,,vía no está en la referencia: CR 72,-73.244503,10.473783,,2023-08-22,2023-08-22,,
CALLE 17#7A91 VALLEDUPAR,EQUIPO052,1,C02:1,agente:1,direccion,domiciliaria,CL 17 × CR 7 A,,placa 91 m hacia CR 8 (cuadra de 152 m); intersección,-73.244415,10.473766,18.0,2023-08-30,2023-08-30,,
CALLE 17#8-20 VALLEDUPAR,EQUIPO052,1,C02:1,agente:1,direccion,domiciliaria,CL 17 × CR 8,,placa 20 m hacia CR 9 (cuadra de 75 m); intersección,-73.245032,10.473367,20.0,2024-04-19,2024-04-19,,
CALLE 17#8-26 VALLEDUPAR,EQUIPO052,1,C02:1,agente:1,direccion,domiciliaria,CL 17 × CR 8,,placa 26 m hacia CR 9 (cuadra de 75 m); intersección,-73.245078,10.473338,7.0,2024-04-04,2024-04-04,,
CALLE 17#8-46 VALLEDUPAR,EQUIPO052,1,C02:1,agente:1,direccion,domiciliaria,CL 17 × CR 8,,placa 46 m hacia CR 9 (cuadra de 75 m); intersección,-73.245232,10.47324,9.0,2023-12-09,2023-12-09,,
CALLE 17#8/26 VALLEDUPAR,EQUIPO052,1,C02:1,agente:1,direccion,cruce,CL 17 × CR 8,,intersección,-73.244878,10.473465,35.0,2024-02-20,2024-02-20,,
CALLE 17#826 VALLEDUPAR,EQUIPO052,1,C02:1,agente:1,gps,sin_punto,CL 17 × CR 826,,vía no está en la referencia: CR 826,-73.24513,10.473338,,2023-10-30,2023-10-30,,
CALLE 17#9-36 VALLEDUPAR,EQUIPO052,1,C02:1,agente:1,direccion,domiciliaria,CL 17 × CR 9,,placa 36 m hacia CR 10 (cuadra de 130 m); intersección,-73.245732,10.472916,17.0,2024-02-22,2024-02-22,,
CARRERA 13 # 1654 BANCO DAVIVIENDA VALLEDUPAR,EQUIPO041,1,D02:1,agente:1,gps,sin_punto,CR 13,,dirección de tipo via_sola,-73.250408,10.472592,,2024-09-25,2024-09-25,,
CARRERA 12#15-44 VALLEDUPAR,EQUIPO042,1,C02:1,agente:1,direccion,domiciliaria,CR 12 × CL 15,,placa 44 m hacia CL 16 (cuadra de 100 m); intersección,-73.24998,10.473918,10.0,2023-11-30,2023-11-30,,
CARRERA 12#15-47 VALLEDUPAR,EQUIPO042,1,H03:1,agente:1,direccion,domiciliaria,CR 12 × CL 15,,placa 47 m hacia CL 16 (cuadra de 100 m); intersección,-73.249964,10.473895,9.0,2023-12-27,2023-12-27,,
CARRERA 12#15-60 VALLEDUPAR,EQUIPO042,1,C02:1,agente:1,direccion,domiciliaria,CR 12 × CL 15,,placa 60 m hacia CL 16 (cuadra de 100 m); intersección,-73.249897,10.473798,11.0,2024-04-02,2024-04-02,,
CARRERA 12#16 37 VALLEDUPAR,"EQUIPO041, EQUIPO042",1,C02:1,agente:1,direccion,domiciliaria_cuadra,CR 12 × CL 16,,placa 37; sin cruce con CL 17 a ≤ 250 m; intersección,-73.249689,10.473496,68.0,2024-02-16,2024-02-16,,
CARRERA 12#16 50 VALLEDUPAR,"EQUIPO041, EQUIPO042",1,C32:1,agente:1,direccion,domiciliaria_cuadra,CR 12 × CL 16,,placa 50; sin cruce con CL 17 a ≤ 250 m; intersección,-73.249689,10.473496,21.0,2023-08-25,2023-08-25,,
CARRERA 12#16-14 VALLEDUPAR,"EQUIPO041, EQUIPO042",1,C02:1,agente:1,direccion,domiciliaria_cuadra,CR 12 × CL 16,,placa 14; sin cruce con CL 17 a ≤ 250 m; intersección,-73.249689,10.473496,1081.0,2024-03-19,2024-03-19,,
CARRERA 12#16-27 VALLEDUPAR,"EQUIPO041, EQUIPO042",1,H02:1,agente:1,direccion,domiciliaria_cuadra,CR 12 × CL 16,,placa 27; sin cruce con CL 17 a ≤ 250 m; intersección,-73.249689,10.473496,249.0,2024-12-19,2024-12-19,,
CARRERA 12#16-31 VALLEDUPAR,"EQUIPO041, EQUIPO042",1,C02:1,agente:1,direccion,domiciliaria_cuadra,CR 12 × CL 16,,placa 31; sin cruce con CL 17 a ≤ 250 m; intersección,-73.249689,10.473496,43.0,2023-08-11,2023-08-11,,
CARRERA 12#16-42 VALLEDUPAR,"EQUIPO041, EQUIPO042",1,C02:1,agente:1,direccion,domiciliaria_cuadra,CR 12 × CL 16,,placa 42; sin cruce con CL 17 a ≤ 250 m; intersección,-73.249689,10.473496,186.0,2024-08-21,2024-08-21,,
CARRERA 12#16A-54 VALLEDUPAR,EQUIPO042,1,C02:1,agente:1,direccion,domiciliaria,CR 12 × CL 16 A,,placa 54 m hacia CL 17 (cuadra de 174 m); intersección,-73.248829,10.472193,264.0,2024-12-30,2024-12-30,,
CARRERA 12#16A15 VALLEDUPAR,EQUIPO042,1,C02:1,agente:1,direccion,domiciliaria,CR 12 × CL 16 A,,placa 15 m hacia CL 17 (cuadra de 174 m); intersección,-73.249027,10.472487,36.0,2024-07-12,2024-07-12,,
CARRERA 12#16A53 VALLEDUPAR,EQUIPO042,1,C02:1,agente:1,direccion,domiciliaria,CR 12 × CL 16 A,,placa 53 m hacia CL 17 (cuadra de 174 m); intersección,-73.248834,10.472201,160.0,2024-04-26,2024-04-26,,
CARRERA 12-15-37 VALLEDUPAR,EQUIPO042,1,C02:1,agente:1,direccion,cruce,CR 12 × CL 15,,intersección,-73.250206,10.474247,53.0,2023-09-11,2023-09-11,,
CARRERA 12-15FRENTE NOTARIA3 VALLEDUPAR,EQUIPO042,1,C02:1,agente:1,direccion,cruce,CR 12 × CL 15,,intersección,-73.250206,10.474247,12.0,2023-08-01,2023-08-01,,
CARRERA 12A CON 16 DAVIVIENDA VALLEDUPAR,EQUIPO041,1,C35:1,agente:1,direccion,cruce,CR 12 A × CL 16,,hueco de 19 m,-73.25004,10.473271,1090.0,2024-11-19,2024-11-19,,
CALLE 17 CON CARRERA 9 ESQUINAS CON CARRERA 10 VALLEDUPAR,"EQUIPO051, EQUIPO052",1,C32:1,agente:1,direccion,cruce,CL 17 × CR 9,,intersección,-73.245458,10.473097,378.0,2025-06-24,2025-06-24,,
CALLE 17 CON8-56 VALLEDUPAR,EQUIPO052,1,C02:1,agente:1,direccion,cruce,CL 17 × CR 8,,intersección,-73.244878,10.473465,3351.0,2024-07-13,2024-07-13,,
CALLE 17 CR9 VALLEDUPAR,"EQUIPO051, EQUIPO052",1,C35:1,agente:1,direccion,cruce,CL 17 × CR 9,,intersección,-73.245458,10.473097,17.0,2023-09-05,2023-09-05,,
CALLE 17 CRA 9 VALLEDUPAR,"EQUIPO051, EQUIPO052",1,C02:1,agente:1,direccion,cruce,CL 17 × CR 9,,intersección,-73.245458,10.473097,18.0,2024-06-20,2024-06-20,,
CALLE 17 VALLEDUPAR,EQUIPO051,1,C02:1,agente:1,gps,sin_punto,CL 17,,dirección de tipo via_sola,-73.245905,10.473485,,2024-08-20,2024-08-20,,
CALLE 17#7-108 VALLEDUPAR,EQUIPO052,1,C02:1,agente:1,direccion,domiciliaria,CL 17 × CR 7,,placa 108 m hacia CR 8 (cuadra de 146 m); intersección,-73.244587,10.473654,22.0,2023-08-18,2023-08-18,,
CALLE 17 8-39,EQUIPO052,1,C02:1,fotodeteccion_previa:1,direccion,domiciliaria,CL 17 × CR 8,,placa 39 m hacia CR 9 (cuadra de 75 m); intersección,-73.245178,10.473274,,2024-05-16,2024-05-16,,
CARRERA 12CON 16 VALLEDUPAR,"EQUIPO041, EQUIPO042",1,C32:1,agente:1,direccion,cruce,CR 12 × CL 16,,intersección,-73.249689,10.473496,18.0,2023-08-02,2023-08-02,,
CARRERA 12CON 16A UPARSISTEN CEMAFORO VALLEDUPAR,EQUIPO042,1,C32:1,agente:1,direccion,cruce,CR 12 × CL 16 A,,intersección,-73.249103,10.4726,24.0,2023-07-27,2023-07-27,,
CARRERA 12CON CALLE16,"EQUIPO041, EQUIPO042",1,C02:1,fotodeteccion_previa:1,direccion,cruce,CR 12 × CL 16,,intersección,-73.249689,10.473496,,2024-03-19,2024-03-19,,
CARRERA 12CON15 DE LA GOBERNACION VALLEDUPAR,EQUIPO042,1,D03:1,agente:1,direccion,cruce,CR 12 × CL 15,,intersección,-73.250206,10.474247,3267.0,2024-09-05,2024-09-05,,
CARRERA 12CON16A VALLEDUPAR,EQUIPO042,1,C24:1,agente:1,direccion,cruce,CR 12 × CL 16 A,,intersección,-73.249103,10.4726,21.0,2023-08-31,2023-08-31,,
CARRERA 12CON16SEMAFORO VALLEDUPAR,"EQUIPO041, EQUIPO042",1,D04:1,agente:1,direccion,cruce,CR 12 × CL 16,,intersección,-73.249689,10.473496,2601.0,2024-09-27,2024-09-27,,
CARRERA 13 # 1637 BANCO DAVIVIENDA VALLEDUPAR,EQUIPO042,1,C02:1,agente:1,gps,sin_punto,CR 13,,dirección de tipo via_sola,-73.249415,10.472543,,2024-12-13,2024-12-13,,
CARRERA 13 # 1637 VALLEDUPAR,EQUIPO041,1,C02:1,agente:1,gps,sin_punto,CR 13,,dirección de tipo via_sola,-73.250302,10.472472,,2025-01-23,2025-01-23,,
CARRERA 13 # 1654 AFUERAS DE DAVIVIENDA VALLEDUPAR,EQUIPO041,1,C02:1,agente:1,gps,sin_punto,CR 13,,dirección de tipo via_sola,-73.250342,10.472628,,2023-06-09,2023-06-09,,
CARRERA 16 # 20B-137 VALLEDUPAR,EQUIPO032,1,D03:1,agente:1,direccion,domiciliaria,CR 16 × CL 20 B,,placa 137 m hacia CL 21 (cuadra de 244 m); hueco de 11 m,-73.246726,10.464936,197.0,2025-12-13,2025-12-13,,
CARRERA 16 # 20B-68 VALLEDUPAR,EQUIPO032,1,C02:1,agente:1,direccion,domiciliaria,CR 16 × CL 20 B,,placa 68 m hacia CL 21 (cuadra de 244 m); hueco de 11 m,-73.246554,10.465536,42.0,2025-01-22,2025-01-22,,
CARRERA 13 # 1654 POR DA VIVIENDA VALLEDUPAR,EQUIPO041,1,C02:1,agente:1,gps,sin_punto,CR 13,,dirección de tipo via_sola,-73.250332,10.472583,,2024-07-11,2024-07-11,,
CARRERA 13 # 1654DAVIVIENDA VALLEDUPAR,EQUIPO041,1,C02:1,agente:1,gps,sin_punto,CR 13,,dirección de tipo via_sola,-73.250372,10.472705,,2023-09-29,2023-09-29,,
CARRERA 13 # A 16A-103 VALLEDUPAR,EQUIPO041,1,C02:1,agente:1,gps,sin_punto,CR 13,,dirección de tipo via_sola,-73.248763,10.474068,,2024-04-25,2024-04-25,,
CARRERA 13 DIAGONAL 21 VALLEDUPAR,EQUIPO041,1,C02:1,agente:1,direccion,cruce,CR 13 × DG 21,,intersección,-73.250467,10.472607,2922.0,2024-06-21,2024-06-21,,
CARRERA 13#15-20 VALLEDUPAR,EQUIPO042,1,C02:1,agente:1,gps,sin_punto,CR 13 × CL 15,,no se cruzan (más cerca: 131 m),-73.25017,10.47406,,2024-01-16,2024-01-16,,
CARRERA 13#DAVIVIENDA VALLEDUPAR,EQUIPO041,1,C02:1,agente:1,gps,sin_punto,CR 13,,dirección de tipo via_sola,-73.250327,10.472475,,2024-10-11,2024-10-11,,
CARRERA 13CIN 16 VALLEDUPAR,EQUIPO041,1,D03:1,agente:1,gps,sin_punto,CR 13,,dirección de tipo via_sola,-73.249965,10.473262,,2025-04-29,2025-04-29,,
CARRERA 14N14----54 PALACIO DE JUSTICI VALLEDUPAR,"EQUIPO041, EQUIPO042",1,C02:1,agente:1,gps,sin_punto,CR 14 N,,dirección de tipo via_sola,-73.249538,10.473652,,2024-05-14,2024-05-14,,
CARRERA 15 # 20845 VALLEDUPAR,EQUIPO032,1,C02:1,agente:1,gps,sin_punto,CR 15,,dirección de tipo via_sola,-73.246977,10.46434,,2023-03-06,2023-03-06,,
CARRERA 15 # 21 B - 08 MERCADO VALLEDUPAR,EQUIPO031,1,D02:1,agente:1,gps,sin_punto,CR 15 × CL 21 B,,no se cruzan (más cerca: 2857 m),-73.247999,10.463954,,2024-03-29,2024-03-29,,
CARRERA 15 CON 21 MERCADO P VALLEDUPAR,EQUIPO031,1,D02:1,agente:1,direccion,cruce_aproximado,CR 15 × CL 21,,2 cruces a 106 m: se toma el centro,-73.246668,10.464053,246.0,2025-04-07,2025-04-07,,
CARRERA 15 CON CALLE 21MERCADO VALLEDUPAR,EQUIPO031,1,C14:1,agente:1,direccion,cruce_aproximado,CR 15 × CL 21,,2 cruces a 106 m: se toma el centro,-73.246668,10.464053,242.0,2024-06-26,2024-06-26,,
CARRERA 12CON 15-20 VALLEDUPAR,EQUIPO042,1,C02:1,agente:1,direccion,cruce,CR 12 × CL 15,,intersección,-73.250206,10.474247,3096.0,2024-07-12,2024-07-12,,
CALLE 17 CON 9 SEMAFORO VALLEDUPAR,"EQUIPO051, EQUIPO052",1,C02:1,agente:1,direccion,cruce,CL 17 × CR 9,,intersección,-73.245458,10.473097,21.0,2024-09-21,2024-09-21,,
CALLE 17 9-16,EQUIPO052,1,C02:1,fotodeteccion_previa:1,direccion,domiciliaria,CL 17 × CR 9,,placa 16 m hacia CR 10 (cuadra de 130 m); intersección,-73.24558,10.473016,,2024-07-09,2024-07-09,,
CALLE 17 9-34,EQUIPO052,1,C02:1,fotodeteccion_previa:1,direccion,domiciliaria,CL 17 × CR 9,,placa 34 m hacia CR 10 (cuadra de 130 m); intersección,-73.245717,10.472926,,2024-06-06,2024-06-06,,
CALLE 17 9-43,EQUIPO052,1,C02:1,fotodeteccion_previa:1,direccion,domiciliaria,CL 17 × CR 9,,placa 43 m hacia CR 10 (cuadra de 130 m); intersección,-73.245785,10.472881,,2024-04-27,2024-04-27,,
CALLE 17 9-57,EQUIPO052,1,C02:1,fotodeteccion_previa:1,direccion,domiciliaria,CL 17 × CR 9,,placa 57 m hacia CR 10 (cuadra de 130 m); intersección,-73.245892,10.472811,,2024-06-08,2024-06-08,,
CALLE 17 CINCO ESQUINAS VALLEDUPAR,EQUIPO052,1,C02:1,agente:1,gps,sin_punto,CL 17,,dirección de tipo via_sola,-73.245665,10.472998,,2024-07-22,2024-07-22,,
CALLE 17 CON 8 ESQUINA LA VIÑA VALLEDUPAR,EQUIPO052,1,C02:1,agente:1,direccion,cruce,CL 17 × CR 8,,intersección,-73.244878,10.473465,90.0,2025-09-22,2025-09-22,,
CARRERA 15. # 20B -45. VALLEDUPAR,EQUIPO031,1,D03:1,agente:1,gps,sin_punto,CR 15,,dirección de tipo via_sola,-73.247315,10.464178,,2024-06-18,2024-06-18,,
CARRERA 15CON21 VALLEDUPAR,EQUIPO031,1,C02:1,agente:1,direccion,cruce_aproximado,CR 15 × CL 21,,2 cruces a 106 m: se toma el centro,-73.246668,10.464053,3400.0,2024-07-27,2024-07-27,,
CARRERA 16 # 190 MERCADO PUBLICO VALLEDUPAR,EQUIPO032,1,D02:1,agente:1,gps,sin_punto,CR 16 × CL 190,,vía no está en la referencia: CL 190,-73.246957,10.46447,,2024-09-25,2024-09-25,,
CARRERA 16 # 190 VALLEDUPAR,EQUIPO031,1,C02:1,agente:1,gps,sin_punto,CR 16 × CL 190,,vía no está en la referencia: CL 190,-73.247247,10.464125,,2025-05-07,2025-05-07,,
CARRERA 16 # 20 B 185 MERCADO PUBLICO VALLEDUPAR,EQUIPO032,1,C02:1,agente:1,direccion,domiciliaria,CR 16 × CL 20 B,,placa 185 m hacia CL 21 (cuadra de 244 m); hueco de 11 m,-73.246845,10.464518,29.0,2024-10-25,2024-10-25,,
CARRERA 16 # 20A-58 VALLEDUPAR,EQUIPO032,1,C02:1,agente:1,direccion,domiciliaria,CR 16 × CL 20 A,,placa 58 m hacia CL 21 (cuadra de 74 m); hueco de 87 m,-73.247048,10.46414,172.0,2024-06-07,2024-06-07,,
CARRERA 16 # 20B-109 MERCADO PUBLICO VALLEDUPAR,EQUIPO032,1,C02:1,agente:1,direccion,domiciliaria,CR 16 × CL 20 B,,placa 109 m hacia CL 21 (cuadra de 244 m); hueco de 11 m,-73.246656,10.465179,46.0,2026-05-21,2026-05-21,,
CARRERA 16 # 20B-109 VALLEDUPAR,EQUIPO032,1,C02:1,agente:1,direccion,domiciliaria,CR 16 × CL 20 B,,placa 109 m hacia CL 21 (cuadra de 244 m); hueco de 11 m,-73.246656,10.465179,44.0,2026-05-21,2026-05-21,,
CARRERA 16 # 20B-109MERCADO VALLEDUPAR,EQUIPO032,1,C02:1,agente:1,direccion,domiciliaria,CR 16 × CL 20 B,,placa 109 m hacia CL 21 (cuadra de 244 m); hueco de 11 m,-73.246656,10.465179,80.0,2026-02-10,2026-02-10,,
CARRERA 16 # 20B-127,EQUIPO032,1,C02:1,fotodeteccion_previa:1,direccion,domiciliaria,CR 16 × CL 20 B,,placa 127 m hacia CL 21 (cuadra de 244 m); hueco de 11 m,-73.246701,10.465023,,2025-02-28,2025-02-28,,
CARRERA 16 #20B-145,EQUIPO032,1,C02:1,fotodeteccion_previa:1,direccion,domiciliaria,CR 16 × CL 20 B,,placa 145 m hacia CL 21 (cuadra de 244 m); hueco de 11 m,-73.246746,10.464866,,2024-12-02,2024-12-02,,
CARRERA 16 #20B-155,EQUIPO032,1,C02:1,fotodeteccion_previa:1,direccion,domiciliaria,CR 16 × CL 20 B,,placa 155 m hacia CL 21 (cuadra de 244 m); hueco de 11 m,-73.246771,10.464779,,2025-02-06,2025-02-06,,
CARRERA 16 #20B-156,EQUIPO032,1,C02:1,fotodeteccion_previa:1,direccion,domiciliaria,CR 16 × CL 20 B,,placa 156 m hacia CL 21 (cuadra de 244 m); hueco de 11 m,-73.246773,10.46477,,2025-01-23,2025-01-23,,
CARRERA 16 #20B-69,EQUIPO032,1,C02:1,fotodeteccion_previa:1,direccion,domiciliaria,CR 16 × CL 20 B,,placa 69 m hacia CL 21 (cuadra de 244 m); hueco de 11 m,-73.246556,10.465528,,2024-12-30,2024-12-30,,
CARRERA 16 #20B-91,EQUIPO032,1,C02:1,fotodeteccion_previa:1,direccion,domiciliaria,CR 16 × CL 20 B,,placa 91 m hacia CL 21 (cuadra de 244 m); hueco de 11 m,-73.246611,10.465336,,2025-02-25,2025-02-25,,
CARRERA 16 # 20B90 MERCADO VALLEDUPAR,EQUIPO032,1,C02:1,agente:1,direccion,domiciliaria,CR 16 × CL 20 B,,placa 90 m hacia CL 21 (cuadra de 244 m); hueco de 11 m,-73.246609,10.465345,99.0,2026-02-10,2026-02-10,,
CARRERA 16 # 21-06 VALLEDUPAR,"EQUIPO031, EQUIPO032",1,C02:1,agente:1,direccion,domiciliaria,CR 16 × CL 21,,placa 6 m hacia CL 22 (cuadra de 126 m); intersección,-73.246988,10.463953,241.0,2025-10-04,2025-10-04,,
CARRERA 16 # 21-31,EQUIPO032,1,C02:1,fotodeteccion_previa:1,direccion,domiciliaria,CR 16 × CL 21,,placa 31 m hacia CL 22 (cuadra de 126 m); intersección,-73.246974,10.463727,,2025-02-17,2025-02-17,,
CARRERA 16 # 21-67,EQUIPO032,1,C02:1,fotodeteccion_previa:1,direccion,domiciliaria,CR 16 × CL 21,,placa 67 m hacia CL 22 (cuadra de 126 m); intersección,-73.246953,10.463402,,2025-02-28,2025-02-28,,
CARRERA 16 # 21-72 AL FRENTE DE FEDEARROZ VALLEDUPAR,EQUIPO032,1,C02:1,agente:1,direccion,domiciliaria,CR 16 × CL 21,,placa 72 m hacia CL 22 (cuadra de 126 m); intersección,-73.24695,10.463357,160.0,2026-09-30,2026-09-30,,
CARRERA 16 # 21-72FEDE ARROZ VALLEDUPAR,EQUIPO032,1,C02:1,agente:1,direccion,domiciliaria,CR 16 × CL 21,,placa 72 m hacia CL 22 (cuadra de 126 m); intersección,-73.24695,10.463357,85.0,2024-11-29,2024-11-29,,
CARRERA 16 # 2125 MERCADO PUBLICO VALLEDUPAR,EQUIPO032,1,C02:1,agente:1,gps,sin_punto,CR 16,,dirección de tipo via_sola,-73.246835,10.464387,,2023-12-02,2023-12-02,,
CARRERA 16 # 2125 MERCADO PUBLICO.AFUERA BANCO POPULAR VALLEDUPAR,"EQUIPO031, EQUIPO032",1,C02:1,agente:1,gps,sin_punto,CR 16,,dirección de tipo via_sola,-73.246873,10.464175,,2024-04-26,2024-04-26,,
CARRERA 16 # 2149 VALLEDUPAR,EQUIPO032,1,C35:1,agente:1,gps,sin_punto,CR 16,,dirección de tipo via_sola,-73.246828,10.463545,,2023-08-31,2023-08-31,,
CARRERA 16 # CALLE 21 VALLEDUPAR,"EQUIPO031, EQUIPO032",1,C02:1,agente:1,direccion,cruce,CR 16 × CL 21,,intersección,-73.246992,10.464007,240.0,2025-03-18,2025-03-18,,
CARRERA 15#21-07 VALLEDUPAR,EQUIPO031,1,D03:1,agente:1,direccion,cruce_aproximado,CR 15 × CL 21,,2 cruces a 106 m: se toma el centro,-73.246668,10.464053,70.0,2023-09-01,2023-09-01,,
CALLE 17 #NO 8-38 VALLEDUPAR,EQUIPO052,1,C02:1,agente:1,gps,sin_punto,CL 17,,dirección de tipo via_sola,-73.24525,10.473198,,2024-08-20,2024-08-20,,
CALLE 17 #NO 928 VALLEDUPAR,EQUIPO051,1,C02:1,agente:1,gps,sin_punto,CL 17,,dirección de tipo via_sola,-73.245652,10.473305,,2023-05-26,2023-05-26,,
CALLE 17 #NO 928CARNECOLÑ VALLEDUPAR,EQUIPO052,1,D02:1,agente:1,gps,sin_punto,CL 17,,dirección de tipo via_sola,-73.245886,10.47288,,2024-07-18,2024-07-18,,
CALLE 17 7-102,EQUIPO052,1,C02:1,fotodeteccion_previa:1,direccion,domiciliaria,CL 17 × CR 7,,placa 102 m hacia CR 8 (cuadra de 146 m); intersección,-73.244541,10.473684,,2024-04-24,2024-04-24,,
CALLE 17 8-18,EQUIPO052,1,C02:1,fotodeteccion_previa:1,direccion,domiciliaria,CL 17 × CR 8,,placa 18 m hacia CR 9 (cuadra de 75 m); intersección,-73.245017,10.473377,,2024-05-28,2024-05-28,,
CALLE 17 8-21,EQUIPO052,1,C02:1,fotodeteccion_previa:1,direccion,domiciliaria,CL 17 × CR 8,,placa 21 m hacia CR 9 (cuadra de 75 m); intersección,-73.24504,10.473362,,2024-05-23,2024-05-23,,
CALLE 17 8-25,EQUIPO052,1,C02:1,fotodeteccion_previa:1,direccion,domiciliaria,CL 17 × CR 8,,placa 25 m hacia CR 9 (cuadra de 75 m); intersección,-73.24507,10.473343,,2024-04-27,2024-04-27,,
CALLE 17 8-29,EQUIPO052,1,C02:1,fotodeteccion_previa:1,direccion,domiciliaria,CL 17 × CR 8,,placa 29 m hacia CR 9 (cuadra de 75 m); intersección,-73.245101,10.473323,,2024-06-01,2024-06-01,,
CALLE 17 8-34,EQUIPO052,1,C02:1,fotodeteccion_previa:1,direccion,domiciliaria,CL 17 × CR 8,,placa 34 m hacia CR 9 (cuadra de 75 m); intersección,-73.24514,10.473299,,2024-06-22,2024-06-22,,
CALLE 17 #9-34,EQUIPO052,1,C02:1,fotodeteccion_previa:1,direccion,domiciliaria,CL 17 × CR 9,,placa 34 m hacia CR 10 (cuadra de 130 m); intersección,-73.245717,10.472926,,2025-02-12,2025-02-12,,
CARRERA 16 #20A-163,"EQUIPO031, EQUIPO032",1,C02:1,fotodeteccion_previa:1,direccion,domiciliaria,CR 16 × CL 20 A,,placa 163 m hacia CL 21 (cuadra de 74 m); hueco de 87 m,-73.246992,10.464007,,2024-12-12,2024-12-12,,
CARRERA 16 #20A-67,"EQUIPO031, EQUIPO032",1,C02:1,fotodeteccion_previa:1,direccion,domiciliaria,CR 16 × CL 20 A,,placa 67 m hacia CL 21 (cuadra de 74 m); hueco de 87 m,-73.247016,10.464065,,2025-01-10,2025-01-10,,
CARRERA 16 #20A-87,"EQUIPO031, EQUIPO032",1,C02:1,fotodeteccion_previa:1,direccion,domiciliaria,CR 16 × CL 20 A,,placa 87 m hacia CL 21 (cuadra de 74 m); hueco de 87 m,-73.246992,10.464007,,2024-11-14,2024-11-14,,
CARRERA 16 #20B- 119,EQUIPO032,1,C02:1,fotodeteccion_previa:1,direccion,domiciliaria,CR 16 × CL 20 B,,placa 119 m hacia CL 21 (cuadra de 244 m); hueco de 11 m,-73.246681,10.465092,,2024-10-03,2024-10-03,,
CARRERA 16 #20B-126,EQUIPO032,1,C02:1,fotodeteccion_previa:1,direccion,domiciliaria,CR 16 × CL 20 B,,placa 126 m hacia CL 21 (cuadra de 244 m); hueco de 11 m,-73.246698,10.465031,,2025-01-22,2025-01-22,,
CARRERA 16 #20B-137,EQUIPO032,1,C02:1,fotodeteccion_previa:1,direccion,domiciliaria,CR 16 × CL 20 B,,placa 137 m hacia CL 21 (cuadra de 244 m); hueco de 11 m,-73.246726,10.464936,,2025-02-27,2025-02-27,,
CALLE 17 #9-54,EQUIPO052,1,C02:1,fotodeteccion_previa:1,direccion,domiciliaria,CL 17 × CR 9,,placa 54 m hacia CR 10 (cuadra de 130 m); intersección,-73.245869,10.472826,,2024-12-27,2024-12-27,,
CALLE 17 #9-55,EQUIPO052,1,C02:1,fotodeteccion_previa:1,direccion,domiciliaria,CL 17 × CR 9,,placa 55 m hacia CR 10 (cuadra de 130 m); intersección,-73.245877,10.472821,,2025-02-17,2025-02-17,,
CALLE 15#12-86 DETRAS DE LA GOBERNACION VALLEDUPAR,EQUIPO042,1,C24:1,agente:1,direccion,domiciliaria_cuadra,CL 15 × CR 12,,placa 86; sin cruce con CR 13 a ≤ 250 m; intersección,-73.250206,10.474247,106.0,2023-10-03,2023-10-03,,
CARRERA 16 #20B-97,EQUIPO032,1,C02:1,fotodeteccion_previa:1,direccion,domiciliaria,CR 16 × CL 20 B,,placa 97 m hacia CL 21 (cuadra de 244 m); hueco de 11 m,-73.246626,10.465284,,2025-01-24,2025-01-24,,
CARRERA 16 #21 -67,EQUIPO032,1,C02:1,fotodeteccion_previa:1,direccion,domiciliaria,CR 16 × CL 21,,placa 67 m hacia CL 22 (cuadra de 126 m); intersección,-73.246953,10.463402,,2024-12-17,2024-12-17,,
CARRERA 16 #21-12,"EQUIPO031, EQUIPO032",1,C02:1,fotodeteccion_previa:1,direccion,domiciliaria,CR 16 × CL 21,,placa 12 m hacia CL 22 (cuadra de 126 m); intersección,-73.246985,10.463899,,2024-12-02,2024-12-02,,
CARRERA 16 #21-122,EQUIPO032,1,C02:1,fotodeteccion_previa:1,direccion,domiciliaria,CR 16 × CL 21,,placa 122 m hacia CL 22 (cuadra de 126 m); intersección,-73.246922,10.462905,,2024-12-10,2024-12-10,,
CARRERA 16 #21-23,EQUIPO032,1,C02:1,fotodeteccion_previa:1,direccion,domiciliaria,CR 16 × CL 21,,placa 23 m hacia CL 22 (cuadra de 126 m); intersección,-73.246978,10.463799,,2024-12-17,2024-12-17,,
CARRERA 16 #21-27,EQUIPO032,1,C02:1,fotodeteccion_previa:1,direccion,domiciliaria,CR 16 × CL 21,,placa 27 m hacia CL 22 (cuadra de 126 m); intersección,-73.246976,10.463763,,2025-01-17,2025-01-17,,
CARRERA 16 #21-35,EQUIPO032,1,C02:1,fotodeteccion_previa:1,direccion,domiciliaria,CR 16 × CL 21,,placa 35 m hacia CL 22 (cuadra de 126 m); intersección,-73.246972,10.463691,,2025-01-16,2025-01-16,,
CARRERA 16 #21-39,EQUIPO032,1,C02:1,fotodeteccion_previa:1,direccion,domiciliaria,CR 16 × CL 21,,placa 39 m hacia CL 22 (cuadra de 126 m); intersección,-73.246969,10.463655,,2025-01-23,2025-01-23,,
CARRERA 16 #21-43,EQUIPO032,1,C02:1,fotodeteccion_previa:1,direccion,domiciliaria,CR 16 × CL 21,,placa 43 m hacia CL 22 (cuadra de 126 m); intersección,-73.246967,10.463619,,2025-01-23,2025-01-23,,
CARRERA 16 #21-45,EQUIPO032,1,C02:1,fotodeteccion_previa:1,direccion,domiciliaria,CR 16 × CL 21,,placa 45 m hacia CL 22 (cuadra de 126 m); intersección,-73.246966,10.463601,,2024-10-09,2024-10-09,,
CARRERA 16 #21-46,EQUIPO032,1,C02:1,fotodeteccion_previa:1,direccion,domiciliaria,CR 16 × CL 21,,placa 46 m hacia CL 22 (cuadra de 126 m); intersección,-73.246965,10.463592,,2024-10-28,2024-10-28,,
CARRERA 16 #20A-135,"EQUIPO031, EQUIPO032",1,C02:1,fotodeteccion_previa:1,direccion,domiciliaria,CR 16 × CL 20 A,,placa 135 m hacia CL 21 (cuadra de 74 m); hueco de 87 m,-73.246992,10.464007,,2025-02-25,2025-02-25,,
CALLE 17 #CON 8 VALLEDUPAR,EQUIPO052,1,C02:1,agente:1,gps,sin_punto,CL 17,,dirección de tipo via_sola,-73.244908,10.473553,,2024-02-20,2024-02-20,,
CALLE 17 #9-23,EQUIPO052,1,C02:1,fotodeteccion_previa:1,direccion,domiciliaria,CL 17 × CR 9,,placa 23 m hacia CR 10 (cuadra de 130 m); intersección,-73.245633,10.472981,,2024-12-12,2024-12-12,,
CALLE 17 #9-29,EQUIPO052,1,C02:1,fotodeteccion_previa:1,direccion,domiciliaria,CL 17 × CR 9,,placa 29 m hacia CR 10 (cuadra de 130 m); intersección,-73.245679,10.472951,,2024-10-25,2024-10-25,,
CALLE 17 #9-32,EQUIPO052,1,C02:1,fotodeteccion_previa:1,direccion,domiciliaria,CL 17 × CR 9,,placa 32 m hacia CR 10 (cuadra de 130 m); intersección,-73.245702,10.472936,,2025-01-14,2025-01-14,,
CARRERA 16 20B 65MERCADO VALLEDUPAR,EQUIPO032,1,C02:1,agente:1,gps,sin_punto,CR 16,,dirección de tipo via_sola,-73.246653,10.465142,,2025-10-26,2025-10-26,,
CARRERA 16 21-17,EQUIPO032,1,C02:1,fotodeteccion_previa:1,direccion,domiciliaria,CR 16 × CL 21,,placa 17 m hacia CL 22 (cuadra de 126 m); intersección,-73.246982,10.463853,,2024-06-29,2024-06-29,,
CARRERA 16 CALLE 21 VALLEDUPAR,"EQUIPO031, EQUIPO032",1,C02:1,agente:1,direccion,cruce,CR 16 × CL 21,,intersección,-73.246992,10.464007,107.0,2024-06-20,2024-06-20,,
CARRERA 16 CON 19A MEGAMALL VALLEDUPAR,EQUIPO052,1,C02:1,agente:1,gps,sin_punto,CR 16 × CL 19 A,,no se cruzan (más cerca: 547 m),-73.24495,10.473632,,2025-05-21,2025-05-21,,
CARRERA 16 CON 21,"EQUIPO031, EQUIPO032",1,D02:1,fotodeteccion_previa:1,direccion,cruce,CR 16 × CL 21,,intersección,-73.246992,10.464007,,2024-05-29,2024-05-29,,
CARRERA 16 CON 21 SEMAFORO VALLEDUPAR,"EQUIPO031, EQUIPO032",1,C32:1,agente:1,direccion,cruce,CR 16 × CL 21,,intersección,-73.246992,10.464007,200.0,2025-05-10,2025-05-10,,
CARRERA 16 CON 21 VALLEDUPAR,"EQUIPO031, EQUIPO032",1,D05:1,agente:1,direccion,cruce,CR 16 × CL 21,,intersección,-73.246992,10.464007,2438.0,2024-07-30,2024-07-30,,
CARRERA 16 CON 21MERCADO PUBLICO VALLEDUPAR,"EQUIPO031, EQUIPO032",1,D05:1,agente:1,direccion,cruce,CR 16 × CL 21,,intersección,-73.246992,10.464007,2439.0,2024-07-22,2024-07-22,,
CARRERA 16 CON CALLE 21,"EQUIPO031, EQUIPO032",1,C02:1,fotodeteccion_previa:1,direccion,cruce,CR 16 × CL 21,,intersección,-73.246992,10.464007,,2024-03-22,2024-03-22,,
CARRERA 16# 21-49 VALLEDUPAR,EQUIPO032,1,C35:1,agente:1,direccion,domiciliaria,CR 16 × CL 21,,placa 49 m hacia CL 22 (cuadra de 126 m); intersección,-73.246964,10.463565,18.0,2023-08-31,2023-08-31,,
CARRERA 16#20A -128 VALLEDUPAR,"EQUIPO031, EQUIPO032",1,C02:1,agente:1,direccion,domiciliaria,CR 16 × CL 20 A,,placa 128 m hacia CL 21 (cuadra de 74 m); hueco de 87 m,-73.246992,10.464007,112.0,2023-08-09,2023-08-09,,
CALLE 17 #9-37,EQUIPO052,1,C02:1,fotodeteccion_previa:1,direccion,domiciliaria,CL 17 × CR 9,,placa 37 m hacia CR 10 (cuadra de 130 m); intersección,-73.24574,10.472911,,2024-11-12,2024-11-12,,
CALLE 17 #9-50,EQUIPO052,1,C02:1,fotodeteccion_previa:1,direccion,domiciliaria,CL 17 × CR 9,,placa 50 m hacia CR 10 (cuadra de 130 m); intersección,-73.245839,10.472846,,2025-01-08,2025-01-08,,
CARRERA 23#CON CALLE 6 VALLEDUPAR,EQUIPO071,1,D01:1,agente:1,direccion,cruce,CR 23 × CL 6,,intersección,-73.272389,10.481185,1261.0,2024-09-09,2024-09-09,,
CARRERA 16#20B-125 VALLEDUPAR,EQUIPO032,1,C02:1,agente:1,direccion,domiciliaria,CR 16 × CL 20 B,,placa 125 m hacia CL 21 (cuadra de 244 m); hueco de 11 m,-73.246696,10.46504,44.0,2024-06-04,2024-06-04,,
CARRERA 16#20B-133 VALLEDUPAR,EQUIPO032,1,C02:1,agente:1,direccion,domiciliaria,CR 16 × CL 20 B,,placa 133 m hacia CL 21 (cuadra de 244 m); hueco de 11 m,-73.246716,10.464971,,2023-09-04,2023-09-04,,
CARRERA 17 # 7-86 VALLEDUPAR,EQUIPO052,1,C02:1,agente:1,gps,sin_punto,CR 17 × CL 7,,no se cruzan (más cerca: 185 m),-73.244797,10.473617,,2025-01-31,2025-01-31,,
CARRERA 17 # 7A-98 VALLEDUPAR,EQUIPO052,1,C02:1,agente:1,gps,sin_punto,CR 17 × CL 7 A,,no se cruzan (más cerca: 116 m),-73.244523,10.473715,,2024-08-13,2024-08-13,,
CARRERA 17 16 VALLEDUPAR,"EQUIPO051, EQUIPO052",1,C02:1,agente:1,gps,sin_punto,CR 17,,dirección de tipo via_sola,-73.245297,10.472962,,2023-03-09,2023-03-09,,
CARRERA 18 E # 1 A VALLEDUPAR,"EQUIPO021, EQUIPO022",1,C24:1,agente:1,gps,sin_punto,CR 18 E × CL 1 A,,no se cruzan (más cerca: 3212 m),-73.253768,10.462305,,2023-05-12,2023-05-12,,
CARRERA 19 # 21 LOS MANGUITOS VALLEDUPAR,"EQUIPO021, EQUIPO022",1,C35:1,agente:1,direccion,domiciliaria,CR 19 × CL 21,,placa 1 m hacia CL 22 (cuadra de 91 m); hueco de 8 m,-73.253791,10.461971,65.0,2023-09-27,2023-09-27,,
CARRERA 19 # 2104 VALLEDUPAR,"EQUIPO021, EQUIPO022",1,H03:1,agente:1,gps,sin_punto,CR 19,,dirección de tipo via_sola,-73.254078,10.461897,,2023-03-27,2023-03-27,,
CARRERA 19 CON 18 B VALLEDUPAR,"EQUIPO021, EQUIPO022",1,C24:1,agente:1,gps,sin_punto,CR 19 × CL 18 B,,no se cruzan (más cerca: 590 m),-73.254067,10.46185,,2023-03-27,2023-03-27,,
CARRERA 16 #21-49 VALLEDUPAR,EQUIPO032,1,D02:1,agente:1,direccion,domiciliaria,CR 16 × CL 21,,placa 49 m hacia CL 22 (cuadra de 126 m); intersección,-73.246964,10.463565,8.0,2023-08-31,2023-08-31,,
CALLE 15#60 VALLEDUPAR,"EQUIPO041, EQUIPO042",1,C31:1,agente:1,gps,sin_punto,CL 15 × CR 60,,vía no está en la referencia: CR 60,-73.249763,10.473597,,2023-07-26,2023-07-26,,
CALLE 15CON 12-29 VALLEDUPAR,EQUIPO042,1,C02:1,agente:1,direccion,cruce,CL 15 × CR 12,,intersección,-73.250206,10.474247,3262.0,2024-07-08,2024-07-08,,
CALLE 15CON CARRERA 12 POR BELLAS ARTES VALLEDUPAR,EQUIPO042,1,C02:1,agente:1,direccion,cruce,CL 15 × CR 12,,intersección,-73.250206,10.474247,217.0,2024-10-29,2024-10-29,,
CALLE 17 #9-11,EQUIPO052,1,C02:1,fotodeteccion_previa:1,direccion,domiciliaria,CL 17 × CR 9,,placa 11 m hacia CR 10 (cuadra de 130 m); intersección,-73.245542,10.473041,,2024-09-25,2024-09-25,,
CALLE 17 #9-14,EQUIPO052,1,C02:1,fotodeteccion_previa:1,direccion,domiciliaria,CL 17 × CR 9,,placa 14 m hacia CR 10 (cuadra de 130 m); intersección,-73.245565,10.473026,,2024-12-24,2024-12-24,,
CARRERA 8 # 16C03 CENTRO VALLEDUPAR,EQUIPO052,1,C02:1,agente:1,gps,sin_punto,CR 8 × CL 16 C,,no se cruzan (más cerca: 250 m),-73.244823,10.47339,,2024-04-24,2024-04-24,,
CARRERA 8 # 17-04 VALLEDUPAR,EQUIPO052,1,C02:1,agente:1,direccion,domiciliaria,CR 8 × CL 17,,placa 4 m hacia CL 18 (cuadra de 90 m); intersección,-73.244858,10.473435,1.0,2023-10-21,2023-10-21,,
CARRERA 8 # 17-08 VALLEDUPAR,EQUIPO052,1,C02:1,agente:1,direccion,domiciliaria,CR 8 × CL 17,,placa 8 m hacia CL 18 (cuadra de 90 m); intersección,-73.244837,10.473405,45.0,2024-09-19,2024-09-19,,
CARRERA 8 # 17-1 AMAZONA VALLEDUPAR,EQUIPO052,1,D03:1,agente:1,direccion,domiciliaria,CR 8 × CL 17,,placa 1 m hacia CL 18 (cuadra de 90 m); intersección,-73.244873,10.473458,59.0,2023-12-29,2023-12-29,,
CARRERA 8 # 17-1 CENTRO POR AMAZONA VALLEDUPAR,EQUIPO052,1,C02:1,agente:1,direccion,domiciliaria,CR 8 × CL 17,,placa 1 m hacia CL 18 (cuadra de 90 m); intersección,-73.244873,10.473458,16.0,2024-04-23,2024-04-23,,
CARRERA 19-40 DIAGONAL 21 VALLEDUPAR,"EQUIPO021, EQUIPO022",1,C32:1,agente:1,direccion,cruce,CR 19 × DG 21,,intersección,-73.253908,10.461698,1419.0,2024-07-11,2024-07-11,,
CARRERA 19-42DIAGONAL 21 VALLEDUPAR,"EQUIPO021, EQUIPO022",1,C02:1,agente:1,direccion,cruce,CR 19 × DG 21,,intersección,-73.253908,10.461698,1410.0,2024-07-11,2024-07-11,,
CARRERA 19F # 1254 VALLEDUPAR,"EQUIPO021, EQUIPO022",1,C24:1,agente:1,gps,sin_punto,CR 19 F,,dirección de tipo via_sola,-73.254063,10.461352,,2023-03-28,2023-03-28,,
CARRERA 20 CON 19 B VALLEDUPAR,"EQUIPO021, EQUIPO022",1,H03:1,agente:1,gps,sin_punto,CR 20 × CL 19 B,,no se cruzan (más cerca: 623 m),-73.254087,10.461873,,2023-03-27,2023-03-27,,
CARRERA 20B32 VALLEDUPAR,EQUIPO032,1,C02:1,agente:1,gps,sin_punto,CR 20 B,,dirección de tipo via_sola,-73.246713,10.465088,,2024-04-12,2024-04-12,,
CARRERA 23 # 5-90 VALLEDUPAR,EQUIPO071,1,D02:1,agente:1,direccion,domiciliaria,CR 23 × CL 5,,placa 90 m hacia CL 6 (cuadra de 75 m); intersección,-73.272389,10.481185,177.0,2026-01-19,2026-01-19,,
CARRERA 23 # 6-58 PUESTO DE CONTROL VALLEDUPAR,EQUIPO071,1,C24:1,agente:1,direccion,domiciliaria_cuadra,CR 23 × CL 6,,placa 58; sin cruce con CL 7 a ≤ 250 m; intersección,-73.272389,10.481185,59.0,2023-12-18,2023-12-18,,
CARRERA 23 #6-05 VALLEDUPAR,EQUIPO071,1,C35:1,agente:1,direccion,domiciliaria_cuadra,CR 23 × CL 6,,placa 5; sin cruce con CL 7 a ≤ 250 m; intersección,-73.272389,10.481185,24.0,2023-09-27,2023-09-27,,
CARRERA 23 CALLE 6 CONTROL DE PEDAGOGIA VALLEDUPAR,EQUIPO071,1,D05:1,agente:1,direccion,cruce,CR 23 × CL 6,,intersección,-73.272389,10.481185,3458.0,2024-09-27,2024-09-27,,
CARRERA 23 CRA23#5D-35 VALLEDUPAR,EQUIPO071,1,C02:1,agente:1,gps,sin_punto,CR 23 × CR 23,,dirección de tipo paralelas,-73.272172,10.481123,,2025-12-05,2025-12-05,,
CARRERA 23 N 6-05 VALLEDUPAR,EQUIPO071,1,C14:1,agente:1,direccion,domiciliaria_cuadra,CR 23 × CL 6,,placa 5; sin cruce con CL 7 a ≤ 250 m; intersección,-73.272389,10.481185,24.0,2023-09-27,2023-09-27,,
CALLE 17 #9-08,"EQUIPO051, EQUIPO052",1,C02:1,fotodeteccion_previa:1,direccion,domiciliaria,CL 17 × CR 9,,placa 8 m hacia CR 10 (cuadra de 130 m); intersección,-73.245519,10.473057,,2025-02-12,2025-02-12,,
CALLE 15 CR 12 NOTARIA 3 VALLEDUPAR,EQUIPO042,1,C02:1,agente:1,direccion,cruce,CL 15 × CR 12,,intersección,-73.250206,10.474247,14.0,2024-02-23,2024-02-23,,
CALLE 15 CR 12 VALLEDUPAR,EQUIPO042,1,C02:1,agente:1,direccion,cruce,CL 15 × CR 12,,intersección,-73.250206,10.474247,13.0,2024-02-29,2024-02-29,,
CALLE 15 CR12 NOTARIA 3RA VALLEDUPAR,EQUIPO042,1,C02:1,agente:1,direccion,cruce,CL 15 × CR 12,,intersección,-73.250206,10.474247,17.0,2024-02-29,2024-02-29,,
CALLE 15# 12- 32 VALLEDUPAR,EQUIPO042,1,D03:1,agente:1,direccion,domiciliaria_cuadra,CL 15 × CR 12,,placa 32; sin cruce con CR 13 a ≤ 250 m; intersección,-73.250206,10.474247,28.0,2023-07-05,2023-07-05,,
CALLE 15# 12-12 VALLEDUPAR,EQUIPO042,1,C02:1,agente:1,direccion,domiciliaria_cuadra,CL 15 × CR 12,,placa 12; sin cruce con CR 13 a ≤ 250 m; intersección,-73.250206,10.474247,16.0,2024-02-05,2024-02-05,,
CALLE 15#12 VALLEDUPAR,EQUIPO042,1,C02:1,agente:1,direccion,domiciliaria_cuadra,CL 15 × CR 12,,placa 2; sin cruce con CR 13 a ≤ 250 m; intersección,-73.250206,10.474247,125.0,2023-08-11,2023-08-11,,
CALLE 15#12-07 VALLEDUPAR,EQUIPO042,1,C02:1,agente:1,direccion,domiciliaria_cuadra,CL 15 × CR 12,,placa 7; sin cruce con CR 13 a ≤ 250 m; intersección,-73.250206,10.474247,50.0,2023-08-11,2023-08-11,,
CALLE 15#12-38 VALLEDUPAR,EQUIPO042,1,C02:1,agente:1,direccion,domiciliaria_cuadra,CL 15 × CR 12,,placa 38; sin cruce con CR 13 a ≤ 250 m; intersección,-73.250206,10.474247,234.0,2025-03-17,2025-03-17,,
CARRERA 7 # 33-70 VALLEDUPAR,EQUIPO041,1,C24:1,agente:1,gps,sin_punto,CR 7 × CL 33,,no se cruzan (más cerca: 310 m),-73.249938,10.473187,,2026-07-31,2026-07-31,,
CARRERA 7 # NO 16B-50 5 ESQUINA VALLEDUPAR,EQUIPO052,1,C02:1,agente:1,gps,sin_punto,CR 7,,dirección de tipo via_sola,-73.244741,10.473624,,2024-05-16,2024-05-16,,
CARRERA 7 # PLAZA ALFONSO LOPEZ VALLEDUPAR,EQUIPO051,1,C02:1,agente:1,gps,sin_punto,CR 7,,dirección de tipo via_sola,-73.245787,10.473528,,2026-08-15,2026-08-15,,
CARRERA 7 CON 30 CLARENS VALLEDUPAR,EQUIPO032,1,C02:1,agente:1,gps,sin_punto,CR 7 × CL 30,,no se cruzan (más cerca: 170 m),-73.246997,10.463015,,2024-05-15,2024-05-15,,
CARRERA 7A # 1712 VALLEDUPAR,"EQUIPO051, EQUIPO052",1,C02:1,agente:1,gps,sin_punto,CR 7 A,,dirección de tipo via_sola,-73.245318,10.473207,,2024-11-08,2024-11-08,,
CARRERA 8 # 16C-17 FRENTE ASPOR TENIS VALLEDUPAR,EQUIPO052,1,C02:1,agente:1,gps,sin_punto,CR 8 × CL 16 C,,no se cruzan (más cerca: 250 m),-73.244857,10.47362,,2023-10-25,2023-10-25,,
CARRERA 8 # 16C-33 CENTRO VALLEDUPAR,EQUIPO052,1,C02:1,agente:1,gps,sin_punto,CR 8 × CL 16 C,,no se cruzan (más cerca: 250 m),-73.244918,10.47364,,2024-04-11,2024-04-11,,
CARRERA 9 # 16B - 48 POR CARNICOL VALLEDUPAR,EQUIPO051,1,C02:1,agente:1,direccion,domiciliaria,CR 9 × CL 16 B,,placa 48 m hacia CL 17 (cuadra de 113 m); intersección,-73.245836,10.473549,29.0,2024-06-20,2024-06-20,,
CARRERA 8 # 17-1 LA OCTAVA CENTRO VALLEDUPAR,EQUIPO052,1,C03:1,agente:1,direccion,domiciliaria,CR 8 × CL 17,,placa 1 m hacia CL 18 (cuadra de 90 m); intersección,-73.244873,10.473458,77.0,2025-03-02,2025-03-02,,
CARRERA 8 # 17-1FRENTE AMAZONA VALLEDUPAR,EQUIPO052,1,C02:1,agente:1,direccion,domiciliaria,CR 8 × CL 17,,placa 1 m hacia CL 18 (cuadra de 90 m); intersección,-73.244873,10.473458,65.0,2024-05-11,2024-05-11,,
CARRERA 8 # 17-1MUNDO TEXTIL VALLEDUPAR,EQUIPO052,1,D02:1,agente:1,direccion,domiciliaria,CR 8 × CL 17,,placa 1 m hacia CL 18 (cuadra de 90 m); intersección,-73.244873,10.473458,28.0,2024-05-24,2024-05-24,,
CARRERA 8 # 17-1POR LOS COLCHONES VALLEDUPAR,EQUIPO052,1,C02:1,agente:1,direccion,domiciliaria,CR 8 × CL 17,,placa 1 m hacia CL 18 (cuadra de 90 m); intersección,-73.244873,10.473458,67.0,2024-07-31,2024-07-31,,
CARRERA 8 ## 17-26 VALLEDUPAR,EQUIPO052,1,C02:1,agente:1,gps,sin_punto,CR 8,,dirección de tipo via_sola,-73.244737,10.473348,,2023-06-06,2023-06-06,,
CARRERA 8 #15C33 VALLEDUPAR,EQUIPO052,1,C24:1,agente:1,gps,sin_punto,CR 8 × CL 15 C,,vía no está en la referencia: CL 15 C,-73.244963,10.473603,,2023-05-11,2023-05-11,,
CARRERA 8 CALL17 ESQUINA VALLEDUPAR,EQUIPO052,1,D04:1,agente:1,direccion,cruce,CR 8 × CL 17,,intersección,-73.244878,10.473465,9.0,2024-08-13,2024-08-13,,
CARRERA 8 CALLE 17,EQUIPO052,1,C02:1,fotodeteccion_previa:1,direccion,cruce,CR 8 × CL 17,,intersección,-73.244878,10.473465,,2024-08-29,2024-08-29,,
CARRERA 8 CALLE 17 SEMAFORO VALLEDUPAR,EQUIPO052,1,D04:1,agente:1,direccion,cruce,CR 8 × CL 17,,intersección,-73.244878,10.473465,19.0,2023-12-28,2023-12-28,,
CARRERA 8 CALLE 17 VALLEDUPAR,EQUIPO052,1,C02:1,agente:1,direccion,cruce,CR 8 × CL 17,,intersección,-73.244878,10.473465,94.0,2024-12-23,2024-12-23,,
CARRERA 8 CON 17 ESQUINA VALLEDUPAR,EQUIPO052,1,C02:1,agente:1,direccion,cruce,CR 8 × CL 17,,intersección,-73.244878,10.473465,38.0,2025-08-27,2025-08-27,,
CARRERA 26B-76 VALLEDUPAR,EQUIPO051,1,C02:1,agente:1,gps,sin_punto,CR 26 B × CL 76,,no se cruzan (más cerca: 1088 m),-73.245785,10.47347,,2023-09-26,2023-09-26,,
CALLE 17 #8-51,EQUIPO052,1,C02:1,fotodeteccion_previa:1,direccion,domiciliaria,CL 17 × CR 8,,placa 51 m hacia CR 9 (cuadra de 75 m); intersección,-73.24527,10.473216,,2025-01-09,2025-01-09,,
CALLE 17 #8-65,EQUIPO052,1,C02:1,fotodeteccion_previa:1,direccion,domiciliaria,CL 17 × CR 8,,placa 65 m hacia CR 9 (cuadra de 75 m); intersección,-73.245378,10.473147,,2024-09-25,2024-09-25,,
CALLE 17 #9 -32,EQUIPO052,1,C02:1,fotodeteccion_previa:1,direccion,domiciliaria,CL 17 × CR 9,,placa 32 m hacia CR 10 (cuadra de 130 m); intersección,-73.245702,10.472936,,2025-01-15,2025-01-15,,
CALLE 17 #8-24,EQUIPO052,1,C02:1,fotodeteccion_previa:1,direccion,domiciliaria,CL 17 × CR 8,,placa 24 m hacia CR 9 (cuadra de 75 m); intersección,-73.245063,10.473348,,2024-09-21,2024-09-21,,
CALLE 17 #8-26,EQUIPO052,1,C02:1,fotodeteccion_previa:1,direccion,domiciliaria,CL 17 × CR 8,,placa 26 m hacia CR 9 (cuadra de 75 m); intersección,-73.245078,10.473338,,2024-12-17,2024-12-17,,
CALLE 17 #8-26 VALLEDUPAR,EQUIPO052,1,C02:1,agente:1,direccion,domiciliaria,CL 17 × CR 8,,placa 26 m hacia CR 9 (cuadra de 75 m); intersección,-73.245078,10.473338,265.0,2023-10-23,2023-10-23,,
CALLE 17 #8-34,EQUIPO052,1,C02:1,fotodeteccion_previa:1,direccion,domiciliaria,CL 17 × CR 8,,placa 34 m hacia CR 9 (cuadra de 75 m); intersección,-73.24514,10.473299,,2024-11-05,2024-11-05,,
CALLE 17 #8-39,EQUIPO052,1,C02:1,fotodeteccion_previa:1,direccion,domiciliaria,CL 17 × CR 8,,placa 39 m hacia CR 9 (cuadra de 75 m); intersección,-73.245178,10.473274,,2025-02-14,2025-02-14,,
CALLE 17 #8-42,EQUIPO052,1,C02:1,fotodeteccion_previa:1,direccion,domiciliaria,CL 17 × CR 8,,placa 42 m hacia CR 9 (cuadra de 75 m); intersección,-73.245201,10.47326,,2024-12-30,2024-12-30,,
CALLE 17 # 9-28 CENTRO VALLEDUPAR,EQUIPO052,1,C35:1,agente:1,direccion,domiciliaria,CL 17 × CR 9,,placa 28 m hacia CR 10 (cuadra de 130 m); intersección,-73.245671,10.472956,151.0,2025-12-12,2025-12-12,,
CARRERA 8 CON CALLE 17 CENTRO AMAZONAS VALLEDUPAR,EQUIPO052,1,C35:1,agente:1,direccion,cruce,CR 8 × CL 17,,intersección,-73.244878,10.473465,26.0,2024-09-17,2024-09-17,,
CARRERA 8 Y 9 CALLE 17 SEMAFORO VALLEDUPAR,EQUIPO052,1,C02:1,agente:1,direccion,cruce,CR 8 × CL 17,,intersección,-73.244878,10.473465,27.0,2023-06-24,2023-06-24,,
CARRERA 8#17-05 VALLEDUPAR,EQUIPO052,1,C02:1,agente:1,direccion,domiciliaria,CR 8 × CL 17,,placa 5 m hacia CL 18 (cuadra de 90 m); intersección,-73.244852,10.473428,10.0,2025-02-07,2025-02-07,,
CARRERA 8#CON17 VALLEDUPAR,EQUIPO052,1,C02:1,agente:1,gps,sin_punto,CR 8,,dirección de tipo via_sola,-73.24488,10.473683,,2023-11-27,2023-11-27,,
CARRERA 8- 46 VALLEDUPAR,"EQUIPO051, EQUIPO052",1,C02:1,agente:1,gps,sin_punto,CR 8 × CL 46,,no se cruzan (más cerca: 2743 m),-73.245327,10.473254,,2023-12-30,2023-12-30,,
CARRERA 8CON 17 VALLEDUPAR,EQUIPO052,1,C02:1,agente:1,direccion,cruce,CR 8 × CL 17,,intersección,-73.244878,10.473465,44.0,2023-08-23,2023-08-23,,
CARRERA 9 # 16 B 72 VALLEDUPAR,EQUIPO051,1,C02:1,agente:1,direccion,domiciliaria,CR 9 × CL 16 B,,placa 72 m hacia CL 17 (cuadra de 113 m); intersección,-73.245696,10.473381,2187.0,2023-10-23,2023-10-23,,
CARRERA 9 # 16 B 77 VALLEDUPAR,EQUIPO051,1,C02:1,agente:1,direccion,domiciliaria,CR 9 × CL 16 B,,placa 77 m hacia CL 17 (cuadra de 113 m); intersección,-73.245667,10.473347,11.0,2024-04-11,2024-04-11,,
CARRERA 9 # 16B - 48 CENTRO VALLEDUPAR,EQUIPO051,1,C02:1,agente:1,direccion,domiciliaria,CR 9 × CL 16 B,,placa 48 m hacia CL 17 (cuadra de 113 m); intersección,-73.245836,10.473549,7.0,2023-12-21,2023-12-21,,
CARRERA 9 # 17-126,EQUIPO051,1,C02:1,fotodeteccion_previa:1,direccion,domiciliaria,CR 9 × CL 17,,placa 126 m hacia CL 18 (cuadra de 95 m); intersección,-73.244929,10.472415,,2024-09-18,2024-09-18,,
CARRERA 9 # 16B - 58 VALLEDUPAR,EQUIPO051,1,C02:1,agente:1,direccion,domiciliaria,CR 9 × CL 16 B,,placa 58 m hacia CL 17 (cuadra de 113 m); intersección,-73.245778,10.473479,12.0,2025-03-04,2025-03-04,,
CARRERA 9 # 16B 58 VALLEDUPAR,EQUIPO051,1,C02:1,agente:1,direccion,domiciliaria,CR 9 × CL 16 B,,placa 58 m hacia CL 17 (cuadra de 113 m); intersección,-73.245778,10.473479,3.0,2023-10-27,2023-10-27,,
CARRERA 9 # 16B 77 VALLEDUPAR,EQUIPO051,1,C02:1,agente:1,direccion,domiciliaria,CR 9 × CL 16 B,,placa 77 m hacia CL 17 (cuadra de 113 m); intersección,-73.245667,10.473347,3.0,2023-06-02,2023-06-02,,
CARRERA 9 # 16B-37 CENTRO VALLEDUPAR,EQUIPO051,1,C02:1,agente:1,direccion,domiciliaria,CR 9 × CL 16 B,,placa 37 m hacia CL 17 (cuadra de 113 m); intersección,-73.245901,10.473625,12.0,2024-04-11,2024-04-11,,
CARRERA 9 # 16B-38 VALLEDUPAR,EQUIPO051,1,C02:1,agente:1,direccion,domiciliaria,CR 9 × CL 16 B,,placa 38 m hacia CL 17 (cuadra de 113 m); intersección,-73.245895,10.473618,4.0,2024-11-07,2024-11-07,,
CARRERA 9 # 16B-41,EQUIPO051,1,C02:1,fotodeteccion_previa:1,direccion,domiciliaria,CR 9 × CL 16 B,,placa 41 m hacia CL 17 (cuadra de 113 m); intersección,-73.245877,10.473597,,2024-10-02,2024-10-02,,
CARRERA 9 # 16B-48 VALLEDUPAR,EQUIPO051,1,C02:1,agente:1,direccion,domiciliaria,CR 9 × CL 16 B,,placa 48 m hacia CL 17 (cuadra de 113 m); intersección,-73.245836,10.473549,11.0,2024-07-15,2024-07-15,,
CARRERA 9 # 16B-51 LA NOVENA VALLEDUPAR,EQUIPO051,1,C02:1,agente:1,direccion,domiciliaria,CR 9 × CL 16 B,,placa 51 m hacia CL 17 (cuadra de 113 m); intersección,-73.245819,10.473528,13.0,2024-05-11,2024-05-11,,
CARRERA 9 # 16B-51CARNECOL VALLEDUPAR,EQUIPO051,1,D05:1,agente:1,direccion,domiciliaria,CR 9 × CL 16 B,,placa 51 m hacia CL 17 (cuadra de 113 m); intersección,-73.245819,10.473528,7.0,2023-10-11,2023-10-11,,
CARRERA 8 CON 17SEMSORO VALLEDUPAR,EQUIPO052,1,C02:1,agente:1,direccion,cruce,CR 8 × CL 17,,intersección,-73.244878,10.473465,1962.0,2024-11-28,2024-11-28,,
CALLE 17 #8-100,"EQUIPO051, EQUIPO052",1,C02:1,fotodeteccion_previa:1,direccion,domiciliaria,CL 17 × CR 8,,placa 100 m hacia CR 9 (cuadra de 75 m); intersección,-73.245458,10.473097,,2025-02-26,2025-02-26,,
CALLE 17 #8-12,EQUIPO052,1,C02:1,fotodeteccion_previa:1,direccion,domiciliaria,CL 17 × CR 8,,placa 12 m hacia CR 9 (cuadra de 75 m); intersección,-73.24497,10.473406,,2025-01-08,2025-01-08,,
CALLE 17 #8-17,EQUIPO052,1,C02:1,fotodeteccion_previa:1,direccion,domiciliaria,CL 17 × CR 8,,placa 17 m hacia CR 9 (cuadra de 75 m); intersección,-73.245009,10.473382,,2024-11-06,2024-11-06,,
CALLE 17 #8-18,EQUIPO052,1,C02:1,fotodeteccion_previa:1,direccion,domiciliaria,CL 17 × CR 8,,placa 18 m hacia CR 9 (cuadra de 75 m); intersección,-73.245017,10.473377,,2024-12-17,2024-12-17,,
CALLE 17 #8-21,EQUIPO052,1,C02:1,fotodeteccion_previa:1,direccion,domiciliaria,CL 17 × CR 8,,placa 21 m hacia CR 9 (cuadra de 75 m); intersección,-73.24504,10.473362,,2024-10-07,2024-10-07,,
CALLE 17 # 9-44 VALLEDUPAR,EQUIPO052,1,C02:1,agente:1,direccion,domiciliaria,CL 17 × CR 9,,placa 44 m hacia CR 10 (cuadra de 130 m); intersección,-73.245793,10.472876,17.0,2024-09-05,2024-09-05,,
CALLE 17 # 9-47 VALLEDUPAR,EQUIPO052,1,C02:1,agente:1,direccion,domiciliaria,CL 17 × CR 9,,placa 47 m hacia CR 10 (cuadra de 130 m); intersección,-73.245816,10.472861,17.0,2023-07-07,2023-07-07,,
CALLE 17 # 9-60,EQUIPO052,1,C02:1,fotodeteccion_previa:1,direccion,domiciliaria,CL 17 × CR 9,,placa 60 m hacia CR 10 (cuadra de 130 m); intersección,-73.245915,10.472796,,2025-01-27,2025-01-27,,
CALLE 17 # 928 VALLEDUPAR,EQUIPO051,1,C02:1,agente:1,gps,sin_punto,CL 17 × CR 928,,vía no está en la referencia: CR 928,-73.245095,10.47262,,2025-06-03,2025-06-03,,
CALLE 17 # 928ARA VALLEDUPAR,EQUIPO052,1,C02:1,agente:1,gps,sin_punto,CL 17 × CR 928,,vía no está en la referencia: CR 928,-73.245213,10.473317,,2025-09-23,2025-09-23,,
CALLE 17 # 928LAS PRENDAS VALLEDUPAR,EQUIPO052,1,C02:1,agente:1,gps,sin_punto,CL 17 × CR 928,,vía no está en la referencia: CR 928,-73.245032,10.473355,,2025-03-31,2025-03-31,,
CALLE 17 #16B93 VALLEDUPAR,"EQUIPO051, EQUIPO052",1,C02:1,agente:1,gps,sin_punto,CL 17 × CR 16 B,,vía no está en la referencia: CR 16 B,-73.245542,10.47326,,2023-09-23,2023-09-23,,
CALLE 17 #7-86,EQUIPO052,1,C02:1,fotodeteccion_previa:1,direccion,domiciliaria,CL 17 × CR 7,,placa 86 m hacia CR 8 (cuadra de 146 m); intersección,-73.244419,10.473763,,2025-02-13,2025-02-13,,
CALLE 17 # 8-05 CENTRO VALLEDUPAR,EQUIPO052,1,D03:1,agente:1,direccion,domiciliaria,CL 17 × CR 8,,placa 5 m hacia CR 9 (cuadra de 75 m); intersección,-73.244917,10.473441,235.0,2024-10-19,2024-10-19,,
CARRERA 9 # 16B-78,EQUIPO051,1,C02:1,fotodeteccion_previa:1,direccion,domiciliaria,CR 9 × CL 16 B,,placa 78 m hacia CL 17 (cuadra de 113 m); intersección,-73.245661,10.47334,,2025-02-13,2025-02-13,,
CARRERA 9 # 16B-83 VALLEDUPAR,EQUIPO051,1,H03:1,agente:1,direccion,domiciliaria,CR 9 × CL 16 B,,placa 83 m hacia CL 17 (cuadra de 113 m); intersección,-73.245632,10.473305,2.0,2023-12-26,2023-12-26,,
CARRERA 9 # 16B-98 VALLEDUPAR,EQUIPO051,1,C02:1,agente:1,direccion,domiciliaria,CR 9 × CL 16 B,,placa 98 m hacia CL 17 (cuadra de 113 m); intersección,-73.245545,10.4732,3870.0,2025-01-10,2025-01-10,,
CARRERA 9 # 16B103POR MULTICARNES LA NOVENA VALLEDUPAR,EQUIPO051,1,D02:1,agente:1,direccion,domiciliaria,CR 9 × CL 16 B,,placa 103 m hacia CL 17 (cuadra de 113 m); intersección,-73.245516,10.473165,72.0,2024-11-16,2024-11-16,,
CARRERA 9 # 17 -56,EQUIPO051,1,C02:1,fotodeteccion_previa:1,direccion,domiciliaria,CR 9 × CL 17,,placa 56 m hacia CL 18 (cuadra de 95 m); intersección,-73.245146,10.472695,,2025-01-23,2025-01-23,,
CARRERA 9 # 17 08 VALLEDUPAR,"EQUIPO051, EQUIPO052",1,D03:1,agente:1,direccion,domiciliaria,CR 9 × CL 17,,placa 8 m hacia CL 18 (cuadra de 95 m); intersección,-73.245414,10.473039,,2026-06-09,2026-06-09,,
CARRERA 9 # 17- 27 VALLEDUPAR,EQUIPO051,1,C02:1,agente:1,direccion,domiciliaria,CR 9 × CL 17,,placa 27 m hacia CL 18 (cuadra de 95 m); intersección,-73.245308,10.472903,301.0,2023-08-22,2023-08-22,,
CALLE 17 # 8-46 VALLEDUPAR,EQUIPO052,1,C02:1,agente:1,direccion,domiciliaria,CL 17 × CR 8,,placa 46 m hacia CR 9 (cuadra de 75 m); intersección,-73.245232,10.47324,5.0,2025-05-07,2025-05-07,,
CALLE 17 # 8-56 VALLEDUPAR,EQUIPO052,1,C14:1,agente:1,direccion,domiciliaria,CL 17 × CR 8,,placa 56 m hacia CR 9 (cuadra de 75 m); intersección,-73.245309,10.473191,5.0,2023-09-27,2023-09-27,,
CALLE 17 # 831 VALLEDUPAR,EQUIPO051,1,C14:1,agente:1,gps,sin_punto,CL 17 × CR 831,,vía no está en la referencia: CR 831,-73.244867,10.472457,,2023-03-17,2023-03-17,,
CALLE 17 # 9 - 60 ALCOSER VALLEDUPAR,EQUIPO052,1,C02:1,agente:1,direccion,domiciliaria,CL 17 × CR 9,,placa 60 m hacia CR 10 (cuadra de 130 m); intersección,-73.245915,10.472796,17.0,2024-07-03,2024-07-03,,
CALLE 17 # 9-26,EQUIPO052,1,C02:1,fotodeteccion_previa:1,direccion,domiciliaria,CL 17 × CR 9,,placa 26 m hacia CR 10 (cuadra de 130 m); intersección,-73.245656,10.472966,,2024-09-20,2024-09-20,,
CALLE 16CON12 FRENTE A COLPATRIA VALLEDUPAR,"EQUIPO041, EQUIPO042",1,C02:1,agente:1,direccion,cruce,CL 16 × CR 12,,intersección,-73.249689,10.473496,1449.0,2024-05-10,2024-05-10,,
CARRERA 9 # 17-28,EQUIPO051,1,C02:1,fotodeteccion_previa:1,direccion,domiciliaria,CR 9 × CL 17,,placa 28 m hacia CL 18 (cuadra de 95 m); intersección,-73.245302,10.472896,,2025-01-23,2025-01-23,,
CARRERA 9 # 17-48 VALLEDUPAR,EQUIPO051,1,C02:1,agente:1,direccion,domiciliaria,CR 9 × CL 17,,placa 48 m hacia CL 18 (cuadra de 95 m); intersección,-73.245191,10.472752,2.0,2023-10-03,2023-10-03,,
CARRERA 9 # 17-64 VALLEDUPAR,EQUIPO051,1,C02:1,agente:1,direccion,domiciliaria,CR 9 × CL 17,,placa 64 m hacia CL 18 (cuadra de 95 m); intersección,-73.245102,10.472637,373.0,2023-06-07,2023-06-07,,
CARRERA 9 # 17-86,EQUIPO051,1,C02:1,fotodeteccion_previa:1,direccion,domiciliaria,CR 9 × CL 17,,placa 86 m hacia CL 18 (cuadra de 95 m); intersección,-73.244979,10.47248,,2025-02-14,2025-02-14,,
CARRERA 9 # 1743 VALLEDUPAR,"EQUIPO051, EQUIPO052",1,C02:1,agente:1,gps,sin_punto,CR 9,,dirección de tipo via_sola,-73.245332,10.472902,,2023-05-17,2023-05-17,,
CARRERA 9 # 18 VALLEDUPAR,EQUIPO051,1,C02:1,agente:1,direccion,domiciliaria,CR 9 × CL 18,,placa 8 m hacia CL 19 (cuadra de 106 m); intersección,-73.244885,10.472357,135.0,2025-04-07,2025-04-07,,
CARRERA 9 # 18-05 VALLEDUPAR,EQUIPO051,1,C02:1,agente:1,direccion,domiciliaria,CR 9 × CL 18,,placa 5 m hacia CL 19 (cuadra de 106 m); intersección,-73.244901,10.472378,8.0,2024-12-18,2024-12-18,,
CARRERA 9 # 18-26,EQUIPO051,1,C02:1,fotodeteccion_previa:1,direccion,domiciliaria,CR 9 × CL 18,,placa 26 m hacia CL 19 (cuadra de 106 m); intersección,-73.244786,10.472226,,2025-01-15,2025-01-15,,
CARRERA 9 # CL 17-33 VALLEDUPAR,EQUIPO051,1,C02:1,agente:1,direccion,domiciliaria,CR 9 × CL 17,,placa 33 m hacia CL 18 (cuadra de 95 m); intersección,-73.245274,10.47286,42.0,2023-05-16,2023-05-16,,
CARRERA 9 # N 19-94 ALFRENTE DE LA BOMBA DE GASOLINEL PUMA VALLEDUPAR,EQUIPO051,1,C02:1,agente:1,gps,sin_punto,CR 9,,dirección de tipo via_sola,-73.24475,10.472243,,2024-12-02,2024-12-02,,
CARRERA 9 #16B -52,EQUIPO051,1,C02:1,fotodeteccion_previa:1,direccion,domiciliaria,CR 9 × CL 16 B,,placa 52 m hacia CL 17 (cuadra de 113 m); intersección,-73.245813,10.473521,,2025-02-01,2025-02-01,,
CARRERA 9 #16B-35,EQUIPO051,1,C02:1,fotodeteccion_previa:1,direccion,domiciliaria,CR 9 × CL 16 B,,placa 35 m hacia CL 17 (cuadra de 113 m); intersección,-73.245912,10.473639,,2024-11-06,2024-11-06,,
CARRERA 9 #16B-37,EQUIPO051,1,C02:1,fotodeteccion_previa:1,direccion,domiciliaria,CR 9 × CL 16 B,,placa 37 m hacia CL 17 (cuadra de 113 m); intersección,-73.245901,10.473625,,2024-11-13,2024-11-13,,
CARRERA 9 #16B-37 VALLEDUPAR,EQUIPO051,1,C02:1,agente:1,direccion,domiciliaria,CR 9 × CL 16 B,,placa 37 m hacia CL 17 (cuadra de 113 m); intersección,-73.245901,10.473625,92.0,2025-11-07,2025-11-07,,
CALLE 15 #12-29,EQUIPO042,1,C02:1,fotodeteccion_previa:1,direccion,domiciliaria_cuadra,CL 15 × CR 12,,placa 29; sin cruce con CR 13 a ≤ 250 m; intersección,-73.250206,10.474247,,2024-12-06,2024-12-06,,
CALLE 15 #12-35,EQUIPO042,1,C02:1,fotodeteccion_previa:1,direccion,domiciliaria_cuadra,CL 15 × CR 12,,placa 35; sin cruce con CR 13 a ≤ 250 m; intersección,-73.250206,10.474247,,2025-02-06,2025-02-06,,
CALLE 15 #12-37,EQUIPO042,1,C02:1,fotodeteccion_previa:1,direccion,domiciliaria_cuadra,CL 15 × CR 12,,placa 37; sin cruce con CR 13 a ≤ 250 m; intersección,-73.250206,10.474247,,2024-12-20,2024-12-20,,
CALLE 15 #12-38,EQUIPO042,1,C02:1,fotodeteccion_previa:1,direccion,domiciliaria_cuadra,CL 15 × CR 12,,placa 38; sin cruce con CR 13 a ≤ 250 m; intersección,-73.250206,10.474247,,2024-12-23,2024-12-23,,
CALLE 15 #12-53,EQUIPO042,1,C02:1,fotodeteccion_previa:1,direccion,domiciliaria_cuadra,CL 15 × CR 12,,placa 53; sin cruce con CR 13 a ≤ 250 m; intersección,-73.250206,10.474247,,2025-01-28,2025-01-28,,
CALLE 15 #12-55,EQUIPO042,1,C02:1,fotodeteccion_previa:1,direccion,domiciliaria_cuadra,CL 15 × CR 12,,placa 55; sin cruce con CR 13 a ≤ 250 m; intersección,-73.250206,10.474247,,2024-10-01,2024-10-01,,
CALLE 15 #12-58,EQUIPO042,1,C02:1,fotodeteccion_previa:1,direccion,domiciliaria_cuadra,CL 15 × CR 12,,placa 58; sin cruce con CR 13 a ≤ 250 m; intersección,-73.250206,10.474247,,2025-02-28,2025-02-28,,
CALLE 15 #12-77,EQUIPO042,1,C02:1,fotodeteccion_previa:1,direccion,domiciliaria_cuadra,CL 15 × CR 12,,placa 77; sin cruce con CR 13 a ≤ 250 m; intersección,-73.250206,10.474247,,2025-02-27,2025-02-27,,
CALLE 17 # 8-15 VALLEDUPAR,EQUIPO052,1,C02:1,agente:1,direccion,domiciliaria,CL 17 × CR 8,,placa 15 m hacia CR 9 (cuadra de 75 m); intersección,-73.244994,10.473392,7.0,2023-09-29,2023-09-29,,
CALLE 17 # 8-45 AFUERA DEL ARA CENTRO VALLEDUPAR,EQUIPO052,1,C02:1,agente:1,direccion,domiciliaria,CL 17 × CR 8,,placa 45 m hacia CR 9 (cuadra de 75 m); intersección,-73.245224,10.473245,4.0,2024-04-18,2024-04-18,,
CALLE 17 # 8-45 CENTRO AFUERA DE ALTAMODA DE 5 ESQUINA VALLEDUPAR,EQUIPO052,1,C02:1,agente:1,direccion,domiciliaria,CL 17 × CR 8,,placa 45 m hacia CR 9 (cuadra de 75 m); intersección,-73.245224,10.473245,12.0,2024-05-11,2024-05-11,,
CALLE 17 # 8-45 LA BIÑA VALLEDUPAR,EQUIPO052,1,C02:1,agente:1,direccion,domiciliaria,CL 17 × CR 8,,placa 45 m hacia CR 9 (cuadra de 75 m); intersección,-73.245224,10.473245,3.0,2024-04-18,2024-04-18,,
CALLE 16CON12-55 VALLEDUPAR,"EQUIPO041, EQUIPO042",1,C02:1,agente:1,direccion,cruce,CL 16 × CR 12,,intersección,-73.249689,10.473496,7.0,2023-08-09,2023-08-09,,
CALLE 16CON12DAVIVIENDA GOBENACION VALLEDUPAR,"EQUIPO041, EQUIPO042",1,C02:1,agente:1,direccion,cruce,CL 16 × CR 12,,intersección,-73.249689,10.473496,130.0,2025-03-04,2025-03-04,,
CALLE 16N#8/45 VALLEDUPAR,EQUIPO052,1,C02:1,agente:1,gps,sin_punto,CL 16 N × CR 8,,vía no está en la referencia: CL 16 N,-73.24516,10.473323,,2024-02-20,2024-02-20,,
CALLE 16PLAZOLETA DE LA GOBERNACION VALLEDUPAR,EQUIPO041,1,C02:1,agente:1,gps,sin_punto,CL 16,,dirección de tipo via_sola,-73.250333,10.473045,,2024-10-15,2024-10-15,,
CALLE 17 # 6A-51 POR 5 ESQUINAS CENTRO VALLEDUPAR,EQUIPO052,1,C35:1,agente:1,gps,sin_punto,CL 17 × CR 6 A,,no se cruzan (más cerca: 366 m),-73.244543,10.473752,,2025-03-08,2025-03-08,,
CALLE 17 # 6A-51 VALLEDUPAR,EQUIPO052,1,C02:1,agente:1,gps,sin_punto,CL 17 × CR 6 A,,no se cruzan (más cerca: 366 m),-73.24454,10.47389,,2025-08-26,2025-08-26,,
CALLE 17 # 7-100 VALLEDUPAR,EQUIPO052,1,D05:1,agente:1,direccion,domiciliaria,CL 17 × CR 7,,placa 100 m hacia CR 8 (cuadra de 146 m); intersección,-73.244526,10.473694,410.0,2023-10-20,2023-10-20,,
CALLE 17 # 7-106 VALLEDUPAR,EQUIPO052,1,C02:1,agente:1,direccion,domiciliaria,CL 17 × CR 7,,placa 106 m hacia CR 8 (cuadra de 146 m); intersección,-73.244572,10.473664,42.0,2024-09-12,2024-09-12,,
CALLE 17 # 7-92 VALLEDUPAR,EQUIPO052,1,C02:1,agente:1,direccion,domiciliaria,CL 17 × CR 7,,placa 92 m hacia CR 8 (cuadra de 146 m); intersección,-73.244465,10.473734,7.0,2023-08-16,2023-08-16,,
CALLE 17 # 8 - 06 VALLEDUPAR,EQUIPO052,1,C02:1,agente:1,direccion,domiciliaria,CL 17 × CR 8,,placa 6 m hacia CR 9 (cuadra de 75 m); intersección,-73.244924,10.473436,4.0,2023-09-23,2023-09-23,,
CALLE 16ACON 13 MOVISTAR VALLEDUPAR,EQUIPO042,1,C02:1,agente:1,gps,sin_punto,CL 16,,dirección de tipo via_sola,-73.249247,10.47248,,2023-08-24,2023-08-24,,
CALLE 15 #12FRENTE ALA 3 VALLEDUPAR,EQUIPO042,1,C02:1,agente:1,direccion,domiciliaria_cuadra,CL 15 × CR 12,,placa 2; sin cruce con CR 13 a ≤ 250 m; intersección,-73.250206,10.474247,8.0,2025-03-05,2025-03-05,,
CALLE 15 12-11 OBRERO VALLEDUPAR,EQUIPO042,1,C02:1,fotodeteccion_previa:1,direccion,domiciliaria_cuadra,CL 15 × CR 12,,placa 11; sin cruce con CR 13 a ≤ 250 m; intersección,-73.250206,10.474247,,2024-07-26,2024-07-26,,
CARRERA 9 #16B-40,EQUIPO051,1,C02:1,fotodeteccion_previa:1,direccion,domiciliaria,CR 9 × CL 16 B,,placa 40 m hacia CL 17 (cuadra de 113 m); intersección,-73.245883,10.473604,,2025-01-17,2025-01-17,,
CARRERA 9 #16B-43,EQUIPO051,1,C02:1,fotodeteccion_previa:1,direccion,domiciliaria,CR 9 × CL 16 B,,placa 43 m hacia CL 17 (cuadra de 113 m); intersección,-73.245866,10.473583,,2024-11-14,2024-11-14,,
CARRERA 9 #16B-45,EQUIPO051,1,C02:1,fotodeteccion_previa:1,direccion,domiciliaria,CR 9 × CL 16 B,,placa 45 m hacia CL 17 (cuadra de 113 m); intersección,-73.245854,10.473569,,2024-10-02,2024-10-02,,
CALLE 16B 7 17CALLENONDE LOS TUCOS VALLEDUPAR,EQUIPO052,1,D02:1,agente:1,gps,sin_punto,CL 16 B,,dirección de tipo via_sola,-73.244653,10.473683,,2024-10-07,2024-10-07,,
CALLE 16B#96-12 VALLEDUPAR,"EQUIPO041, EQUIPO042",1,C02:1,agente:1,gps,sin_punto,CL 16 B × CR 96,,vía no está en la referencia: CR 96,-73.249762,10.47336,,2024-06-07,2024-06-07,,
CALLE 16BCON 12 VALLEDUPAR,EQUIPO042,1,C32:1,agente:1,gps,sin_punto,CL 16,,dirección de tipo via_sola,-73.249035,10.472575,,2024-06-27,2024-06-27,,
CALLE 16CON 12 SEMAFORO VALLEDUPAR,"EQUIPO041, EQUIPO042",1,C15:1,agente:1,direccion,cruce,CL 16 × CR 12,,intersección,-73.249689,10.473496,3175.0,2024-05-31,2024-05-31,,
CALLE 16CON 12-67 VALLEDUPAR,"EQUIPO041, EQUIPO042",1,C02:1,agente:1,direccion,cruce,CL 16 × CR 12,,intersección,-73.249689,10.473496,84.0,2023-07-28,2023-07-28,,
CALLE 16CON 32 FRENTE A DAVIVIENDA VALLEDUPAR,EQUIPO041,1,C02:1,agente:1,gps,sin_punto,CL 16 × CR 32,,no se cruzan (más cerca: 489 m),-73.25054,10.472812,,2023-07-31,2023-07-31,,
CALLE 16CON 32 VALLEDUPAR,EQUIPO041,1,C24:1,agente:1,gps,sin_punto,CL 16 × CR 32,,no se cruzan (más cerca: 489 m),-73.25039,10.472785,,2023-07-31,2023-07-31,,
CALLE 16CON CARRERAS12 VALLEDUPAR,EQUIPO041,1,D05:1,agente:1,gps,sin_punto,CL 16,,dirección de tipo via_sola,-73.250257,10.472863,,2023-08-02,2023-08-02,,
CALLE 16A 12-15,EQUIPO042,1,C02:1,fotodeteccion_previa:1,direccion,domiciliaria,CL 16 A × CR 12,,placa 15 m hacia CR 13 (cuadra de 124 m); intersección,-73.249217,10.472525,,2024-03-15,2024-03-15,,
CARRERA 9 #16B-55,EQUIPO051,1,C02:1,fotodeteccion_previa:1,direccion,domiciliaria,CR 9 × CL 16 B,,placa 55 m hacia CL 17 (cuadra de 113 m); intersección,-73.245796,10.4735,,2024-10-11,2024-10-11,,
CARRERA 9 #16B-57,EQUIPO051,1,C02:1,fotodeteccion_previa:1,direccion,domiciliaria,CR 9 × CL 16 B,,placa 57 m hacia CL 17 (cuadra de 113 m); intersección,-73.245784,10.473486,,2024-12-06,2024-12-06,,
CARRERA 9 #16B-58 VALLEDUPAR,EQUIPO051,1,C02:1,agente:1,direccion,domiciliaria,CR 9 × CL 16 B,,placa 58 m hacia CL 17 (cuadra de 113 m); intersección,-73.245778,10.473479,39.0,2023-04-12,2023-04-12,,
CARRERA 9 #16B-59,EQUIPO051,1,C02:1,fotodeteccion_previa:1,direccion,domiciliaria,CR 9 × CL 16 B,,placa 59 m hacia CL 17 (cuadra de 113 m); intersección,-73.245772,10.473472,,2025-01-28,2025-01-28,,
CARRERA 9 #16B-66,EQUIPO051,1,C02:1,fotodeteccion_previa:1,direccion,domiciliaria,CR 9 × CL 16 B,,placa 66 m hacia CL 17 (cuadra de 113 m); intersección,-73.245731,10.473423,,2025-01-08,2025-01-08,,
CARRERA 9 #16B-76,EQUIPO051,1,C02:1,fotodeteccion_previa:1,direccion,domiciliaria,CR 9 × CL 16 B,,placa 76 m hacia CL 17 (cuadra de 113 m); intersección,-73.245673,10.473353,,2025-02-21,2025-02-21,,
CALLE 15 #12-78,EQUIPO042,1,C02:1,fotodeteccion_previa:1,direccion,domiciliaria_cuadra,CL 15 × CR 12,,placa 78; sin cruce con CR 13 a ≤ 250 m; intersección,-73.250206,10.474247,,2024-12-04,2024-12-04,,
CALLE 16A#12-05 VALLEDUPAR,EQUIPO042,1,C31:1,agente:1,direccion,domiciliaria,CL 16 A × CR 12,,placa 5 m hacia CR 13 (cuadra de 124 m); intersección,-73.249141,10.472575,12.0,2023-07-28,2023-07-28,,
CALLE 16A#12-INSTITO MINISTERIO TRANSPORTE VALLEDUPAR,EQUIPO042,1,C02:1,agente:1,direccion,domiciliaria,CL 16 A × CR 12,,placa 2 m hacia CR 13 (cuadra de 124 m); intersección,-73.249118,10.47259,103.0,2024-08-21,2024-08-21,,
CALLE 16A. #12 VALLEDUPAR,EQUIPO042,1,D02:1,agente:1,gps,sin_punto,CL 16 A,,dirección de tipo via_sola,-73.249325,10.472463,,2024-09-24,2024-09-24,,
CALLE 16A # 1236 VALLEDUPAR,EQUIPO041,1,C02:1,agente:1,gps,sin_punto,CL 16 A,,dirección de tipo via_sola,-73.249947,10.473208,,2023-10-30,2023-10-30,,
CARRERA 9 #16B-82,EQUIPO051,1,C02:1,fotodeteccion_previa:1,direccion,domiciliaria,CR 9 × CL 16 B,,placa 82 m hacia CL 17 (cuadra de 113 m); intersección,-73.245638,10.473312,,2025-02-22,2025-02-22,,
CARRERA 9 #16B-85 VALLEDUPAR,EQUIPO051,1,C02:1,agente:1,direccion,domiciliaria,CR 9 × CL 16 B,,placa 85 m hacia CL 17 (cuadra de 113 m); intersección,-73.245621,10.473291,42.0,2025-10-30,2025-10-30,,
CARRERA 9 #17 -31 VALLEDUPAR,EQUIPO051,1,C02:1,agente:1,direccion,domiciliaria,CR 9 × CL 17,,placa 31 m hacia CL 18 (cuadra de 95 m); intersección,-73.245285,10.472874,12.0,2024-04-16,2024-04-16,,
CARRERA 9 #17-06,"EQUIPO051, EQUIPO052",1,C02:1,fotodeteccion_previa:1,direccion,domiciliaria,CR 9 × CL 17,,placa 6 m hacia CL 18 (cuadra de 95 m); intersección,-73.245425,10.473054,,2024-10-25,2024-10-25,,
CARRERA 9 #17-10,"EQUIPO051, EQUIPO052",1,C02:1,fotodeteccion_previa:1,direccion,domiciliaria,CR 9 × CL 17,,placa 10 m hacia CL 18 (cuadra de 95 m); intersección,-73.245402,10.473025,,2025-01-04,2025-01-04,,
CARRERA 9 #17-16 VALLEDUPAR,EQUIPO051,1,H03:1,agente:1,direccion,domiciliaria,CR 9 × CL 17,,placa 16 m hacia CL 18 (cuadra de 95 m); intersección,-73.245369,10.472982,457.0,2023-07-05,2023-07-05,,
CARRERA 9 #17-19,EQUIPO051,1,C02:1,fotodeteccion_previa:1,direccion,domiciliaria,CR 9 × CL 17,,placa 19 m hacia CL 18 (cuadra de 95 m); intersección,-73.245352,10.47296,,2024-12-10,2024-12-10,,
CARRERA 9 #17-20,EQUIPO051,1,C02:1,fotodeteccion_previa:1,direccion,domiciliaria,CR 9 × CL 17,,placa 20 m hacia CL 18 (cuadra de 95 m); intersección,-73.245347,10.472953,,2025-01-10,2025-01-10,,
CARRERA 9 #17-23,EQUIPO051,1,C02:1,fotodeteccion_previa:1,direccion,domiciliaria,CR 9 × CL 17,,placa 23 m hacia CL 18 (cuadra de 95 m); intersección,-73.24533,10.472932,,2024-11-05,2024-11-05,,
CARRERA 9 #17-25,EQUIPO051,1,C02:1,fotodeteccion_previa:1,direccion,domiciliaria,CR 9 × CL 17,,placa 25 m hacia CL 18 (cuadra de 95 m); intersección,-73.245319,10.472917,,2024-12-09,2024-12-09,,
CALLE 16ACON11 COL LOPERENA VALLEDUPAR,EQUIPO042,1,C02:1,agente:1,gps,sin_punto,CL 16,,dirección de tipo via_sola,-73.248937,10.472722,,2024-04-12,2024-04-12,,
CALLE 16B # 1297 VALLEDUPAR,EQUIPO042,1,C02:1,agente:1,gps,sin_punto,CL 16 B,,dirección de tipo via_sola,-73.249138,10.472532,,2023-10-12,2023-10-12,,
CALLE 16A #12-14,EQUIPO042,1,C02:1,fotodeteccion_previa:1,direccion,domiciliaria,CL 16 A × CR 12,,placa 14 m hacia CR 13 (cuadra de 124 m); intersección,-73.249209,10.47253,,2024-12-09,2024-12-09,,
CALLE 16A 12-06,EQUIPO042,1,C02:1,fotodeteccion_previa:1,direccion,domiciliaria,CL 16 A × CR 12,,placa 6 m hacia CR 13 (cuadra de 124 m); intersección,-73.249148,10.47257,,2024-05-10,2024-05-10,,
CARRERA 9 #17-32,EQUIPO051,1,C02:1,fotodeteccion_previa:1,direccion,domiciliaria,CR 9 × CL 17,,placa 32 m hacia CL 18 (cuadra de 95 m); intersección,-73.24528,10.472867,,2025-02-12,2025-02-12,,
CARRERA 9 #17-34,EQUIPO051,1,C02:1,fotodeteccion_previa:1,direccion,domiciliaria,CR 9 × CL 17,,placa 34 m hacia CL 18 (cuadra de 95 m); intersección,-73.245269,10.472853,,2024-12-17,2024-12-17,,
CARRERA 9 #17-36,EQUIPO051,1,C02:1,fotodeteccion_previa:1,direccion,domiciliaria,CR 9 × CL 17,,placa 36 m hacia CL 18 (cuadra de 95 m); intersección,-73.245258,10.472838,,2024-12-20,2024-12-20,,
CARRERA 9 #17-40,EQUIPO051,1,C02:1,fotodeteccion_previa:1,direccion,domiciliaria,CR 9 × CL 17,,placa 40 m hacia CL 18 (cuadra de 95 m); intersección,-73.245235,10.47281,,2025-01-17,2025-01-17,,
CARRERA 9 #17-49,EQUIPO051,1,C02:1,fotodeteccion_previa:1,direccion,domiciliaria,CR 9 × CL 17,,placa 49 m hacia CL 18 (cuadra de 95 m); intersección,-73.245185,10.472745,,2024-11-13,2024-11-13,,
CARRERA 9 #17-53,EQUIPO051,1,C02:1,fotodeteccion_previa:1,direccion,domiciliaria,CR 9 × CL 17,,placa 53 m hacia CL 18 (cuadra de 95 m); intersección,-73.245163,10.472716,,2024-11-28,2024-11-28,,
CALLE 16A CARRERA 12 LE3339,EQUIPO042,1,C02:1,fotodeteccion_previa:1,direccion,cruce,CL 16 A × CR 12,,intersección,-73.249103,10.4726,,2024-09-04,2024-09-04,,
CALLE 16A CON CARRERA 12,EQUIPO042,1,C02:1,fotodeteccion_previa:1,direccion,cruce,CL 16 A × CR 12,,intersección,-73.249103,10.4726,,2024-03-22,2024-03-22,,
CALLE 16A CON CARRERA 12 VALLEDUPAR,EQUIPO042,1,C02:1,agente:1,direccion,cruce,CL 16 A × CR 12,,intersección,-73.249103,10.4726,72.0,2025-01-31,2025-01-31,,
CALLE 16A CON12 VALLEDUPAR,EQUIPO042,1,D02:1,agente:1,direccion,cruce,CL 16 A × CR 12,,intersección,-73.249103,10.4726,97.0,2024-07-02,2024-07-02,,
CALLE 16A CR12 MINTRANSPORTE VALLEDUPAR,EQUIPO042,1,C02:1,agente:1,direccion,cruce,CL 16 A × CR 12,,intersección,-73.249103,10.4726,235.0,2024-04-12,2024-04-12,,
CALLE 16A# 12 -ENTRADA COMEDOR PARROQUIAL VALLEDUPAR,EQUIPO042,1,C02:1,agente:1,direccion,domiciliaria,CL 16 A × CR 12,,placa 2 m hacia CR 13 (cuadra de 124 m); intersección,-73.249118,10.47259,70.0,2024-06-07,2024-06-07,,
CALLE 16A# 12-05 VALLEDUPAR,EQUIPO042,1,C31:1,agente:1,direccion,domiciliaria,CL 16 A × CR 12,,placa 5 m hacia CR 13 (cuadra de 124 m); intersección,-73.249141,10.472575,13.0,2023-09-13,2023-09-13,,
CALLE 16A# CON CRA 12 VALLEDUPAR,EQUIPO042,1,C02:1,agente:1,direccion,cruce,CL 16 A × CR 12,,intersección,-73.249103,10.4726,89.0,2023-08-30,2023-08-30,,
CARRERA 9 16B-47,EQUIPO051,1,C02:1,fotodeteccion_previa:1,direccion,domiciliaria,CR 9 × CL 16 B,,placa 47 m hacia CL 17 (cuadra de 113 m); intersección,-73.245842,10.473556,,2024-08-10,2024-08-10,,
CARRERA 9 16B-55,EQUIPO051,1,C02:1,fotodeteccion_previa:1,direccion,domiciliaria,CR 9 × CL 16 B,,placa 55 m hacia CL 17 (cuadra de 113 m); intersección,-73.245796,10.4735,,2024-07-03,2024-07-03,,
CARRERA 9 #17-54,EQUIPO051,1,C02:1,fotodeteccion_previa:1,direccion,domiciliaria,CR 9 × CL 17,,placa 54 m hacia CL 18 (cuadra de 95 m); intersección,-73.245157,10.472709,,2025-02-14,2025-02-14,,
CARRERA 9 #17-56 VALLEDUPAR,EQUIPO051,1,C02:1,agente:1,direccion,domiciliaria,CR 9 × CL 17,,placa 56 m hacia CL 18 (cuadra de 95 m); intersección,-73.245146,10.472695,5.0,2023-08-25,2023-08-25,,
CARRERA 9 #17-59,EQUIPO051,1,C02:1,fotodeteccion_previa:1,direccion,domiciliaria,CR 9 × CL 17,,placa 59 m hacia CL 18 (cuadra de 95 m); intersección,-73.24513,10.472673,,2024-12-19,2024-12-19,,
CARRERA 9 #17-69,EQUIPO051,1,C02:1,fotodeteccion_previa:1,direccion,domiciliaria,CR 9 × CL 17,,placa 69 m hacia CL 18 (cuadra de 95 m); intersección,-73.245074,10.472602,,2025-01-11,2025-01-11,,
CARRERA 9 #17-84,EQUIPO051,1,C02:1,fotodeteccion_previa:1,direccion,domiciliaria,CR 9 × CL 17,,placa 84 m hacia CL 18 (cuadra de 95 m); intersección,-73.24499,10.472494,,2025-02-22,2025-02-22,,
CARRERA 9 #17-90,EQUIPO051,1,C02:1,fotodeteccion_previa:1,direccion,domiciliaria,CR 9 × CL 17,,placa 90 m hacia CL 18 (cuadra de 95 m); intersección,-73.244957,10.472451,,2024-10-07,2024-10-07,,
CALLE 16A # 1236AFUERA DEL BIENESTAR FAMILIAR VALLEDUPAR,EQUIPO042,1,C02:1,agente:1,gps,sin_punto,CL 16 A,,dirección de tipo via_sola,-73.24933,10.472538,,2024-07-05,2024-07-05,,
CALLE 16A # 1236MOVISTAR VALLEDUPAR,EQUIPO042,1,C02:1,agente:1,gps,sin_punto,CL 16 A,,dirección de tipo via_sola,-73.249283,10.472398,,2025-04-15,2025-04-15,,
CALLE 16A # 1236UPARSISTEM VALLEDUPAR,EQUIPO042,1,C02:1,agente:1,gps,sin_punto,CL 16 A,,dirección de tipo via_sola,-73.249352,10.4725,,2023-04-11,2023-04-11,,
CALLE 16A # LOCAL 2 VALLEDUPAR,EQUIPO041,1,D03:1,agente:1,gps,sin_punto,CL 16 A,,dirección de tipo via_sola,-73.250397,10.47245,,2025-04-11,2025-04-11,,
CALLE 16A #11A-51,EQUIPO042,1,C02:1,fotodeteccion_previa:1,direccion,domiciliaria,CL 16 A × CR 11 A,,placa 51 m hacia CR 12 (cuadra de 37 m); intersección,-73.249103,10.4726,,2025-01-21,2025-01-21,,
CALLE 16A #11A-67,EQUIPO042,1,C02:1,fotodeteccion_previa:1,direccion,domiciliaria,CL 16 A × CR 11 A,,placa 67 m hacia CR 12 (cuadra de 37 m); intersección,-73.249103,10.4726,,2025-01-22,2025-01-22,,
CALLE 16A #12-08,EQUIPO042,1,C02:1,fotodeteccion_previa:1,direccion,domiciliaria,CL 16 A × CR 12,,placa 8 m hacia CR 13 (cuadra de 124 m); intersección,-73.249163,10.47256,,2024-12-10,2024-12-10,,
CALLE 16A #12-12,EQUIPO042,1,C02:1,fotodeteccion_previa:1,direccion,domiciliaria,CL 16 A × CR 12,,placa 12 m hacia CR 13 (cuadra de 124 m); intersección,-73.249194,10.47254,,2025-02-20,2025-02-20,,
CALLE 16#11-80 VALLEDUPAR,EQUIPO041,1,C02:1,agente:1,direccion,domiciliaria,CL 16 × CR 11,,placa 80 m hacia CR 12 (cuadra de 164 m); intersección,-73.249047,10.473919,206.0,2024-04-19,2024-04-19,,
CALLE 16#12 BANCO DAVIVIENDA VALLEDUPAR,"EQUIPO041, EQUIPO042",1,C02:1,agente:1,direccion,domiciliaria,CL 16 × CR 12,,placa 2 m hacia CR 13 (cuadra de 167 m); intersección,-73.249699,10.473481,125.0,2024-06-19,2024-06-19,,
CALLE 16#12 FRENTE BANCO DAVIVIENDA VALLEDUPAR,"EQUIPO041, EQUIPO042",1,C02:1,agente:1,direccion,domiciliaria,CL 16 × CR 12,,placa 2 m hacia CR 13 (cuadra de 167 m); intersección,-73.249699,10.473481,86.0,2024-07-09,2024-07-09,,
CALLE 16#12 PLAZOLETA. VALLEDUPAR,"EQUIPO041, EQUIPO042",1,C35:1,agente:1,direccion,domiciliaria,CL 16 × CR 12,,placa 2 m hacia CR 13 (cuadra de 167 m); intersección,-73.249699,10.473481,86.0,2024-06-07,2024-06-07,,
CALLE 16#12-15 VALLEDUPAR,"EQUIPO041, EQUIPO042",1,C02:1,agente:1,direccion,domiciliaria,CL 16 × CR 12,,placa 15 m hacia CR 13 (cuadra de 167 m); intersección,-73.249763,10.473382,58.0,2024-07-08,2024-07-08,,
CALLE 16#12...BANCO DAVIVIENDA VALLEDUPAR,"EQUIPO041, EQUIPO042",1,C02:1,agente:1,direccion,domiciliaria,CL 16 × CR 12,,placa 2 m hacia CR 13 (cuadra de 167 m); intersección,-73.249699,10.473481,132.0,2024-05-30,2024-05-30,,
CALLE 16-12-83 VALLEDUPAR,"EQUIPO041, EQUIPO042",1,C02:1,agente:1,direccion,cruce,CL 16 × CR 12,,intersección,-73.249689,10.473496,121.0,2023-08-02,2023-08-02,,
CALLE 16A # 1206 VALLEDUPAR,EQUIPO041,1,C02:1,agente:1,gps,sin_punto,CL 16 A,,dirección de tipo via_sola,-73.248977,10.47407,,2023-10-09,2023-10-09,,
CALLE 16 CON CARRERA 12 GOBERNACION VALLEDUPAR,"EQUIPO041, EQUIPO042",1,C02:1,agente:1,direccion,cruce,CL 16 × CR 12,,intersección,-73.249689,10.473496,49.0,2023-08-15,2023-08-15,,
CARRERA 9 #18-13 VALLEDUPAR,EQUIPO051,1,C02:1,agente:1,direccion,domiciliaria,CR 9 × CL 18,,placa 13 m hacia CL 19 (cuadra de 106 m); intersección,-73.244857,10.47232,11.0,2023-06-15,2023-06-15,,
CARRERA 9 #18-14,EQUIPO051,1,C02:1,fotodeteccion_previa:1,direccion,domiciliaria,CR 9 × CL 18,,placa 14 m hacia CL 19 (cuadra de 106 m); intersección,-73.244852,10.472313,,2025-01-11,2025-01-11,,
CARRERA 9 #18-17,EQUIPO051,1,C02:1,fotodeteccion_previa:1,direccion,domiciliaria,CR 9 × CL 18,,placa 17 m hacia CL 19 (cuadra de 106 m); intersección,-73.244835,10.472292,,2025-01-09,2025-01-09,,
CARRERA 9 #18-25,EQUIPO051,1,C02:1,fotodeteccion_previa:1,direccion,domiciliaria,CR 9 × CL 18,,placa 25 m hacia CL 19 (cuadra de 106 m); intersección,-73.244791,10.472234,,2024-10-10,2024-10-10,,
CARRERA 9 #18-26,EQUIPO051,1,C02:1,fotodeteccion_previa:1,direccion,domiciliaria,CR 9 × CL 18,,placa 26 m hacia CL 19 (cuadra de 106 m); intersección,-73.244786,10.472226,,2024-12-20,2024-12-20,,
CARRERA 9 16B-107,EQUIPO051,1,C02:1,fotodeteccion_previa:1,direccion,domiciliaria,CR 9 × CL 16 B,,placa 107 m hacia CL 17 (cuadra de 113 m); intersección,-73.245492,10.473138,,2024-07-26,2024-07-26,,
CARRERA 9 16B-45,EQUIPO051,1,C02:1,fotodeteccion_previa:1,direccion,domiciliaria,CR 9 × CL 16 B,,placa 45 m hacia CL 17 (cuadra de 113 m); intersección,-73.245854,10.473569,,2024-08-20,2024-08-20,,
CARRERA 9 18-23,EQUIPO051,1,C02:1,fotodeteccion_previa:1,direccion,domiciliaria,CR 9 × CL 18,,placa 23 m hacia CL 19 (cuadra de 106 m); intersección,-73.244802,10.472248,,2024-06-17,2024-06-17,,
CARRERA 9 CALLE 16B N 9-91 VALLEDUPAR,EQUIPO051,1,C02:1,agente:1,direccion,domiciliaria,CR 9 × CL 16 B,,placa 91 m hacia CL 17 (cuadra de 113 m); intersección,-73.245586,10.473249,136.0,2023-12-10,2023-12-10,,
CARRERA 9 CALLE 17,"EQUIPO051, EQUIPO052",1,C02:1,fotodeteccion_previa:1,direccion,cruce,CR 9 × CL 17,,intersección,-73.245458,10.473097,,2024-06-22,2024-06-22,,
CARRERA 9 CALLE 17 Y 18 ESQUINA VALLEDUPAR,"EQUIPO051, EQUIPO052",1,C02:1,agente:1,direccion,cruce,CR 9 × CL 17,,intersección,-73.245458,10.473097,210.0,2024-06-13,2024-06-13,,
CARRERA 9 CALLE 17-45,EQUIPO051,1,C02:1,fotodeteccion_previa:1,direccion,domiciliaria,CR 9 × CL 17,,placa 45 m hacia CL 18 (cuadra de 95 m); intersección,-73.245208,10.472774,,2024-07-03,2024-07-03,,
CARRERA 9 CALLE 18 LE3339,EQUIPO051,1,C02:1,fotodeteccion_previa:1,direccion,cruce,CR 9 × CL 18,,intersección,-73.244929,10.472415,,2024-08-28,2024-08-28,,
CARRERA 9 16B-56,EQUIPO051,1,C02:1,fotodeteccion_previa:1,direccion,domiciliaria,CR 9 × CL 16 B,,placa 56 m hacia CL 17 (cuadra de 113 m); intersección,-73.24579,10.473493,,2024-07-10,2024-07-10,,
CARRERA 9 16B37 VALLEDUPAR,EQUIPO051,1,C02:1,agente:1,gps,sin_punto,CR 9,,dirección de tipo via_sola,-73.245823,10.473623,,2024-04-29,2024-04-29,,
CARRERA 9 17-06,"EQUIPO051, EQUIPO052",1,C02:1,fotodeteccion_previa:1,direccion,domiciliaria,CR 9 × CL 17,,placa 6 m hacia CL 18 (cuadra de 95 m); intersección,-73.245425,10.473054,,2024-05-27,2024-05-27,,
CARRERA 9 17-26,EQUIPO051,1,C02:1,fotodeteccion_previa:1,direccion,domiciliaria,CR 9 × CL 17,,placa 26 m hacia CL 18 (cuadra de 95 m); intersección,-73.245313,10.47291,,2024-06-21,2024-06-21,,
CARRERA 9 17-40,EQUIPO051,1,C02:1,fotodeteccion_previa:1,direccion,domiciliaria,CR 9 × CL 17,,placa 40 m hacia CL 18 (cuadra de 95 m); intersección,-73.245235,10.47281,,2024-06-08,2024-06-08,,
CARRERA 9 17-43,EQUIPO051,1,C02:1,fotodeteccion_previa:1,direccion,domiciliaria,CR 9 × CL 17,,placa 43 m hacia CL 18 (cuadra de 95 m); intersección,-73.245219,10.472788,,2024-04-05,2024-04-05,,
CARRERA 9 #18-11,EQUIPO051,1,C02:1,fotodeteccion_previa:1,direccion,domiciliaria,CR 9 × CL 18,,placa 11 m hacia CL 19 (cuadra de 106 m); intersección,-73.244868,10.472335,,2025-02-12,2025-02-12,,
CALLE 16 N 12 VALLEDUPAR,"EQUIPO041, EQUIPO042",1,A05:1,agente:1,direccion,domiciliaria,CL 16 × CR 12,,placa 2 m hacia CR 13 (cuadra de 167 m); intersección,-73.249699,10.473481,50.0,2023-12-11,2023-12-11,,
CALLE 16 QUE VALLEDUPAR,EQUIPO041,1,C02:1,agente:1,gps,sin_punto,CL 16,,dirección de tipo via_sola,-73.249907,10.473052,,2025-03-11,2025-03-11,,
CALLE 16 VALLEDUPAR,EQUIPO041,1,C02:1,agente:1,gps,sin_punto,CL 16,,dirección de tipo via_sola,-73.25024,10.472828,,2023-07-10,2023-07-10,,
CALLE 16 CON CRA 11A,EQUIPO041,1,C02:1,fotodeteccion_previa:1,direccion,cruce,CL 16 × CR 11 A,,intersección,-73.249066,10.473944,,2025-03-18,2025-03-18,,
CALLE 16 CON CRA 12 PARADA DE BUS DE LA GOBERNACION VALLEDUPAR,"EQUIPO041, EQUIPO042",1,C02:1,agente:1,direccion,cruce,CL 16 × CR 12,,intersección,-73.249689,10.473496,94.0,2024-04-08,2024-04-08,,
CALLE 16 CON CRA12 VALLEDUPAR,"EQUIPO041, EQUIPO042",1,D04:1,agente:1,direccion,cruce,CL 16 × CR 12,,intersección,-73.249689,10.473496,16.0,2024-06-17,2024-06-17,,
CALLE 16 CR 12 DAVIVIENDA VALLEDUPAR,"EQUIPO041, EQUIPO042",1,C02:1,agente:1,direccion,cruce,CL 16 × CR 12,,intersección,-73.249689,10.473496,113.0,2024-07-02,2024-07-02,,
CALLE 16 CRA 12 DAVIVIENDA VALLEDUPAR,"EQUIPO041, EQUIPO042",1,C02:1,agente:1,direccion,cruce,CL 16 × CR 12,,intersección,-73.249689,10.473496,139.0,2025-03-04,2025-03-04,,
CALLE 16 CRA 12 ESQUINA VALLEDUPAR,"EQUIPO041, EQUIPO042",1,D04:1,agente:1,direccion,cruce,CL 16 × CR 12,,intersección,-73.249689,10.473496,19.0,2023-07-27,2023-07-27,,
CALLE 16 CRA 12 FRENTE A LA GOBERNACION VALLEDUPAR,"EQUIPO041, EQUIPO042",1,C02:1,agente:1,direccion,cruce,CL 16 × CR 12,,intersección,-73.249689,10.473496,155.0,2024-10-15,2024-10-15,,
CALLE 16 CRA 12 VALLEDUPAR,"EQUIPO041, EQUIPO042",1,C02:1,agente:1,direccion,cruce,CL 16 × CR 12,,intersección,-73.249689,10.473496,178.0,2025-10-20,2025-10-20,,
CALLE 16 FRENTE AL BANCO COLPATRIA VALLEDUPAR,EQUIPO041,1,C02:1,agente:1,gps,sin_punto,CL 16,,dirección de tipo via_sola,-73.25001,10.473388,,2024-04-18,2024-04-18,,
CALLE 16 FRENTE ALA GOBERNACION DEL CESAR VALLEDUPAR,EQUIPO041,1,C02:1,agente:1,gps,sin_punto,CL 16,,dirección de tipo via_sola,-73.250213,10.472889,,2024-07-08,2024-07-08,,
CALLE 16 FRENTE ALA GOBERNACION VALLEDUPAR,EQUIPO041,1,C31:1,agente:1,gps,sin_punto,CL 16,,dirección de tipo via_sola,-73.250238,10.473092,,2023-11-18,2023-11-18,,
CALLE 16 FRENTE DE LA VALLEDUPAR,EQUIPO041,1,C02:1,agente:1,gps,sin_punto,CL 16,,dirección de tipo via_sola,-73.250172,10.47293,,2025-03-20,2025-03-20,,
CALLE 16 A CRA 12,EQUIPO042,1,C02:1,fotodeteccion_previa:1,direccion,cruce,CL 16 A × CR 12,,intersección,-73.249103,10.4726,,2025-03-07,2025-03-07,,
CARRERA 9 18 -26,EQUIPO051,1,C02:1,fotodeteccion_previa:1,direccion,domiciliaria,CR 9 × CL 18,,placa 26 m hacia CL 19 (cuadra de 106 m); intersección,-73.244786,10.472226,,2024-06-21,2024-06-21,,
CARRERA 9 18-01,EQUIPO051,1,C02:1,fotodeteccion_previa:1,direccion,domiciliaria,CR 9 × CL 18,,placa 1 m hacia CL 19 (cuadra de 106 m); intersección,-73.244923,10.472407,,2024-06-22,2024-06-22,,
CARRERA 9 18-03,EQUIPO051,1,C02:1,fotodeteccion_previa:1,direccion,domiciliaria,CR 9 × CL 18,,placa 3 m hacia CL 19 (cuadra de 106 m); intersección,-73.244912,10.472393,,2024-05-21,2024-05-21,,
CARRERA 9#16B48 VALLEDUPAR,EQUIPO051,1,C02:1,agente:1,direccion,domiciliaria,CR 9 × CL 16 B,,placa 48 m hacia CL 17 (cuadra de 113 m); intersección,-73.245836,10.473549,110.0,2025-01-18,2025-01-18,,
CARRERA 9#16B51 VALLEDUPAR,EQUIPO051,1,C02:1,agente:1,direccion,domiciliaria,CR 9 × CL 16 B,,placa 51 m hacia CL 17 (cuadra de 113 m); intersección,-73.245819,10.473528,3.0,2024-08-20,2024-08-20,,
CARRERA 9#16B72 VALLEDUPAR,EQUIPO051,1,C35:1,agente:1,direccion,domiciliaria,CR 9 × CL 16 B,,placa 72 m hacia CL 17 (cuadra de 113 m); intersección,-73.245696,10.473381,9.0,2024-05-21,2024-05-21,,
CARRERA 9 CALLE 18 VALLEDUPAR,EQUIPO051,1,C02:1,agente:1,direccion,cruce,CR 9 × CL 18,,intersección,-73.244929,10.472415,123.0,2024-05-31,2024-05-31,,
CARRERA 9 CON 17 POR CARNE COL VALLEDUPAR,"EQUIPO051, EQUIPO052",1,C02:1,agente:1,direccion,cruce,CR 9 × CL 17,,intersección,-73.245458,10.473097,973.0,2024-05-28,2024-05-28,,
CARRERA 9 CON 17 SEMAFORO DE LA VIÑA VALLEDUPAR,"EQUIPO051, EQUIPO052",1,C32:1,agente:1,direccion,cruce,CR 9 × CL 17,,intersección,-73.245458,10.473097,1444.0,2024-11-25,2024-11-25,,
CARRERA 9 CON 18-66 VALLEDUPAR,EQUIPO051,1,C02:1,agente:1,direccion,cruce,CR 9 × CL 18,,intersección,-73.244929,10.472415,3260.0,2024-07-15,2024-07-15,,
CARRERA 9 CON CALLE 16C VALLEDUPAR,EQUIPO051,1,C24:1,agente:1,gps,sin_punto,CR 9 × CL 16 C,,no se cruzan (más cerca: 331 m),-73.245764,10.473455,,2026-02-19,2026-02-19,,
CARRERA 9 CON CALLE 17,"EQUIPO051, EQUIPO052",1,C02:1,fotodeteccion_previa:1,direccion,cruce,CR 9 × CL 17,,intersección,-73.245458,10.473097,,2024-03-21,2024-03-21,,
CARRERA 9 CON CALLE 17 ESQUINA AL LADO DE CARNECOL VALLEDUPAR,"EQUIPO051, EQUIPO052",1,C02:1,agente:1,direccion,cruce,CR 9 × CL 17,,intersección,-73.245458,10.473097,15.0,2023-10-27,2023-10-27,,
CARRERA 9 CON CALLE 17 ESQUINA CARNECOL VALLEDUPAR,"EQUIPO051, EQUIPO052",1,C02:1,agente:1,direccion,cruce,CR 9 × CL 17,,intersección,-73.245458,10.473097,18.0,2024-07-06,2024-07-06,,
CARRERA 9 CON CALLE 17 ESQUINA VALLEDUPAR,"EQUIPO051, EQUIPO052",1,D03:1,agente:1,direccion,cruce,CR 9 × CL 17,,intersección,-73.245458,10.473097,2208.0,2023-10-23,2023-10-23,,
CARRERA 9 CON CALLE 18,EQUIPO051,1,C02:1,fotodeteccion_previa:1,direccion,cruce,CR 9 × CL 18,,intersección,-73.244929,10.472415,,2024-03-20,2024-03-20,,
CARRERA 9 CON17-52 VALLEDUPAR,"EQUIPO051, EQUIPO052",1,C02:1,agente:1,direccion,cruce,CR 9 × CL 17,,intersección,-73.245458,10.473097,3278.0,2024-07-24,2024-07-24,,
CARRERA 9 CON18 VALLEDUPAR,EQUIPO051,1,C02:1,agente:1,direccion,cruce,CR 9 × CL 18,,intersección,-73.244929,10.472415,3258.0,2024-05-24,2024-05-24,,
CARRERA 9# 16B- 37 VALLEDUPAR,EQUIPO051,1,C02:1,agente:1,direccion,domiciliaria,CR 9 × CL 16 B,,placa 37 m hacia CL 17 (cuadra de 113 m); intersección,-73.245901,10.473625,60.0,2023-05-04,2023-05-04,,
CARRERA 9#17-53 VALLEDUPAR,EQUIPO051,1,C02:1,agente:1,direccion,domiciliaria,CR 9 × CL 17,,placa 53 m hacia CL 18 (cuadra de 95 m); intersección,-73.245163,10.472716,9.0,2025-01-10,2025-01-10,,
CARRERA 9#17-56 VALLEDUPAR,EQUIPO051,1,C02:1,agente:1,direccion,domiciliaria,CR 9 × CL 17,,placa 56 m hacia CL 18 (cuadra de 95 m); intersección,-73.245146,10.472695,36.0,2024-03-06,2024-03-06,,
CARRERA 9#17-57 VALLEDUPAR,EQUIPO051,1,C02:1,agente:1,direccion,domiciliaria,CR 9 × CL 17,,placa 57 m hacia CL 18 (cuadra de 95 m); intersección,-73.245141,10.472688,13.0,2023-09-25,2023-09-25,,
CARRERA 9#17-59 VALLEDUPAR,EQUIPO051,1,C02:1,agente:1,direccion,domiciliaria,CR 9 × CL 17,,placa 59 m hacia CL 18 (cuadra de 95 m); intersección,-73.24513,10.472673,2.0,2023-10-23,2023-10-23,,
CARRERA 9#17-60 VALLEDUPAR,EQUIPO051,1,C02:1,agente:1,direccion,domiciliaria,CR 9 × CL 17,,placa 60 m hacia CL 18 (cuadra de 95 m); intersección,-73.245124,10.472666,8.0,2024-01-22,2024-01-22,,
CARRERA 9#17-80 VALLEDUPAR,EQUIPO051,1,C02:1,agente:1,direccion,domiciliaria,CR 9 × CL 17,,placa 80 m hacia CL 18 (cuadra de 95 m); intersección,-73.245013,10.472523,3.0,2024-02-20,2024-02-20,,
CARRERA 9# 16B-96 VALLEDUPAR,EQUIPO051,1,D02:1,agente:1,direccion,domiciliaria,CR 9 × CL 16 B,,placa 96 m hacia CL 17 (cuadra de 113 m); intersección,-73.245557,10.473214,7.0,2023-05-02,2023-05-02,,
CARRERA 9# 16B77 CENTRO VALLEDUPAR,EQUIPO051,1,C02:1,agente:1,direccion,domiciliaria,CR 9 × CL 16 B,,placa 77 m hacia CL 17 (cuadra de 113 m); intersección,-73.245667,10.473347,3.0,2024-04-11,2024-04-11,,
CARRERA 9# 16B77 VALLEDUPAR,EQUIPO051,1,C02:1,agente:1,direccion,domiciliaria,CR 9 × CL 16 B,,placa 77 m hacia CL 17 (cuadra de 113 m); intersección,-73.245667,10.473347,8.0,2023-07-13,2023-07-13,,
CARRERA 9# 17-29 VALLEDUPAR,EQUIPO051,1,C02:1,agente:1,direccion,domiciliaria,CR 9 × CL 17,,placa 29 m hacia CL 18 (cuadra de 95 m); intersección,-73.245297,10.472889,257.0,2023-08-22,2023-08-22,,
CARRERA 9#16B-37 VALLEDUPAR,EQUIPO051,1,C02:1,agente:1,direccion,domiciliaria,CR 9 × CL 16 B,,placa 37 m hacia CL 17 (cuadra de 113 m); intersección,-73.245901,10.473625,4.0,2025-02-11,2025-02-11,,
CARRERA 9#16B-48 VALLEDUPAR,EQUIPO051,1,C02:1,agente:1,direccion,domiciliaria,CR 9 × CL 16 B,,placa 48 m hacia CL 17 (cuadra de 113 m); intersección,-73.245836,10.473549,15.0,2024-12-02,2024-12-02,,
CARRERA 9#16B-76 CARNICOL VALLEDUPAR,EQUIPO051,1,C02:1,agente:1,direccion,domiciliaria,CR 9 × CL 16 B,,placa 76 m hacia CL 17 (cuadra de 113 m); intersección,-73.245673,10.473353,8.0,2024-04-02,2024-04-02,,
CARRERA 9#16B-76 VALLEDUPAR,EQUIPO051,1,C02:1,agente:1,direccion,domiciliaria,CR 9 × CL 16 B,,placa 76 m hacia CL 17 (cuadra de 113 m); intersección,-73.245673,10.473353,11.0,2023-12-09,2023-12-09,,
CARRERA 9#16B-88 VALLEDUPAR,EQUIPO051,1,C02:1,agente:1,direccion,domiciliaria,CR 9 × CL 16 B,,placa 88 m hacia CL 17 (cuadra de 113 m); intersección,-73.245603,10.47327,3.0,2024-08-05,2024-08-05,,
CARRERA 9#16B37 VALLEDUPAR,EQUIPO051,1,C02:1,agente:1,direccion,domiciliaria,CR 9 × CL 16 B,,placa 37 m hacia CL 17 (cuadra de 113 m); intersección,-73.245901,10.473625,7.0,2023-09-26,2023-09-26,,
CARRERA 9CON CALLE 18 VALLEDUPAR,EQUIPO051,1,C02:1,agente:1,direccion,cruce,CR 9 × CL 18,,intersección,-73.244929,10.472415,24.0,2023-08-11,2023-08-11,,
CARRERA 9CON17 CARNECOL VALLEDUPAR,"EQUIPO051, EQUIPO052",1,C02:1,agente:1,direccion,cruce,CR 9 × CL 17,,intersección,-73.245458,10.473097,1894.0,2024-07-13,2024-07-13,,
CARRERA 9CON17 SEMAFORO LA VIÑA VALLEDUPAR,"EQUIPO051, EQUIPO052",1,C32:1,agente:1,direccion,cruce,CR 9 × CL 17,,intersección,-73.245458,10.473097,1895.0,2024-11-28,2024-11-28,,
CARRERA 9CON17 VALLEDUPAR,"EQUIPO051, EQUIPO052",1,C02:1,agente:1,direccion,cruce,CR 9 × CL 17,,intersección,-73.245458,10.473097,13.0,2023-09-07,2023-09-07,,
CARRERA 9CON18 VALLEDUPAR,EQUIPO051,1,C02:1,agente:1,direccion,cruce,CR 9 × CL 18,,intersección,-73.244929,10.472415,3324.0,2024-09-15,2024-09-15,,
CARRERA 9NA CON CALLE 16C VALLEDUPAR,EQUIPO051,1,C02:1,agente:1,gps,sin_punto,CR 9 × CL 16 C,,no se cruzan (más cerca: 331 m),-73.245575,10.473312,,2023-10-25,2023-10-25,,
CARRERA 9NA16B58 VALLEDUPAR,EQUIPO051,1,C02:1,agente:1,gps,sin_punto,CR 9,,dirección de tipo via_sola,-73.245725,10.473535,,2023-10-26,2023-10-26,,
CARRERA 9NACON 17 VALLEDUPAR,EQUIPO051,1,C02:1,agente:1,gps,sin_punto,CR 9,,dirección de tipo via_sola,-73.244827,10.472393,,2023-07-18,2023-07-18,,
CARRERA 9#16B77 VALLEDUPAR,EQUIPO051,1,C02:1,agente:1,direccion,domiciliaria,CR 9 × CL 16 B,,placa 77 m hacia CL 17 (cuadra de 113 m); intersección,-73.245667,10.473347,62.0,2024-06-20,2024-06-20,,
CARRERA 9#16B89 VALLEDUPAR,EQUIPO051,1,C02:1,agente:1,direccion,domiciliaria,CR 9 × CL 16 B,,placa 89 m hacia CL 17 (cuadra de 113 m); intersección,-73.245597,10.473263,42.0,2024-08-12,2024-08-12,,
CARRERA 9#17-10 VALLEDUPAR,"EQUIPO051, EQUIPO052",1,C02:1,agente:1,direccion,domiciliaria,CR 9 × CL 17,,placa 10 m hacia CL 18 (cuadra de 95 m); intersección,-73.245402,10.473025,18.0,2025-03-05,2025-03-05,,
CARRERA 9#17-28 VALLEDUPAR,EQUIPO051,1,C02:1,agente:1,direccion,domiciliaria,CR 9 × CL 17,,placa 28 m hacia CL 18 (cuadra de 95 m); intersección,-73.245302,10.472896,10.0,2024-06-20,2024-06-20,,
CARRERA 9#17-33 VALLEDUPAR,EQUIPO051,1,C02:1,agente:1,direccion,domiciliaria,CR 9 × CL 17,,placa 33 m hacia CL 18 (cuadra de 95 m); intersección,-73.245274,10.47286,60.0,2023-08-14,2023-08-14,,
CARRERA 9#17-36 VALLEDUPAR,EQUIPO051,1,C02:1,agente:1,direccion,domiciliaria,CR 9 × CL 17,,placa 36 m hacia CL 18 (cuadra de 95 m); intersección,-73.245258,10.472838,29.0,2024-07-16,2024-07-16,,
CARRERA 9#17-42 VALLEDUPAR,EQUIPO051,1,C02:1,agente:1,direccion,domiciliaria,CR 9 × CL 17,,placa 42 m hacia CL 18 (cuadra de 95 m); intersección,-73.245224,10.472795,35.0,2024-07-08,2024-07-08,,
CARRERA 9#17-50 VALLEDUPAR,EQUIPO051,1,C02:1,agente:1,direccion,domiciliaria,CR 9 × CL 17,,placa 50 m hacia CL 18 (cuadra de 95 m); intersección,-73.24518,10.472738,20.0,2026-05-21,2026-05-21,,
CARRERA CARRERA 12# 15-06 NOTARIA TERCERA VALLEDUPAR,EQUIPO042,1,C02:1,agente:1,direccion,domiciliaria,CR 12 × CL 15,,placa 6 m hacia CL 16 (cuadra de 100 m); intersección,-73.250175,10.474202,28.0,2023-11-03,2023-11-03,,
CARRERA CARRERA 13 .. DAVIVIENDA VALLEDUPAR,EQUIPO041,1,C02:1,agente:1,gps,sin_punto,CR 13,,dirección de tipo via_sola,-73.250313,10.47271,,2023-10-23,2023-10-23,,
CARRERA CARRERA 16 20B45.MERCADO PUBLICO VALLEDUPAR,EQUIPO032,1,C02:1,agente:1,gps,sin_punto,CR 16,,dirección de tipo via_sola,-73.24671,10.46559,,2024-05-26,2024-05-26,,
CARRERA CARRERA 16 AFUERA DE AUDIFARNA VALLEDUPAR,EQUIPO042,1,D02:1,agente:1,gps,sin_punto,CR 16,,dirección de tipo via_sola,-73.250077,10.474425,,2025-06-12,2025-06-12,,
CARRERA CARRERA 16 CON CALLE 20B # 20B-125 MERCADO PUBLICO VALLEDUPAR,EQUIPO032,1,C02:1,agente:1,direccion,domiciliaria,CR 16 × CL 20 B,,placa 125 m hacia CL 21 (cuadra de 244 m); hueco de 11 m,-73.246696,10.46504,49.0,2024-04-25,2024-04-25,,
CARRERA CARRERA 16 FRENTE D1 MERCADO PUBLICO VALLEDUPAR,EQUIPO032,1,C02:1,agente:1,gps,sin_punto,CR 16,,dirección de tipo via_sola,-73.246757,10.465043,,2024-04-25,2024-04-25,,
CARRERA CARRERA 23 CON CALLE 6 VALLEDUPAR,EQUIPO071,1,C14:1,agente:1,direccion,cruce,CR 23 × CL 6,,intersección,-73.272389,10.481185,28.0,2023-09-27,2023-09-27,,
CARRERA CARRERA 8 # 17-1 CENTRO VALLEDUPAR,EQUIPO052,1,C02:1,agente:1,direccion,domiciliaria,CR 8 × CL 17,,placa 1 m hacia CL 18 (cuadra de 90 m); intersección,-73.244873,10.473458,24.0,2024-04-09,2024-04-09,,
CARRERA 9#18-20 VALLEDUPAR,EQUIPO051,1,C31:1,agente:1,direccion,domiciliaria,CR 9 × CL 18,,placa 20 m hacia CL 19 (cuadra de 106 m); intersección,-73.244819,10.47227,125.0,2023-08-14,2023-08-14,,
CARRERA 9- CALLE 17 VALLEDUPAR,"EQUIPO051, EQUIPO052",1,C02:1,agente:1,direccion,cruce,CR 9 × CL 17,,intersección,-73.245458,10.473097,6.0,2025-09-22,2025-09-22,,
CARRERA 9. 16B 38 VALLEDUPAR,EQUIPO051,1,C02:1,agente:1,gps,sin_punto,CR 9,,dirección de tipo via_sola,-73.245825,10.473698,,2025-03-05,2025-03-05,,
CARRERA 9CON 17 VALLEDUPAR,"EQUIPO051, EQUIPO052",1,C02:1,agente:1,direccion,cruce,CR 9 × CL 17,,intersección,-73.245458,10.473097,38.0,2024-12-06,2024-12-06,,
CARRERA 9CON 17-33 VALLEDUPAR,"EQUIPO051, EQUIPO052",1,C02:1,agente:1,direccion,cruce,CR 9 × CL 17,,intersección,-73.245458,10.473097,3279.0,2024-07-19,2024-07-19,,
CARRERA 9CON 17-56 VALLEDUPAR,"EQUIPO051, EQUIPO052",1,C02:1,agente:1,direccion,cruce,CR 9 × CL 17,,intersección,-73.245458,10.473097,3279.0,2024-07-05,2024-07-05,,
CARRERA 9CON 18 -63 VALLEDUPAR,EQUIPO051,1,C02:1,agente:1,direccion,cruce,CR 9 × CL 18,,intersección,-73.244929,10.472415,65.0,2023-07-12,2023-07-12,,
CARRERA 9CON 18-03 VALLEDUPAR,EQUIPO051,1,C02:1,agente:1,direccion,cruce,CR 9 × CL 18,,intersección,-73.244929,10.472415,3259.0,2024-07-05,2024-07-05,,
CARRERA CARRERA 9 #17-33 VALLEDUPAR,EQUIPO051,1,C02:1,agente:1,direccion,domiciliaria,CR 9 × CL 17,,placa 33 m hacia CL 18 (cuadra de 95 m); intersección,-73.245274,10.47286,18.0,2023-06-20,2023-06-20,,
CARRERA CARRERA 9 #18-06 VALLEDUPAR,EQUIPO051,1,C02:1,agente:1,direccion,domiciliaria,CR 9 × CL 18,,placa 6 m hacia CL 19 (cuadra de 106 m); intersección,-73.244896,10.472371,12.0,2023-09-23,2023-09-23,,
CARRERA CARRERA 9 16B51.FENTE DE LA SECRETARIA SALUD VALLEDUPAR,EQUIPO051,1,C02:1,agente:1,gps,sin_punto,CR 9,,dirección de tipo via_sola,-73.245813,10.473567,,2023-11-30,2023-11-30,,
CARRERA CARRERA 9 17#80 NOVENA VALLEDUPAR,EQUIPO051,1,C02:1,agente:1,gps,sin_punto,CR 9,,dirección de tipo via_sola,-73.244996,10.472597,,2024-04-10,2024-04-10,,
CARRERA CLL 16 CRA 12 COLEGIO LOPERENA VALLEDUPAR,"EQUIPO041, EQUIPO042",1,C14:1,agente:1,direccion,cruce,CL 16 × CR 12,,intersección,-73.249689,10.473496,65.0,2023-09-27,2023-09-27,,
CARRERA CRA 12 # 15 37 VALLEDUPAR,EQUIPO042,1,C02:1,agente:1,direccion,domiciliaria,CR 12 × CL 15,,placa 37 m hacia CL 16 (cuadra de 100 m); intersección,-73.250016,10.47397,,2025-01-08,2025-01-08,,
CARRERA CRA 12 # 15 60 VALLEDUPAR,EQUIPO042,1,C02:1,agente:1,direccion,domiciliaria,CR 12 × CL 15,,placa 60 m hacia CL 16 (cuadra de 100 m); intersección,-73.249897,10.473798,9.0,2023-10-19,2023-10-19,,
CARRERA CRA 12 # 15-31 VALLEDUPAR,EQUIPO042,1,C02:1,agente:1,direccion,domiciliaria,CR 12 × CL 15,,placa 31 m hacia CL 16 (cuadra de 100 m); intersección,-73.250047,10.474015,21.0,2024-04-02,2024-04-02,,
CARRERA CRA 12 # 16A 54 VALLEDUPAR,EQUIPO042,1,C02:1,agente:1,direccion,domiciliaria,CR 12 × CL 16 A,,placa 54 m hacia CL 17 (cuadra de 174 m); intersección,-73.248829,10.472193,218.0,2023-08-16,2023-08-16,,
CARRERA CALLE 15..DETRAS DE LA GPBERNACION VALLEDUPAR,EQUIPO042,1,C02:1,agente:1,gps,sin_punto,CL 15,,dirección de tipo via_sola,-73.250327,10.474246,,2024-04-10,2024-04-10,,
CARRERA CALLE 24 CON. CAR 13 VALLEDUPAR,EQUIPO042,1,C02:1,agente:1,gps,sin_punto,CL 24,,dirección de tipo via_sola,-73.249908,10.473773,,2024-12-04,2024-12-04,,
CARRERA CARRERA 12 15 # 44 BANCO AV VILLAS. VALLEDUPAR,"EQUIPO041, EQUIPO042",1,C02:1,agente:1,gps,sin_punto,CR 12,,dirección de tipo via_sola,-73.249923,10.473649,,2024-04-10,2024-04-10,,
CARRERA CARRERA 12 15-44 BANCO AV VILLAS VALLEDUPAR,EQUIPO042,1,C02:1,agente:1,direccion,domiciliaria,CR 12 × CL 15,,placa 44 m hacia CL 16 (cuadra de 100 m); intersección,-73.24998,10.473918,25.0,2024-04-10,2024-04-10,,
CARRERA CARRERA 12 CALLE 16 VALLEDUPAR,"EQUIPO041, EQUIPO042",1,D04:1,agente:1,direccion,cruce,CR 12 × CL 16,,intersección,-73.249689,10.473496,33.0,2024-04-16,2024-04-16,,
CARRERA CARRERA 12 CON 15.NOTARIAL 3 VALLEDUPAR,EQUIPO042,1,C02:1,agente:1,direccion,cruce,CR 12 × CL 15,,intersección,-73.250206,10.474247,30.0,2024-04-01,2024-04-01,,
CARRERA CARRERA 12 CON 16 AVEVILLAS VALLEDUPAR,"EQUIPO041, EQUIPO042",1,C02:1,agente:1,direccion,cruce,CR 12 × CL 16,,intersección,-73.249689,10.473496,80.0,2024-10-09,2024-10-09,,
CALLE 16 CON 12 DAVIVIENDA VALLEDUPAR,"EQUIPO041, EQUIPO042",1,C02:1,agente:1,direccion,cruce,CL 16 × CR 12,,intersección,-73.249689,10.473496,104.0,2024-05-20,2024-05-20,,
CALLE 16 CON 12 ESQUINA VALLEDUPAR,"EQUIPO041, EQUIPO042",1,D04:1,agente:1,direccion,cruce,CL 16 × CR 12,,intersección,-73.249689,10.473496,130.0,2024-07-30,2024-07-30,,
CALLE 16 CON 12 SEMAFORO VALLEDUPAR,"EQUIPO041, EQUIPO042",1,C32:1,agente:1,direccion,cruce,CL 16 × CR 12,,intersección,-73.249689,10.473496,3172.0,2024-07-23,2024-07-23,,
CALLE 16 CON 12-35 VALLEDUPAR,"EQUIPO041, EQUIPO042",1,C02:1,agente:1,direccion,cruce,CL 16 × CR 12,,intersección,-73.249689,10.473496,51.0,2023-07-28,2023-07-28,,
CALLE 16 CON 12. SEMAFORO VALLEDUPAR,"EQUIPO041, EQUIPO042",1,C32:1,agente:1,direccion,cruce,CL 16 × CR 12,,intersección,-73.249689,10.473496,1446.0,2024-12-11,2024-12-11,,
CALLE 16 CON CARRERA 12 AFUERA DE COLPATRIA BANCO VALLEDUPAR,"EQUIPO041, EQUIPO042",1,D02:1,agente:1,direccion,cruce,CL 16 × CR 12,,intersección,-73.249689,10.473496,311.0,2025-09-08,2025-09-08,,
CALLE 16 CON CARRERA 12 AFUERA DE LA GOBERNACION VALLEDUPAR,"EQUIPO041, EQUIPO042",1,C02:1,agente:1,direccion,cruce,CL 16 × CR 12,,intersección,-73.249689,10.473496,2468.0,2025-12-05,2025-12-05,,
CALLE 16 CON CARRERA 12 AFUERA DEL BANCO DAVIVIENDA VALLEDUPAR,"EQUIPO041, EQUIPO042",1,C02:1,agente:1,direccion,cruce,CL 16 × CR 12,,intersección,-73.249689,10.473496,2473.0,2026-04-17,2026-04-17,,
CALLE 16 CON CARRERA 12 BANCO DAVIVIENDA VALLEDUPAR,"EQUIPO041, EQUIPO042",1,C02:1,agente:1,direccion,cruce,CL 16 × CR 12,,intersección,-73.249689,10.473496,3158.0,2023-12-11,2023-12-11,,
CALLE 16 CON CARRERA 12 DAVIVIENDA VALLEDUPAR,"EQUIPO041, EQUIPO042",1,C02:1,agente:1,direccion,cruce,CL 16 × CR 12,,intersección,-73.249689,10.473496,113.0,2024-04-17,2024-04-17,,
CALLE 16 #13-28,EQUIPO041,1,C02:1,fotodeteccion_previa:1,direccion,domiciliaria,CL 16 × CR 13,,placa 28 m hacia CR 14 (cuadra de 95 m); hueco de 50 m,-73.250767,10.472232,,2025-01-07,2025-01-07,,
CARRERA CARRERA 8 CON 17 VALLEDUPAR,EQUIPO052,1,C35:1,agente:1,direccion,cruce,CR 8 × CL 17,,intersección,-73.244878,10.473465,3098.0,2026-07-30,2026-07-30,,
CARRERA CARRERA 8 CON CALLE 17 VALLEDUPAR,EQUIPO052,1,F07:1,agente:1,direccion,cruce,CR 8 × CL 17,,intersección,-73.244878,10.473465,166.0,2024-04-17,2024-04-17,,
CARRERA CARRERA 9 # 16B - 46 VALLEDUPAR,EQUIPO051,1,C02:1,agente:1,direccion,domiciliaria,CR 9 × CL 16 B,,placa 46 m hacia CL 17 (cuadra de 113 m); intersección,-73.245848,10.473562,185.0,2023-10-09,2023-10-09,,
CARRERA CARRERA 9 # 16B - 58 VALLEDUPAR,EQUIPO051,1,C02:1,agente:1,direccion,domiciliaria,CR 9 × CL 16 B,,placa 58 m hacia CL 17 (cuadra de 113 m); intersección,-73.245778,10.473479,20.0,2023-09-23,2023-09-23,,
CARRERA CARRERA 9 #16B-51 SECRETARIA DE EDUCACION VALLEDUPAR,EQUIPO051,1,C02:1,agente:1,direccion,domiciliaria,CR 9 × CL 16 B,,placa 51 m hacia CL 17 (cuadra de 113 m); intersección,-73.245819,10.473528,2.0,2023-11-20,2023-11-20,,
CARRERA CRA12 CALLE 16A VALLEDUPAR,EQUIPO042,1,D04:1,agente:1,direccion,cruce,CR 12 × CL 16 A,,intersección,-73.249103,10.4726,21.0,2023-07-27,2023-07-27,,
CARRERA CRA16#20B185 VALLEDUPAR,EQUIPO032,1,C02:1,agente:1,direccion,domiciliaria,CR 16 × CL 20 B,,placa 185 m hacia CL 21 (cuadra de 244 m); hueco de 11 m,-73.246845,10.464518,,2023-03-15,2023-03-15,,
CARRERA ENTRADA MERCADO PUBLICO VALLEDUPAR,EQUIPO032,1,D05:1,agente:1,gps,sin_punto,,,dirección de tipo referencia,-73.24677,10.46537,,2024-05-25,2024-05-25,,
CARRERA CRA 12 CON CALLE15 VALLEDUPAR,EQUIPO042,1,C02:1,agente:1,direccion,cruce,CR 12 × CL 15,,intersección,-73.250206,10.474247,13.0,2023-07-26,2023-07-26,,
CARRERA CRA 12 CON CLL 16 VALLEDUPAR,"EQUIPO041, EQUIPO042",1,C24:1,agente:1,direccion,cruce,CR 12 × CL 16,,intersección,-73.249689,10.473496,14.0,2023-09-27,2023-09-27,,
CARRERA CRA 12# 15-06 VALLEDUPAR,EQUIPO042,1,C02:1,agente:1,direccion,domiciliaria,CR 12 × CL 15,,placa 6 m hacia CL 16 (cuadra de 100 m); intersección,-73.250175,10.474202,9.0,2024-02-16,2024-02-16,,
CARRERA CRA 13#15-20 VALLEDUPAR,EQUIPO042,1,C02:1,agente:1,gps,sin_punto,CR 13 × CL 15,,no se cruzan (más cerca: 131 m),-73.250183,10.473983,,2023-07-27,2023-07-27,,
CARRERA CRA 8 # 17. 26 VALLEDUPAR,EQUIPO052,1,C02:1,agente:1,direccion,domiciliaria,CR 8 × CL 17,,placa 7 m hacia CL 18 (cuadra de 90 m); intersección,-73.244842,10.473413,17.0,2023-10-26,2023-10-26,,
CARRERA CRA 8 # 17. 40 VALLEDUPAR,EQUIPO052,1,C02:1,agente:1,direccion,domiciliaria,CR 8 × CL 17,,placa 7 m hacia CL 18 (cuadra de 90 m); intersección,-73.244842,10.473413,40.0,2023-09-26,2023-09-26,,
CARRERA CRA 8 # ENTRE CALLE 17 Y 16B VALLEDUPAR,EQUIPO052,1,C02:1,agente:1,direccion,cruce,CR 8 × CL 17,,intersección,-73.244878,10.473465,52.0,2023-03-19,2023-03-19,,
CARRERA CRA 8 CALLE17 VALLEDUPAR,EQUIPO052,1,C02:1,agente:1,direccion,cruce,CR 8 × CL 17,,intersección,-73.244878,10.473465,65.0,2024-02-21,2024-02-21,,
CARRERA CRA 8 CON CALLE 17 ESQUINA VALLEDUPAR,EQUIPO052,1,C02:1,agente:1,direccion,cruce,CR 8 × CL 17,,intersección,-73.244878,10.473465,61.0,2024-03-30,2024-03-30,,
CARRERA CRA 8 CON CALLE 17 VALLEDUPAR,EQUIPO052,1,C02:1,agente:1,direccion,cruce,CR 8 × CL 17,,intersección,-73.244878,10.473465,7.0,2023-03-23,2023-03-23,,
CARRERA CRA 8 ENTRE CALLE 17 Y 16B VALLEDUPAR,EQUIPO052,1,C02:1,agente:1,direccion,cruce,CR 8 × CL 17,,intersección,-73.244878,10.473465,52.0,2023-03-19,2023-03-19,,
CARRERA CARRERA 8 CALLE17 AMAZONAS VALLEDUPAR,EQUIPO052,1,C02:1,agente:1,direccion,cruce,CR 8 × CL 17,,intersección,-73.244878,10.473465,203.0,2023-03-24,2023-03-24,,
CALLE 16 CARRERA 12 BANCO DAVIVIENDA VALLEDUPAR,"EQUIPO041, EQUIPO042",1,C02:1,agente:1,direccion,cruce,CL 16 × CR 12,,intersección,-73.249689,10.473496,142.0,2023-12-11,2023-12-11,,
CARRETERA 8 # 17 ESQUINA VALLEDUPAR,EQUIPO052,1,C02:1,agente:1,gps,sin_punto,,,dirección de tipo tramo_sin_km,-73.244763,10.473422,,2024-04-03,2024-04-03,,
CALLE 15 # 12-36,EQUIPO042,1,C02:1,fotodeteccion_previa:1,direccion,domiciliaria_cuadra,CL 15 × CR 12,,placa 36; sin cruce con CR 13 a ≤ 250 m; intersección,-73.250206,10.474247,,2025-02-18,2025-02-18,,
CALLE 15 # 1210FRENTE A LA VALLEDUPAR,EQUIPO042,1,C24:1,agente:1,gps,sin_punto,CL 15,,dirección de tipo via_sola,-73.250253,10.474208,,2025-03-05,2025-03-05,,
CALLE 15 # 1210NOTARIA 3 VALLEDUPAR,EQUIPO042,1,C02:1,agente:1,gps,sin_punto,CL 15,,dirección de tipo via_sola,-73.250318,10.474134,,2024-06-07,2024-06-07,,
CALLE 15 #12 VALLEDUPAR,EQUIPO042,1,C02:1,agente:1,direccion,domiciliaria_cuadra,CL 15 × CR 12,,placa 2; sin cruce con CR 13 a ≤ 250 m; intersección,-73.250206,10.474247,126.0,2023-08-11,2023-08-11,,
CARRERA CRA 9 # 16B 77 VALLEDUPAR,EQUIPO051,1,C02:1,agente:1,direccion,domiciliaria,CR 9 × CL 16 B,,placa 77 m hacia CL 17 (cuadra de 113 m); intersección,-73.245667,10.473347,4.0,2023-10-26,2023-10-26,,
CARRERA CRA 9 # 18. 76 VALLEDUPAR,EQUIPO051,1,C02:1,agente:1,direccion,domiciliaria,CR 9 × CL 18,,placa 8 m hacia CL 19 (cuadra de 106 m); intersección,-73.244885,10.472357,78.0,2023-08-16,2023-08-16,,
CARRERA CRA 9 CALLE 17 VALLEDUPAR,"EQUIPO051, EQUIPO052",1,C02:1,agente:1,direccion,cruce,CR 9 × CL 17,,intersección,-73.245458,10.473097,41.0,2023-07-18,2023-07-18,,
CARRERA CRA 9 CALLE 18 VALLEDUPAR,EQUIPO051,1,C02:1,agente:1,direccion,cruce,CR 9 × CL 18,,intersección,-73.244929,10.472415,36.0,2024-02-23,2024-02-23,,
CARRERA CRA 9 CON 17-28 CENTRO VALLEDUPAR,"EQUIPO051, EQUIPO052",1,C02:1,agente:1,direccion,cruce,CR 9 × CL 17,,intersección,-73.245458,10.473097,33.0,2024-04-13,2024-04-13,,
CARRERA CRA 9 CON. 17 VALLEDUPAR,"EQUIPO051, EQUIPO052",1,C02:1,agente:1,gps,sin_punto,CR 9,,dirección de tipo via_sola,-73.245387,10.473058,,2024-12-31,2024-12-31,,
CARRERA CRA. 16 # 20A -118 VALLEDUPAR,"EQUIPO031, EQUIPO032",1,C02:1,agente:1,direccion,domiciliaria,CR 16 × CL 20 A,,placa 118 m hacia CL 21 (cuadra de 74 m); hueco de 87 m,-73.246992,10.464007,109.0,2024-02-12,2024-02-12,,
CARRERA CRA.12 CALLE 16 VALLEDUPAR,"EQUIPO041, EQUIPO042",1,D04:1,agente:1,direccion,cruce,CR 12 × CL 16,,intersección,-73.249689,10.473496,23.0,2023-08-02,2023-08-02,,
CARRERA CRA.12 CALLE 16A VALLEDUPAR,EQUIPO042,1,D04:1,agente:1,direccion,cruce,CR 12 × CL 16 A,,intersección,-73.249103,10.4726,22.0,2023-07-27,2023-07-27,,
CARRERA CRA.12 CALLE16 VALLEDUPAR,"EQUIPO041, EQUIPO042",1,D04:1,agente:1,direccion,cruce,CR 12 × CL 16,,intersección,-73.249689,10.473496,27.0,2023-08-02,2023-08-02,,
CARRERA CRA12 CALLE 15 VALLEDUPAR,EQUIPO042,1,C02:1,agente:1,direccion,cruce,CR 12 × CL 15,,intersección,-73.250206,10.474247,11.0,2023-08-31,2023-08-31,,
CALLE 16 11-75,EQUIPO041,1,C02:1,agente:1,direccion,domiciliaria,CL 16 × CR 11,,placa 75 m hacia CR 12 (cuadra de 164 m); intersección,-73.249009,10.473944,,2024-06-24,2024-06-24,,
CALLE 16 11-82,EQUIPO041,1,C02:1,fotodeteccion_previa:1,direccion,domiciliaria,CL 16 × CR 11,,placa 82 m hacia CR 12 (cuadra de 164 m); intersección,-73.249062,10.473909,,2024-07-10,2024-07-10,,
CALLE 16 11A-37,EQUIPO041,1,C02:1,fotodeteccion_previa:1,direccion,domiciliaria,CL 16 × CR 11 A,,placa 37 m hacia CR 12 (cuadra de 84 m); intersección,-73.24934,10.473747,,2024-05-29,2024-05-29,,
CALLE 16 11A-79,"EQUIPO041, EQUIPO042",1,C02:1,fotodeteccion_previa:1,direccion,domiciliaria,CL 16 × CR 11 A,,placa 79 m hacia CR 12 (cuadra de 84 m); intersección,-73.24965,10.473524,,2024-07-16,2024-07-16,,
CALLE 16 12 26 VALLEDUPAR,EQUIPO041,1,C02:1,agente:1,gps,sin_punto,CL 16,,dirección de tipo via_sola,-73.2501,10.473345,,2025-03-20,2025-03-20,,
CALLE 16 12 45 VALLEDUPAR,EQUIPO041,1,C02:1,agente:1,gps,sin_punto,CL 16,,dirección de tipo via_sola,-73.250028,10.473108,,2025-03-20,2025-03-20,,
CALLE 16 A CON KRA 12 ESQUINA VALLEDUPAR,EQUIPO042,1,C02:1,agente:1,direccion,cruce,CL 16 A × CR 12,,intersección,-73.249103,10.4726,148.0,2024-06-07,2024-06-07,,
CALLE 16 #11-75LOPERENA VALLEDUPAR,EQUIPO041,1,C02:1,agente:1,direccion,domiciliaria,CL 16 × CR 11,,placa 75 m hacia CR 12 (cuadra de 164 m); intersección,-73.249009,10.473944,13.0,2024-06-07,2024-06-07,,
CARRERA ENTRE CALLES 16 Y 16A VALLEDUPAR,EQUIPO042,1,C02:1,agente:1,gps,sin_punto,,,dirección de tipo no_interpretable,-73.250448,10.474323,,2024-12-10,2024-12-10,,
CARRERA KRA 12 # 16 46 VALLEDUPAR,"EQUIPO041, EQUIPO042",1,D02:1,agente:1,direccion,domiciliaria_cuadra,CR 12 × CL 16,,placa 46; sin cruce con CL 17 a ≤ 250 m; intersección,-73.249689,10.473496,76.0,2023-05-25,2023-05-25,,
CARRERA KRA 9 # 16B 51 VALLEDUPAR,EQUIPO051,1,C02:1,agente:1,direccion,domiciliaria,CR 9 × CL 16 B,,placa 51 m hacia CL 17 (cuadra de 113 m); intersección,-73.245819,10.473528,8.0,2023-06-01,2023-06-01,,
CARRERA KRRA 9 CALLE 18 VALLEDUPAR,EQUIPO051,1,D03:1,agente:1,gps,sin_punto,CL 18,,dirección de tipo via_sola,-73.244913,10.472597,,2023-05-21,2023-05-21,,
CARRERA KRRA 9A CALLES 16C Y 17 VALLEDUPAR,EQUIPO051,1,C02:1,agente:1,gps,sin_punto,,,dirección de tipo no_interpretable,-73.245718,10.47352,,2023-05-02,2023-05-02,,
CARRERA KRRA9A CALLE 16 B ESQUINA VALLEDUPAR,EQUIPO051,1,C02:1,agente:1,gps,sin_punto,CL 16 B,,dirección de tipo via_sola,-73.245643,10.473325,,2023-06-04,2023-06-04,,
CARRERA. 12 #16-20,"EQUIPO041, EQUIPO042",1,C02:1,fotodeteccion_previa:1,direccion,domiciliaria_cuadra,CR 12 × CL 16,,placa 20; sin cruce con CL 17 a ≤ 250 m; intersección,-73.249689,10.473496,,2024-12-30,2024-12-30,,
CARRERA. 9 #17-80,EQUIPO051,1,C02:1,fotodeteccion_previa:1,direccion,domiciliaria,CR 9 × CL 17,,placa 80 m hacia CL 18 (cuadra de 95 m); intersección,-73.245013,10.472523,,2025-01-14,2025-01-14,,
CL. 16 #12-17,"EQUIPO041, EQUIPO042",1,C35:1,fotodeteccion_previa:1,direccion,domiciliaria,CL 16 × CR 12,,placa 17 m hacia CR 13 (cuadra de 167 m); intersección,-73.249773,10.473366,,2025-02-17,2025-02-17,,
CL. 16 #12-18,"EQUIPO041, EQUIPO042",1,C02:1,fotodeteccion_previa:1,direccion,domiciliaria,CL 16 × CR 12,,placa 18 m hacia CR 13 (cuadra de 167 m); intersección,-73.249778,10.473359,,2025-02-05,2025-02-05,,
CL. 17 # 8-104,"EQUIPO051, EQUIPO052",1,C02:1,fotodeteccion_previa:1,direccion,domiciliaria,CL 17 × CR 8,,placa 104 m hacia CR 9 (cuadra de 75 m); intersección,-73.245458,10.473097,,2025-02-26,2025-02-26,,
CL. 17 # 9-13,EQUIPO052,1,C02:1,fotodeteccion_previa:1,direccion,domiciliaria,CL 17 × CR 9,,placa 13 m hacia CR 10 (cuadra de 130 m); intersección,-73.245557,10.473031,,2025-02-17,2025-02-17,,
CL. 17 # 9-27,EQUIPO052,1,C02:1,fotodeteccion_previa:1,direccion,domiciliaria,CL 17 × CR 9,,placa 27 m hacia CR 10 (cuadra de 130 m); intersección,-73.245664,10.472961,,2025-02-18,2025-02-18,,
CL. 17 #9-18,EQUIPO052,1,C02:1,fotodeteccion_previa:1,direccion,domiciliaria,CL 17 × CR 9,,placa 18 m hacia CR 10 (cuadra de 130 m); intersección,-73.245595,10.473006,,2025-02-05,2025-02-05,,
CALLE 15 #12-04,EQUIPO042,1,C02:1,fotodeteccion_previa:1,direccion,domiciliaria_cuadra,CL 15 × CR 12,,placa 4; sin cruce con CR 13 a ≤ 250 m; intersección,-73.250206,10.474247,,2025-01-24,2025-01-24,,
CALLE 15 #12-13,EQUIPO042,1,C02:1,fotodeteccion_previa:1,direccion,domiciliaria_cuadra,CL 15 × CR 12,,placa 13; sin cruce con CR 13 a ≤ 250 m; intersección,-73.250206,10.474247,,2025-01-08,2025-01-08,,
CALLE 15 #12-25,EQUIPO042,1,C02:1,fotodeteccion_previa:1,direccion,domiciliaria_cuadra,CL 15 × CR 12,,placa 25; sin cruce con CR 13 a ≤ 250 m; intersección,-73.250206,10.474247,,2025-02-17,2025-02-17,,
CARRETERA CARRERA 916B56 VALLEDUPAR,EQUIPO051,1,C02:1,agente:1,gps,sin_punto,CR 916 B,,dirección de tipo via_sola,-73.245638,10.473305,,2024-05-23,2024-05-23,,
CARRETERA CRA 12 CALLE 15 VALLEDUPAR,EQUIPO042,1,C02:1,agente:1,direccion,cruce,CR 12 × CL 15,,intersección,-73.250206,10.474247,94.0,2023-07-14,2023-07-14,,
CARRETERA KRA 12 # 15 17 VALLEDUPAR,EQUIPO042,1,C02:1,agente:1,direccion,domiciliaria,CR 12 × CL 15,,placa 17 m hacia CL 16 (cuadra de 100 m); intersección,-73.250119,10.47412,9.0,2024-04-17,2024-04-17,,
CARRRERA 16 #20B-125,EQUIPO032,1,C02:1,fotodeteccion_previa:1,direccion,domiciliaria,CR 16 × CL 20 B,,placa 125 m hacia CL 21 (cuadra de 244 m); hueco de 11 m,-73.246696,10.46504,,2025-01-31,2025-01-31,,
CARRERA ENTRADA MERCADO PUBLICO VALLEDUPAR DIAG LOCAL A78 VALLEDUPAR,EQUIPO032,1,D05:1,agente:1,gps,sin_punto,,,dirección de tipo referencia,-73.246757,10.465395,,2024-05-25,2024-05-25,,
CALLE 16 #CON 12 VALLEDUPAR,EQUIPO042,1,C31:1,agente:1,gps,sin_punto,CL 16,,dirección de tipo via_sola,-73.249252,10.472527,,2023-07-28,2023-07-28,,
CALLE 16 - 12 - 58 VALLEDUPAR,"EQUIPO041, EQUIPO042",1,C02:1,agente:1,direccion,cruce,CL 16 × CR 12,,intersección,-73.249689,10.473496,109.0,2023-04-13,2023-04-13,,
CALLE 16 #11A-24 VALLEDUPAR,EQUIPO041,1,C02:1,agente:1,direccion,domiciliaria,CL 16 × CR 11 A,,placa 24 m hacia CR 12 (cuadra de 84 m); intersección,-73.249243,10.473816,22.0,2024-03-06,2024-03-06,,
CALLE 16 #11A-29,EQUIPO041,1,C02:1,fotodeteccion_previa:1,direccion,domiciliaria,CL 16 × CR 11 A,,placa 29 m hacia CR 12 (cuadra de 84 m); intersección,-73.24928,10.47379,,2025-02-14,2025-02-14,,
CALLE 16 #12 FRENTE A FONDO DEL AHORRO. VALLEDUPAR,"EQUIPO041, EQUIPO042",1,C02:1,agente:1,direccion,domiciliaria,CL 16 × CR 12,,placa 2 m hacia CR 13 (cuadra de 167 m); intersección,-73.249699,10.473481,98.0,2023-07-25,2023-07-25,,
CALLE 16 #12 FRENTE DE DAVIVIENDA VALLEDUPAR,"EQUIPO041, EQUIPO042",1,C02:1,agente:1,direccion,domiciliaria,CL 16 × CR 12,,placa 2 m hacia CR 13 (cuadra de 167 m); intersección,-73.249699,10.473481,99.0,2023-07-25,2023-07-25,,
CALLE 16 #12-05,"EQUIPO041, EQUIPO042",1,C02:1,fotodeteccion_previa:1,direccion,domiciliaria,CL 16 × CR 12,,placa 5 m hacia CR 13 (cuadra de 167 m); intersección,-73.249714,10.473458,,2024-11-29,2024-11-29,,
CALLE 16 #12-17,"EQUIPO041, EQUIPO042",1,C02:1,fotodeteccion_previa:1,direccion,domiciliaria,CL 16 × CR 12,,placa 17 m hacia CR 13 (cuadra de 167 m); intersección,-73.249773,10.473366,,2025-01-10,2025-01-10,,
CALLE 16 #12-21,EQUIPO041,1,C02:1,fotodeteccion_previa:1,direccion,domiciliaria,CL 16 × CR 12,,placa 21 m hacia CR 13 (cuadra de 167 m); intersección,-73.249793,10.473336,,2024-12-10,2024-12-10,,
CALLE 16 #12-23,EQUIPO041,1,C02:1,fotodeteccion_previa:1,direccion,domiciliaria,CL 16 × CR 12,,placa 23 m hacia CR 13 (cuadra de 167 m); intersección,-73.249803,10.473321,,2024-11-28,2024-11-28,,
CALLE 16 #12-8 VALLEDUPAR,"EQUIPO041, EQUIPO042",1,C02:1,fotodeteccion_previa:1,direccion,domiciliaria,CL 16 × CR 12,,placa 8 m hacia CR 13 (cuadra de 167 m); intersección,-73.249729,10.473435,,2024-09-23,2024-09-23,,
CALLE 16 #13-24,EQUIPO041,1,C02:1,fotodeteccion_previa:1,direccion,domiciliaria,CL 16 × CR 13,,placa 24 m hacia CR 14 (cuadra de 95 m); hueco de 50 m,-73.25073,10.472231,,2024-11-27,2024-11-27,,
CALLE 16 # 129FRENTE A COLPATRIA POR LA GOBERNACION VALLEDUPAR,"EQUIPO041, EQUIPO042",1,D02:1,agente:1,gps,sin_punto,CL 16 × CR 129,,vía no está en la referencia: CR 129,-73.249975,10.473435,,2024-09-18,2024-09-18,,
CL 21 CR 17,EQUIPO031,1,C02:1,fotodeteccion_previa:1,direccion,cruce,CL 21 × CR 17,,intersección,-73.248439,10.463905,,2025-11-12,2025-11-12,,
CL. 15 #12-02,EQUIPO042,1,C02:1,fotodeteccion_previa:1,direccion,domiciliaria_cuadra,CL 15 × CR 12,,placa 2; sin cruce con CR 13 a ≤ 250 m; intersección,-73.250206,10.474247,,2025-02-24,2025-02-24,,
CL. 16 # 12-6,"EQUIPO041, EQUIPO042",1,C02:1,fotodeteccion_previa:1,direccion,domiciliaria,CL 16 × CR 12,,placa 6 m hacia CR 13 (cuadra de 167 m); intersección,-73.249719,10.47345,,2025-02-19,2025-02-19,,
CL. 16 #11A-10,EQUIPO041,1,C02:1,fotodeteccion_previa:1,direccion,domiciliaria,CL 16 × CR 11 A,,placa 10 m hacia CR 12 (cuadra de 84 m); intersección,-73.24914,10.473891,,2025-01-29,2025-01-29,,
CL. 16 #11A-56,EQUIPO041,1,C02:1,fotodeteccion_previa:1,direccion,domiciliaria,CL 16 × CR 11 A,,placa 56 m hacia CR 12 (cuadra de 84 m); intersección,-73.24948,10.473646,,2025-01-22,2025-01-22,,
CALLE 16 #11 -79,EQUIPO041,1,C02:1,fotodeteccion_previa:1,direccion,domiciliaria,CL 16 × CR 11,,placa 79 m hacia CR 12 (cuadra de 164 m); intersección,-73.249039,10.473924,,2024-09-20,2024-09-20,,
CALLE 16 #11-69,EQUIPO041,1,C02:1,fotodeteccion_previa:1,direccion,domiciliaria,CL 16 × CR 11,,placa 69 m hacia CR 12 (cuadra de 164 m); intersección,-73.248963,10.473974,,2024-11-27,2024-11-27,,
CALLE 16 #11-75 FRENTE AL COLEGIO LOPERENA VALLEDUPAR,EQUIPO041,1,C02:1,agente:1,direccion,domiciliaria,CL 16 × CR 11,,placa 75 m hacia CR 12 (cuadra de 164 m); intersección,-73.249009,10.473944,13.0,2024-08-08,2024-08-08,,
CALLE 16 #11-75 POR EL LOPERENA VALLEDUPAR,EQUIPO041,1,C02:1,agente:1,direccion,domiciliaria,CL 16 × CR 11,,placa 75 m hacia CR 12 (cuadra de 164 m); intersección,-73.249009,10.473944,8.0,2024-06-07,2024-06-07,,
CALLE 16 # 12 - 05,"EQUIPO041, EQUIPO042",1,C02:1,fotodeteccion_previa:1,direccion,domiciliaria,CL 16 × CR 12,,placa 5 m hacia CR 13 (cuadra de 167 m); intersección,-73.249714,10.473458,,2024-09-18,2024-09-18,,
CL. 17 #9-42,EQUIPO052,1,C02:1,fotodeteccion_previa:1,direccion,domiciliaria,CL 17 × CR 9,,placa 42 m hacia CR 10 (cuadra de 130 m); intersección,-73.245778,10.472886,,2025-02-05,2025-02-05,,
CL. 17 #9-60,EQUIPO052,1,C02:1,fotodeteccion_previa:1,direccion,domiciliaria,CL 17 × CR 9,,placa 60 m hacia CR 10 (cuadra de 130 m); intersección,-73.245915,10.472796,,2025-02-05,2025-02-05,,
CL. 21 #15-53,EQUIPO031,1,C02:1,fotodeteccion_previa:1,direccion,cruce_aproximado,CL 21 × CR 15,,2 cruces a 106 m: se toma el centro,-73.246668,10.464053,,2024-09-24,2024-09-24,,
CLLE 17 CRA 8,EQUIPO052,1,C02:1,fotodeteccion_previa:1,direccion,cruce,CL 17 × CR 8,,intersección,-73.244878,10.473465,,2024-04-15,2024-04-15,,
CR 9 CALLE 18,EQUIPO051,1,C02:1,fotodeteccion_previa:1,direccion,cruce,CR 9 × CL 18,,intersección,-73.244929,10.472415,,2025-03-03,2025-03-03,,
CRA 12 CLLE 15,EQUIPO042,1,C02:1,fotodeteccion_previa:1,direccion,cruce,CR 12 × CL 15,,intersección,-73.250206,10.474247,,2024-04-18,2024-04-18,,
CRA 12 CLLE 16,"EQUIPO041, EQUIPO042",1,C02:1,fotodeteccion_previa:1,direccion,cruce,CR 12 × CL 16,,intersección,-73.249689,10.473496,,2024-04-17,2024-04-17,,
CRA 12 CON CALLE 16,"EQUIPO041, EQUIPO042",1,C02:1,fotodeteccion_previa:1,direccion,cruce,CR 12 × CL 16,,intersección,-73.249689,10.473496,,2025-03-18,2025-03-18,,
CALLE 16 #11111AQA DE VALLEDUPAR,EQUIPO051,1,C02:1,agente:1,gps,sin_punto,CL 16,,dirección de tipo via_sola,-73.24605,10.47353,,2024-05-30,2024-05-30,,
CALLE 16 #114 BBVA VALLEDUPAR,EQUIPO041,1,C02:1,agente:1,gps,sin_punto,CL 16 × CR 114,,vía no está en la referencia: CR 114,-73.248803,10.47416,,2023-11-01,2023-11-01,,
CALLE 16 #114 FRENTE COLEGIO LOPERENA VALLEDUPAR,EQUIPO041,1,C02:1,agente:1,gps,sin_punto,CL 16 × CR 114,,vía no está en la referencia: CR 114,-73.248783,10.474055,,2025-04-08,2025-04-08,,
CRA. 16 #20B-133,EQUIPO032,1,C02:1,fotodeteccion_previa:1,direccion,domiciliaria,CR 16 × CL 20 B,,placa 133 m hacia CL 21 (cuadra de 244 m); hueco de 11 m,-73.246716,10.464971,,2025-01-22,2025-01-22,,
CRA. 16 #21 -32,EQUIPO032,1,C02:1,fotodeteccion_previa:1,direccion,domiciliaria,CR 16 × CL 21,,placa 32 m hacia CL 22 (cuadra de 126 m); intersección,-73.246973,10.463718,,2025-01-18,2025-01-18,,
CRA 16 CLL 21,"EQUIPO031, EQUIPO032",1,C02:1,fotodeteccion_previa:1,direccion,cruce,CR 16 × CL 21,,intersección,-73.246992,10.464007,,2024-04-17,2024-04-17,,
CRA 16 CLLE 21,"EQUIPO031, EQUIPO032",1,C02:1,fotodeteccion_previa:1,direccion,cruce,CR 16 × CL 21,,intersección,-73.246992,10.464007,,2024-04-17,2024-04-17,,
CRA 8 CON CALLE 17,EQUIPO052,1,C02:1,fotodeteccion_previa:1,direccion,cruce,CR 8 × CL 17,,intersección,-73.244878,10.473465,,2025-03-06,2025-03-06,,
CRA. 12 # 15-15,EQUIPO042,1,C02:1,fotodeteccion_previa:1,direccion,domiciliaria,CR 12 × CL 15,,placa 15 m hacia CL 16 (cuadra de 100 m); intersección,-73.250129,10.474135,,2025-02-24,2025-02-24,,
CRA. 12 #15-1,EQUIPO042,1,C02:1,fotodeteccion_previa:1,direccion,domiciliaria,CR 12 × CL 15,,placa 1 m hacia CL 16 (cuadra de 100 m); intersección,-73.250201,10.474239,,2025-01-23,2025-01-23,,
CRA. 12 #15-19,EQUIPO042,1,C02:1,fotodeteccion_previa:1,direccion,domiciliaria,CR 12 × CL 15,,placa 19 m hacia CL 16 (cuadra de 100 m); intersección,-73.250108,10.474105,,2025-01-22,2025-01-22,,
CRA. 12 #15-20,EQUIPO042,1,C02:1,fotodeteccion_previa:1,direccion,domiciliaria,CR 12 × CL 15,,placa 20 m hacia CL 16 (cuadra de 100 m); intersección,-73.250103,10.474097,,2024-09-27,2024-09-27,,
CRA. 12 #15-32,EQUIPO042,1,C02:1,fotodeteccion_previa:1,direccion,domiciliaria,CR 12 × CL 15,,placa 32 m hacia CL 16 (cuadra de 100 m); intersección,-73.250042,10.474008,,2025-02-05,2025-02-05,,
CL. 17 #9-20,EQUIPO052,1,C02:1,fotodeteccion_previa:1,direccion,domiciliaria,CL 17 × CR 9,,placa 20 m hacia CR 10 (cuadra de 130 m); intersección,-73.24561,10.472996,,2024-09-25,2024-09-25,,
CALLE 16 # 12A - 42 AFUERA DEL BANCO DAVIVIENDA VALLEDUPAR,EQUIPO041,1,D02:1,agente:1,direccion,domiciliaria,CL 16 × CR 12 A,,placa 42 m hacia CR 13 (cuadra de 126 m); hueco de 19 m,-73.250197,10.472924,65.0,2024-11-19,2024-11-19,,
CALLE 16 # 12B1 AFUERITAS DE DAVIVIENDA VALLEDUPAR,EQUIPO041,1,C02:1,agente:1,gps,sin_punto,CL 16 × CR 12 B,,vía no está en la referencia: CR 12 B,-73.250365,10.47271,,2023-06-05,2023-06-05,,
CALLE 16 # 12B1 DAVIVIENDA VALLEDUPAR,EQUIPO041,1,C02:1,agente:1,gps,sin_punto,CL 16 × CR 12 B,,vía no está en la referencia: CR 12 B,-73.250347,10.472433,,2024-11-26,2024-11-26,,
CALLE 16 # 12B1POR DAVIVIENDA VALLEDUPAR,EQUIPO041,1,C02:1,agente:1,gps,sin_punto,CL 16 × CR 12 B,,vía no está en la referencia: CR 12 B,-73.250303,10.472517,,2024-09-20,2024-09-20,,
CALLE 16 # 12BPOR LA VIVIENDA VALLEDUPAR,"EQUIPO041, EQUIPO042",1,C02:1,agente:1,direccion,domiciliaria,CL 16 × CR 12,,placa 2 m hacia CR 13 (cuadra de 167 m); intersección,-73.249699,10.473481,146.0,2024-06-11,2024-06-11,,
CALLE 16 # 12--67 VALLEDUPAR,"EQUIPO041, EQUIPO042",1,C02:1,agente:1,direccion,domiciliaria,CL 16 × CR 12,,placa 2 m hacia CR 13 (cuadra de 167 m); intersección,-73.249699,10.473481,96.0,2023-07-25,2023-07-25,,
CALLE 16 # 12-18 VALLEDUPAR,"EQUIPO041, EQUIPO042",1,C02:1,agente:1,direccion,domiciliaria,CL 16 × CR 12,,placa 18 m hacia CR 13 (cuadra de 167 m); intersección,-73.249778,10.473359,111.0,2023-07-13,2023-07-13,,
CALLE 16 # 12-20 FRENTE A LA GOB VALLEDUPAR,EQUIPO041,1,C02:1,agente:1,direccion,domiciliaria,CL 16 × CR 12,,placa 20 m hacia CR 13 (cuadra de 167 m); intersección,-73.249788,10.473344,59.0,2024-02-29,2024-02-29,,
CALLE 16 # 12-20COLPATRIA VALLEDUPAR,EQUIPO041,1,C02:1,agente:1,direccion,domiciliaria,CL 16 × CR 12,,placa 20 m hacia CR 13 (cuadra de 167 m); intersección,-73.249788,10.473344,31.0,2024-05-22,2024-05-22,,
CALLE 16 # 12-20FRENTE AL LOPERENA VALLEDUPAR,EQUIPO041,1,C02:1,agente:1,direccion,domiciliaria,CL 16 × CR 12,,placa 20 m hacia CR 13 (cuadra de 167 m); intersección,-73.249788,10.473344,42.0,2024-05-22,2024-05-22,,
CALLE 16 # 12-20FRENTE COLPATRIA VALLEDUPAR,EQUIPO041,1,C02:1,agente:1,direccion,domiciliaria,CL 16 × CR 12,,placa 20 m hacia CR 13 (cuadra de 167 m); intersección,-73.249788,10.473344,28.0,2024-04-22,2024-04-22,,
CALLE 16 # 12-PLAZOLETA DE LA GOBERNACION VALLEDUPAR,"EQUIPO041, EQUIPO042",1,C02:1,agente:1,direccion,domiciliaria,CL 16 × CR 12,,placa 2 m hacia CR 13 (cuadra de 167 m); intersección,-73.249699,10.473481,61.0,2023-07-28,2023-07-28,,
CALLE 16 # 129 VALLEDUPAR,EQUIPO041,1,C02:1,agente:1,gps,sin_punto,CL 16 × CR 129,,vía no está en la referencia: CR 129,-73.250138,10.47289,,2023-06-01,2023-06-01,,
DIAGONAL 21 # LOS CACIQUES VALLEDUPAR,EQUIPO021,1,C02:1,agente:1,gps,sin_punto,DG 21,,dirección de tipo via_sola,-73.254672,10.460137,,2025-09-16,2025-09-16,,
CRA. 12 #16-34,"EQUIPO041, EQUIPO042",1,C02:1,fotodeteccion_previa:1,direccion,domiciliaria_cuadra,CR 12 × CL 16,,placa 34; sin cruce con CL 17 a ≤ 250 m; intersección,-73.249689,10.473496,,2025-01-22,2025-01-22,,
CRA. 12 #16-52,"EQUIPO041, EQUIPO042",1,C02:1,fotodeteccion_previa:1,direccion,domiciliaria_cuadra,CR 12 × CL 16,,placa 52; sin cruce con CL 17 a ≤ 250 m; intersección,-73.249689,10.473496,,2024-10-10,2024-10-10,,
CRA. 12 #16-8,"EQUIPO041, EQUIPO042",1,C02:1,fotodeteccion_previa:1,direccion,domiciliaria_cuadra,CR 12 × CL 16,,placa 8; sin cruce con CL 17 a ≤ 250 m; intersección,-73.249689,10.473496,,2024-09-27,2024-09-27,,
CRA. 12 #16A - 41,EQUIPO042,1,C02:1,fotodeteccion_previa:1,direccion,domiciliaria,CR 12 × CL 16 A,,placa 41 m hacia CL 17 (cuadra de 174 m); intersección,-73.248895,10.472291,,2025-01-29,2025-01-29,,
CRA. 16 # 21-67,EQUIPO032,1,C02:1,fotodeteccion_previa:1,direccion,domiciliaria,CR 16 × CL 21,,placa 67 m hacia CL 22 (cuadra de 126 m); intersección,-73.246953,10.463402,,2025-02-18,2025-02-18,,
CRA. 16 #20B- 133,EQUIPO032,1,C02:1,fotodeteccion_previa:1,direccion,domiciliaria,CR 16 × CL 20 B,,placa 133 m hacia CL 21 (cuadra de 244 m); hueco de 11 m,-73.246716,10.464971,,2025-01-22,2025-01-22,,
CRA. 16 #20B- 185,EQUIPO032,1,C02:1,fotodeteccion_previa:1,direccion,domiciliaria,CR 16 × CL 20 B,,placa 185 m hacia CL 21 (cuadra de 244 m); hueco de 11 m,-73.246845,10.464518,,2025-01-22,2025-01-22,,
CALLE 15 # 12 DE TRAS DE GOBERNACION VALLEDUPAR,EQUIPO042,1,C02:1,agente:1,direccion,domiciliaria_cuadra,CL 15 × CR 12,,placa 2; sin cruce con CR 13 a ≤ 250 m; intersección,-73.250206,10.474247,101.0,2024-04-01,2024-04-01,,
CALLE 15 # 12 ESQUINA VALLEDUPAR,EQUIPO042,1,C02:1,agente:1,direccion,domiciliaria_cuadra,CL 15 × CR 12,,placa 2; sin cruce con CR 13 a ≤ 250 m; intersección,-73.250206,10.474247,741.0,2024-10-22,2024-10-22,,
CALLE 15 # 12-02,EQUIPO042,1,C02:1,fotodeteccion_previa:1,direccion,domiciliaria_cuadra,CL 15 × CR 12,,placa 2; sin cruce con CR 13 a ≤ 250 m; intersección,-73.250206,10.474247,,2024-09-18,2024-09-18,,
CRA. 8 # 17-01,EQUIPO052,1,C02:1,fotodeteccion_previa:1,direccion,domiciliaria,CR 8 × CL 17,,placa 1 m hacia CL 18 (cuadra de 90 m); intersección,-73.244873,10.473458,,2025-02-18,2025-02-18,,
CRA. 8 #17-1,EQUIPO052,1,C02:1,fotodeteccion_previa:1,direccion,domiciliaria,CR 8 × CL 17,,placa 1 m hacia CL 18 (cuadra de 90 m); intersección,-73.244873,10.473458,,2025-01-20,2025-01-20,,
CRA. 9 # 16B-37,EQUIPO051,1,C02:1,fotodeteccion_previa:1,direccion,domiciliaria,CR 9 × CL 16 B,,placa 37 m hacia CL 17 (cuadra de 113 m); intersección,-73.245901,10.473625,,2025-02-24,2025-02-24,,
CRA. 9 # 16B-72,EQUIPO051,1,C02:1,fotodeteccion_previa:1,direccion,domiciliaria,CR 9 × CL 16 B,,placa 72 m hacia CL 17 (cuadra de 113 m); intersección,-73.245696,10.473381,,2025-02-22,2025-02-22,,
CRA. 9 # 17-33,EQUIPO051,1,C02:1,fotodeteccion_previa:1,direccion,domiciliaria,CR 9 × CL 17,,placa 33 m hacia CL 18 (cuadra de 95 m); intersección,-73.245274,10.47286,,2025-02-19,2025-02-19,,
CRA. 9 #17-12,EQUIPO051,1,C02:1,fotodeteccion_previa:1,direccion,domiciliaria,CR 9 × CL 17,,placa 12 m hacia CL 18 (cuadra de 95 m); intersección,-73.245391,10.473011,,2025-01-29,2025-01-29,,
CRA. 9 #17-61,EQUIPO051,1,C02:1,fotodeteccion_previa:1,direccion,domiciliaria,CR 9 × CL 17,,placa 61 m hacia CL 18 (cuadra de 95 m); intersección,-73.245118,10.472659,,2025-01-22,2025-01-22,,
CRA. 9 #17-70,EQUIPO051,1,C02:1,fotodeteccion_previa:1,direccion,domiciliaria,CR 9 × CL 17,,placa 70 m hacia CL 18 (cuadra de 95 m); intersección,-73.245068,10.472594,,2024-09-19,2024-09-19,,
CRA. 9 #18-03,EQUIPO051,1,C02:1,fotodeteccion_previa:1,direccion,domiciliaria,CR 9 × CL 18,,placa 3 m hacia CL 19 (cuadra de 106 m); intersección,-73.244912,10.472393,,2024-12-06,2024-12-06,,
CRA. 12 #15-56,EQUIPO042,1,C02:1,fotodeteccion_previa:1,direccion,domiciliaria,CR 12 × CL 15,,placa 56 m hacia CL 16 (cuadra de 100 m); intersección,-73.249918,10.473828,,2025-01-22,2025-01-22,,
CALLE 16 # 12 Y 13 ALADO DE AUDIFARMA VALLEDUPAR,"EQUIPO041, EQUIPO042",1,C02:1,agente:1,direccion,domiciliaria,CL 16 × CR 12,,placa 13 m hacia CR 13 (cuadra de 167 m); intersección,-73.249754,10.473397,83.0,2023-05-29,2023-05-29,,
CALLE 16 # 12- DAVIVIENDA VALLEDUPAR,"EQUIPO041, EQUIPO042",1,C02:1,agente:1,direccion,domiciliaria,CL 16 × CR 12,,placa 2 m hacia CR 13 (cuadra de 167 m); intersección,-73.249699,10.473481,111.0,2024-02-29,2024-02-29,,
CALLE 16 # 12-#20 POR EL COLEGIO LOPERENA VALLEDUPAR,"EQUIPO041, EQUIPO042",1,C02:1,agente:1,direccion,domiciliaria,CL 16 × CR 12,,placa 2 m hacia CR 13 (cuadra de 167 m); intersección,-73.249699,10.473481,26.0,2024-05-22,2024-05-22,,
¿CARRERA 16 21-49,EQUIPO032,1,D02:1,fotodeteccion_previa:1,direccion,domiciliaria,CR 16 × CL 21,,placa 49 m hacia CL 22 (cuadra de 126 m); intersección,-73.246964,10.463565,,2024-05-16,2024-05-16,,
CALLE 15 # 12-120DETRAS DE LA GOBERNACION VALLEDUPAR,EQUIPO042,1,D07:1,agente:1,direccion,domiciliaria_cuadra,CL 15 × CR 12,,placa 120; sin cruce con CR 13 a ≤ 250 m; intersección,-73.250206,10.474247,179.0,2025-05-23,2025-05-23,,
CALLE 15 # 12-120FRENTE COLPATRIA VALLEDUPAR,EQUIPO042,1,C02:1,agente:1,direccion,domiciliaria_cuadra,CL 15 × CR 12,,placa 120; sin cruce con CR 13 a ≤ 250 m; intersección,-73.250206,10.474247,24.0,2025-05-22,2025-05-22,,
CALLE 15 # 12-23,EQUIPO042,1,C02:1,fotodeteccion_previa:1,direccion,domiciliaria_cuadra,CL 15 × CR 12,,placa 23; sin cruce con CR 13 a ≤ 250 m; intersección,-73.250206,10.474247,,2025-02-24,2025-02-24,,
CALLE 15 # 12-26,EQUIPO042,1,C02:1,fotodeteccion_previa:1,direccion,domiciliaria_cuadra,CL 15 × CR 12,,placa 26; sin cruce con CR 13 a ≤ 250 m; intersección,-73.250206,10.474247,,2025-02-07,2025-02-07,,
CALLE 15 # 12-29NOTARIA 3 VALLEDUPAR,EQUIPO042,1,C24:1,agente:1,direccion,domiciliaria_cuadra,CL 15 × CR 12,,placa 29; sin cruce con CR 13 a ≤ 250 m; intersección,-73.250206,10.474247,,2026-05-07,2026-05-07,,
CALLE 15 # 12-29NOTARIATERCERA VALLEDUPAR,EQUIPO042,1,C31:1,agente:1,direccion,domiciliaria_cuadra,CL 15 × CR 12,,placa 29; sin cruce con CR 13 a ≤ 250 m; intersección,-73.250206,10.474247,35.0,2023-05-30,2023-05-30,,
DIAGONAL 21 # 19 - 18 AVENIDA FUNDACION VALLEDUPAR,"EQUIPO021, EQUIPO022",1,C02:1,agente:1,direccion,domiciliaria,DG 21 × CR 19,,placa 18 m hacia CR 20 (cuadra de 104 m); intersección,-73.253977,10.46155,21.0,2025-08-05,2025-08-05,,
DIAGONAL 21 # 19 - 27 VALLEDUPAR,"EQUIPO021, EQUIPO022",1,C14:1,agente:1,direccion,domiciliaria,DG 21 × CR 19,,placa 27 m hacia CR 20 (cuadra de 104 m); intersección,-73.254012,10.461477,6.0,2024-09-13,2024-09-13,,
DIAGONAL 21 # 19 - 91 LOS MANGUITOS VALLEDUPAR,EQUIPO021,1,D04:1,agente:1,direccion,domiciliaria,DG 21 × CR 19,,placa 91 m hacia CR 20 (cuadra de 104 m); intersección,-73.254259,10.460952,,2025-04-23,2025-04-23,,
DIAGONAL 21 # 19 - 91 SEMAFORO DE LOS MANGUITOS VALLEDUPAR,EQUIPO021,1,D01:1,agente:1,direccion,domiciliaria,DG 21 × CR 19,,placa 91 m hacia CR 20 (cuadra de 104 m); intersección,-73.254259,10.460952,75.0,2025-09-04,2025-09-04,,
DIAGONAL 21 # 19 - 91 SEMAFORO LOS MANGUITOS PLAN CENTELLA VALLEDUPAR,EQUIPO021,1,C32:1,agente:1,direccion,domiciliaria,DG 21 × CR 19,,placa 91 m hacia CR 20 (cuadra de 104 m); intersección,-73.254259,10.460952,115.0,2025-04-21,2025-04-21,,
CRA9 # 16B-56,EQUIPO051,1,C02:1,fotodeteccion_previa:1,direccion,domiciliaria,CR 9 × CL 16 B,,placa 56 m hacia CL 17 (cuadra de 113 m); intersección,-73.24579,10.473493,,2025-01-18,2025-01-18,,
DIAGONAL 21 13-37 LOPERENA VALLEDUPAR,EQUIPO041,1,C02:1,fotodeteccion_previa:1,direccion,domiciliaria,DG 21 × CR 13,,placa 37 m hacia CR 14 (cuadra de 121 m); intersección,-73.250588,10.472294,,2024-08-05,2024-08-05,,
DIAGONAL 21 13-48,EQUIPO041,1,C02:1,fotodeteccion_previa:1,direccion,domiciliaria,DG 21 × CR 13,,placa 48 m hacia CR 14 (cuadra de 121 m); intersección,-73.250624,10.472202,,2024-06-18,2024-06-18,,
DIAGONAL 21 CON CARRERA 19D VALLEDUPAR,EQUIPO042,1,C02:1,agente:1,gps,sin_punto,DG 21 × CR 19 D,,no se cruzan (más cerca: 548 m),-73.248847,10.472635,,2024-12-13,2024-12-13,,
CALLE KRRA 25 Y 16 VALLEDUPAR,EQUIPO042,1,C02:1,agente:1,gps,sin_punto,,,dirección de tipo no_interpretable,-73.250085,10.474035,,2024-09-17,2024-09-17,,
CALLE KRRA 9A VALLEDUPAR,EQUIPO052,1,C02:1,agente:1,gps,sin_punto,,,dirección de tipo no_interpretable,-73.245678,10.472928,,2023-06-01,2023-06-01,,
CALLE NO 12-83 VALLEDUPAR,EQUIPO041,1,C35:1,agente:1,gps,sin_punto,,,dirección de tipo no_interpretable,-73.250317,10.472678,,2024-09-12,2024-09-12,,
CALLE16 #12-8,"EQUIPO041, EQUIPO042",1,C02:1,fotodeteccion_previa:1,direccion,domiciliaria,CL 16 × CR 12,,placa 8 m hacia CR 13 (cuadra de 167 m); intersección,-73.249729,10.473435,,2025-01-22,2025-01-22,,
CARRERA #15- 20 3 VALLEDUPAR,EQUIPO042,1,D02:1,agente:1,gps,sin_punto,,,dirección de tipo no_interpretable,-73.250128,10.474122,,2024-06-21,2024-06-21,,
CARRERA 11 # 152 VALLEDUPAR,EQUIPO041,1,C02:1,agente:1,gps,sin_punto,CR 11 × CL 152,,vía no está en la referencia: CL 152,-73.249083,10.474023,,2024-08-08,2024-08-08,,
CARRERA 11 VALLEDUPAR,EQUIPO052,1,C02:1,agente:1,gps,sin_punto,CR 11,,dirección de tipo via_sola,-73.245168,10.473233,,2024-04-03,2024-04-03,,
CARRERA 11A # 15110 VALLEDUPAR,EQUIPO041,1,C02:1,agente:1,gps,sin_punto,CR 11 A,,dirección de tipo via_sola,-73.249148,10.474095,,2023-05-24,2023-05-24,,
DIAGONAL 21 # 19-24 VALLEDUPAR,"EQUIPO021, EQUIPO022",1,D05:1,agente:1,direccion,domiciliaria,DG 21 × CR 19,,placa 24 m hacia CR 20 (cuadra de 104 m); intersección,-73.254,10.461501,1543.0,2023-03-08,2023-03-08,,
DIAGONAL 21 # 19-37 SEMAFORO LOS MANGUITOS VALLEDUPAR,"EQUIPO021, EQUIPO022",1,D05:1,agente:1,direccion,domiciliaria,DG 21 × CR 19,,placa 37 m hacia CR 20 (cuadra de 104 m); intersección,-73.254051,10.461395,2287.0,2025-01-17,2025-01-17,,
DIAGONAL 21 # 19-43 SEMAFO DE LOS MANGUITOS VALLEDUPAR,"EQUIPO021, EQUIPO022",1,D05:1,agente:1,direccion,domiciliaria,DG 21 × CR 19,,placa 43 m hacia CR 20 (cuadra de 104 m); intersección,-73.254074,10.461345,2278.0,2024-11-07,2024-11-07,,
TRANSVERSAL 18 B FRENTE A LA OLIMPICA DE LA CEIBA VALLEDUPAR,"EQUIPO021, EQUIPO022",1,C02:1,agente:1,gps,sin_punto,TV 18 B,,dirección de tipo via_sola,-73.2537,10.462325,,2024-05-20,2024-05-20,,
¿CALLE 16 11A-46,EQUIPO041,1,C02:1,fotodeteccion_previa:1,direccion,domiciliaria,CL 16 × CR 11 A,,placa 46 m hacia CR 12 (cuadra de 84 m); intersección,-73.249406,10.473699,,2024-04-02,2024-04-02,,
¿CALLE 17 8-20,EQUIPO052,1,C35:1,fotodeteccion_previa:1,direccion,domiciliaria,CL 17 × CR 8,,placa 20 m hacia CR 9 (cuadra de 75 m); intersección,-73.245032,10.473367,,2024-07-16,2024-07-16,,
¿CARRERA 12 16-20,"EQUIPO041, EQUIPO042",1,C02:1,fotodeteccion_previa:1,direccion,domiciliaria_cuadra,CR 12 × CL 16,,placa 20; sin cruce con CL 17 a ≤ 250 m; intersección,-73.249689,10.473496,,2024-04-02,2024-04-02,,
¿CARRERA 12 16-96,"EQUIPO041, EQUIPO042",1,D02:1,fotodeteccion_previa:1,direccion,domiciliaria_cuadra,CR 12 × CL 16,,placa 96; sin cruce con CL 17 a ≤ 250 m; intersección,-73.249689,10.473496,,2024-06-07,2024-06-07,,
